fold,date,actual_bdi_hsi,level_bdi_hsi,pred_bdi_hsi_persistence,pred_bdi_hsi_ridge,pred_bdi_hsi_xgboost,pred_bdi_hsi_lstm,pred_bdi_hsi_ensemble,actual_bdi_si,level_bdi_si,pred_bdi_si_persistence,pred_bdi_si_ridge,pred_bdi_si_xgboost,pred_bdi_si_lstm,pred_bdi_si_ensemble,actual_bdi_pi,level_bdi_pi,pred_bdi_pi_persistence,pred_bdi_pi_ridge,pred_bdi_pi_xgboost,pred_bdi_pi_lstm,pred_bdi_pi_ensemble,actual_bdi_ci,level_bdi_ci,pred_bdi_ci_persistence,pred_bdi_ci_ridge,pred_bdi_ci_xgboost,pred_bdi_ci_lstm,pred_bdi_ci_ensemble
1,2015-07-30,423.0,422.0,422.0,423.33112601231284,421.05295,439.34894,422.1920370051798,892.0,898.0,898.0,892.2382063782536,896.36066,866.2574,894.2994315582674,1023.0,1044.0,1044.0,1034.741822521722,1027.1449,958.16516,1030.9433599913298,2209.0,2116.0,2116.0,2051.814020161136,2155.0193,1859.764,2103.4166536352554
1,2015-07-31,424.0,423.0,423.0,426.0026107355167,424.62085,445.75125,425.3117301724459,899.0,892.0,892.0,889.6756092453354,888.2555,862.50604,888.965551204699,1006.0,1023.0,1023.0,1018.870887822286,1010.71924,951.56146,1014.795063051768,2308.0,2209.0,2209.0,2183.295468607519,2265.2083,2041.9161,2224.251860280322
1,2015-08-03,425.0,424.0,424.0,428.23346905111333,424.96964,452.59845,426.6015520304395,900.0,899.0,899.0,901.6004191268997,905.6917,874.55475,903.6460652763406,1001.0,1006.0,1006.0,1007.6435803117089,996.91974,950.6387,1002.28165954062,2512.0,2308.0,2308.0,2261.353126351263,2443.5876,2205.2874,2352.470386417819
1,2015-08-04,427.0,425.0,425.0,427.93882462176947,426.5219,456.80774,427.23036812143164,899.0,900.0,900.0,906.4149172018323,899.39954,872.41003,902.9072266673224,1005.0,1001.0,1001.0,1001.14061474304,991.2383,960.3731,996.18944799652,2604.0,2512.0,2512.0,2521.000540269759,2608.3213,2458.311,2564.6609146661294
1,2015-08-05,432.0,427.0,427.0,432.10392151609045,431.7079,452.65765,431.90590362913895,901.0,899.0,899.0,897.660094373062,900.4069,871.7182,899.0335078798903,1013.0,1005.0,1005.0,1022.5064323094065,1011.8865,971.6445,1017.1964534593908,2514.0,2604.0,2604.0,2539.1756573040366,2679.6956,2553.3518,2609.435606972331
1,2015-08-06,438.0,432.0,432.0,438.8426637394692,433.88644,448.6443,436.364553915633,904.0,901.0,901.0,903.6707033521898,901.32465,878.8884,902.4976746741418,1021.0,1013.0,1013.0,1030.007372362224,1017.7735,975.1687,1023.8904354486901,2512.0,2514.0,2514.0,2358.912046878913,2483.4785,2454.2422,2421.1952812519567
1,2015-08-07,443.0,438.0,438.0,445.2199576068619,442.67346,450.6993,443.9467097604622,904.0,904.0,904.0,908.520773280376,908.3059,890.19226,908.4133407417505,1028.0,1021.0,1021.0,1035.9569439024815,1035.3564,992.68555,1035.6566946074909,2499.0,2512.0,2512.0,2440.072902090434,2512.9192,2475.7239,2476.49604577178
1,2015-08-10,446.0,443.0,443.0,449.8529200166594,448.53882,450.76587,449.19586918801724,901.0,904.0,904.0,903.5716338349017,906.7349,887.8361,905.1532790756539,1043.0,1028.0,1028.0,1042.9701804756191,1044.6178,994.93884,1043.7939891635908,2367.0,2499.0,2499.0,2396.420365747963,2476.0564,2450.0474,2436.238381116169
1,2015-08-11,447.0,446.0,446.0,451.3930712690358,449.42496,443.75775,450.4090142722132,900.0,901.0,901.0,900.2391310438301,900.33466,874.04034,900.2868934027745,1053.0,1043.0,1043.0,1063.0856436727724,1061.1189,1000.22473,1062.1022700785738,2107.0,2367.0,2367.0,2189.509103084409,2389.3643,2286.4014,2289.4366804484544
1,2015-08-12,448.0,447.0,447.0,451.4145713428714,447.1661,435.13492,449.29033926030286,899.0,900.0,900.0,898.4612305495122,899.77356,864.5155,899.1173950599123,1054.0,1053.0,1053.0,1060.8316939310546,1067.9106,1000.0061,1064.3711692311522,1875.0,2107.0,2107.0,1906.012606680604,2078.8289,1970.7804,1992.4207320512396
1,2015-08-13,449.0,448.0,448.0,451.69203747768296,447.13214,433.39807,449.41208929548213,901.0,899.0,899.0,898.7942565007316,898.8653,864.98486,898.8297759554439,1057.0,1054.0,1054.0,1052.675108481437,1051.5109,997.69806,1052.0929863696247,1884.0,1875.0,1875.0,1746.344420200579,1834.3185,1637.353,1790.3314508229457
1,2015-08-14,449.0,449.0,449.0,452.1164601570585,447.19357,440.8963,449.6550165775527,905.0,901.0,901.0,904.4581061541949,899.50073,875.6334,901.9794192880349,1057.0,1057.0,1057.0,1065.498736803888,1067.4154,1018.53265,1066.457071038663,1913.0,1884.0,1884.0,1904.9881616253629,1898.9446,1796.7241,1901.966370851744
1,2015-08-17,449.0,449.0,449.0,450.33066297436744,447.3726,447.0561,448.8516260428478,908.0,905.0,905.0,907.6628241749812,907.57965,888.06396,907.6212375269438,1052.0,1057.0,1057.0,1063.5645018640844,1052.0372,1024.7502,1057.8008666546984,1838.0,1913.0,1913.0,1902.4385117653594,1940.8436,1908.7946,1921.6410698475233
1,2015-08-18,453.0,449.0,449.0,450.9499177582443,446.47964,448.07764,448.71478126681745,915.0,908.0,908.0,908.483252986341,908.96796,895.70624,908.7256047646549,1049.0,1052.0,1052.0,1055.0696304029118,1040.3269,1013.11237,1047.6982673498933,1773.0,1838.0,1838.0,1762.685494377893,1798.2891,1727.7897,1780.4872784389465
1,2015-08-19,460.0,453.0,453.0,457.2766093592435,454.76492,453.94858,456.0207662274733,920.0,915.0,915.0,918.2080391157107,926.66534,914.8714,922.4366916769959,1052.0,1049.0,1049.0,1053.8589119183605,1042.7184,1004.17505,1048.2886478537116,1679.0,1773.0,1773.0,1720.053912948888,1755.2758,1583.876,1737.6648348924127
1,2015-08-20,464.0,460.0,460.0,465.321008622602,463.85898,460.50793,464.5899934470432,924.0,920.0,920.0,923.0998743394795,923.9738,928.58044,923.536845128724,1054.0,1052.0,1052.0,1060.1807834599279,1051.616,1009.25104,1055.8983751284013,1559.0,1679.0,1679.0,1603.1677733095273,1635.2122,1401.6936,1619.1899657563263
1,2015-08-21,469.0,464.0,464.0,467.266117690993,467.75903,461.82462,467.512575447059,930.0,924.0,924.0,927.279783888731,925.94507,923.4348,926.612426124053,1052.0,1054.0,1054.0,1050.8742713560466,1055.1287,1002.1507,1053.001466732711,1403.0,1559.0,1559.0,1458.883046932735,1523.7412,1219.3992,1491.3121289351175
1,2015-08-24,473.0,469.0,469.0,473.97045217979706,473.1842,463.2025,473.5773281406798,933.0,930.0,930.0,930.4552458632234,934.5835,929.68445,932.5193709784867,1047.0,1052.0,1052.0,1053.9403689943447,1042.3643,1001.2949,1048.1523134034223,1248.0,1403.0,1403.0,1297.6987224046857,1332.9004,1069.502,1315.2995565148428
1,2015-08-25,477.0,473.0,473.0,478.2990092567752,475.83813,463.3566,477.0685720112001,934.0,933.0,933.0,930.5095129541492,935.07587,929.49347,932.792689826684,1031.0,1047.0,1047.0,1042.7691275015152,1040.8937,999.1243,1041.8314021296637,1089.0,1248.0,1248.0,1160.9876834354845,1176.9652,947.50433,1168.976446698211
1,2015-08-26,479.0,477.0,477.0,481.15490476682044,479.16364,465.8315,480.15927001036334,933.0,934.0,934.0,929.619164942644,938.24243,926.9369,933.9307982916346,1000.0,1031.0,1031.0,1017.3961803367351,1016.8848,979.26306,1017.1405034984457,1051.0,1089.0,1089.0,977.825934838799,1014.76575,843.5653,996.2958409545557
1,2015-08-27,480.0,479.0,479.0,480.8984023433257,479.2496,469.50992,480.074002807405,931.0,933.0,933.0,925.7017857922045,932.842,927.34216,929.2718828863367,974.0,1000.0,1000.0,976.6798463153524,972.3925,955.3816,974.536181702598,1071.0,1051.0,1051.0,1040.792048296827,991.1057,794.50385,1015.948880593726
1,2015-08-28,480.0,480.0,480.0,480.6398003344474,481.00003,472.34558,480.81991542601276,925.0,931.0,931.0,923.6249715755341,927.4964,925.92914,925.5606852506577,949.0,974.0,974.0,962.554682881237,947.27045,936.3247,954.9125648292904,1176.0,1071.0,1071.0,1082.6813874372572,1025.5834,799.28204,1054.1323807303474
1,2015-09-01,481.0,480.0,480.0,478.8122712575433,482.09653,474.22165,480.4543991785763,912.0,925.0,925.0,915.6640419541708,923.9984,916.1399,919.8312275200542,912.0,949.0,949.0,939.1306783473177,918.4639,913.102,928.797303284987,1194.0,1176.0,1176.0,1222.1227546972164,1174.058,884.6149,1198.090369047827
1,2015-09-02,483.0,481.0,481.0,480.82443273233326,482.24478,470.51236,481.5346071132369,896.0,912.0,912.0,900.6032865051502,912.7441,903.3988,906.673683047497,870.0,912.0,912.0,888.4128827594488,882.8452,872.1664,885.6290488015994,1195.0,1194.0,1194.0,1164.9845419599526,1216.0066,827.21576,1190.4955668784137
1,2015-09-03,485.0,483.0,483.0,481.23610490217897,481.74875,469.3268,481.49242684073795,882.0,896.0,896.0,882.5467880172513,894.06146,889.92255,888.3041252097976,837.0,870.0,870.0,839.3876806901153,847.88074,830.93726,843.6342089974014,1187.0,1195.0,1195.0,1149.0696103805217,1210.5002,778.5782,1179.7849272605733
1,2015-09-04,482.0,485.0,485.0,483.29360578917476,483.3494,468.38412,483.32150077056394,870.0,882.0,882.0,873.3060760392502,879.42316,881.6777,876.3646163887657,812.0,837.0,837.0,817.7786086885718,816.14703,799.4008,816.962821189989,1243.0,1187.0,1187.0,1137.1855963693965,1205.78,742.14575,1171.4828128331358
1,2015-09-07,477.0,482.0,482.0,478.1692817356403,478.76205,463.52084,478.46566808949984,857.0,870.0,870.0,857.512845222241,863.2743,867.36523,860.3935686072143,793.0,812.0,812.0,799.4826740036899,788.15015,773.49054,793.8164102440325,1286.0,1243.0,1243.0,1248.4769091482444,1293.5176,744.34766,1270.9972436366222
1,2015-09-08,472.0,477.0,477.0,473.37725715599265,474.8144,457.08673,474.0958246229182,848.0,857.0,857.0,845.6696215166002,842.55005,838.14,844.1098351723626,776.0,793.0,793.0,768.7521004596257,772.5975,743.27344,770.6747868020784,1256.0,1286.0,1286.0,1232.1311492179984,1323.4089,835.00964,1277.7700423824367
1,2015-09-09,468.0,472.0,472.0,466.6854419147172,467.28995,443.41327,466.9876947122414,838.0,848.0,848.0,835.7594634771062,833.74945,821.9518,834.75445708035,751.0,776.0,776.0,764.8163260900138,767.50507,717.7328,766.1606960039912,1202.0,1256.0,1256.0,1184.5266632559374,1233.013,712.91907,1208.7698013545312
1,2015-09-10,460.0,468.0,468.0,462.4287186474967,460.16315,434.89392,461.29593281007647,824.0,838.0,838.0,828.2398600696558,823.54333,808.041,825.8915975152967,735.0,751.0,751.0,732.1061439228334,728.65674,690.84106,730.3814411020417,1198.0,1202.0,1202.0,1138.8159968840241,1188.8894,657.8898,1163.8527005904496
1,2015-09-11,452.0,460.0,460.0,451.550602074262,451.67105,424.14392,451.6108265498263,810.0,824.0,824.0,809.3942879665343,816.2492,786.87915,812.8217472547515,723.0,735.0,735.0,726.0407801448639,715.7934,674.43164,720.9170880704788,1185.0,1198.0,1198.0,1212.1597090970351,1203.3617,644.8639,1207.7607017164864
1,2015-09-14,445.0,452.0,452.0,444.4146952298026,447.10565,416.4704,445.7601735426357,799.0,810.0,810.0,796.2006767750576,803.0559,771.3938,799.6282924890913,720.0,723.0,723.0,720.5871016221118,717.8066,668.77893,719.1968406059777,1196.0,1185.0,1185.0,1169.0870032902603,1183.7927,645.6891,1176.4398639498177
1,2015-09-15,439.0,445.0,445.0,438.7847217436699,444.32584,410.3222,441.5552789626553,789.0,799.0,799.0,787.676429924977,787.2137,758.26263,787.4450570035042,716.0,720.0,720.0,727.6545093967228,722.6565,668.62256,725.155501768674,1264.0,1196.0,1196.0,1193.8870011887414,1202.2594,674.21826,1198.0732003014018
1,2015-09-16,431.0,439.0,439.0,433.00826396871423,436.85614,404.7176,434.9322020527165,783.0,789.0,789.0,778.3119190927954,778.2975,748.6389,778.304702222179,727.0,716.0,716.0,724.2816567534147,714.1959,669.13214,719.2387898024886,1637.0,1264.0,1264.0,1286.4117527281787,1328.2751,756.221,1307.3434496062769
1,2015-09-17,426.0,431.0,431.0,424.401358638195,427.59726,405.26828,425.9993090798397,772.0,783.0,783.0,778.1711128768757,780.79175,748.9689,779.4814304618753,753.0,727.0,727.0,751.1408839179342,742.1171,705.6256,746.629005191389,1995.0,1637.0,1637.0,1801.7623049729443,1825.1028,1149.3403,1813.4325440880348
1,2015-09-18,421.0,426.0,426.0,421.17035663383547,423.44498,402.72314,422.30766672023805,762.0,772.0,772.0,766.2754213454331,763.5389,747.5741,764.9071503699822,769.0,753.0,753.0,787.07494929552,778.1587,749.65015,782.6168203508851,2096.0,1995.0,1995.0,2109.2806996900313,2127.6643,1591.2052,2118.472503165328
1,2015-09-21,417.0,421.0,421.0,416.0655912624426,419.70764,393.80408,417.88661643200254,757.0,762.0,762.0,755.8354129336947,746.8647,736.3785,751.3500489961442,769.0,769.0,769.0,788.9051683503429,792.4009,751.50464,790.6530236282965,1873.0,2096.0,2096.0,2069.140738068236,2108.7178,1732.9191,2088.929255752868
1,2015-09-22,414.0,417.0,417.0,412.7429701857773,416.66858,383.34735,414.7057746436699,749.0,757.0,757.0,750.6505129105025,747.2331,730.34827,748.9418030861107,761.0,769.0,769.0,769.9125844068576,767.0414,722.1014,768.4769831213976,1872.0,1873.0,1873.0,1749.3116697389305,1850.8861,1480.9852,1800.098889068684
1,2015-09-23,411.0,414.0,414.0,409.13699752836146,412.63507,379.5866,410.88603416457136,742.0,749.0,749.0,740.7316492877063,736.98175,721.18677,738.8566998879937,751.0,761.0,761.0,753.4283621139675,743.7945,702.1084,748.6114283714369,1911.0,1872.0,1872.0,1958.7419821044641,1886.5367,1535.6859,1922.6393626342633
1,2015-09-24,408.0,411.0,411.0,408.13888836415265,410.8775,381.3214,409.50819540277945,738.0,742.0,742.0,735.3782274743182,735.90234,716.2064,735.6402856121591,744.0,751.0,751.0,748.2202799006731,740.1699,688.8174,744.1951008878366,2024.0,1911.0,1911.0,1930.9130112003668,1959.435,1673.5817,1945.1740348970584
1,2015-09-25,402.0,408.0,408.0,405.43285600785237,408.945,382.05035,407.18893166603556,733.0,738.0,738.0,733.9964930252852,729.6738,710.8438,731.8351605751426,738.0,744.0,744.0,745.8288197436398,742.52216,684.2322,744.1754877526793,2075.0,2024.0,2024.0,2025.3720468219358,2056.8867,1953.337,2041.129382785968
1,2015-09-28,400.0,402.0,402.0,396.9681947839324,401.9546,378.9154,399.4613923138412,724.0,733.0,733.0,727.2162696854629,725.57465,694.58215,726.3954578407784,725.0,738.0,738.0,737.9275281140324,736.1181,674.2406,737.0228155706881,2031.0,2075.0,2075.0,2001.0410590568285,2048.4358,2009.8635,2024.7384250362268
1,2015-09-29,398.0,400.0,400.0,397.0618009624445,398.79724,377.2376,397.929521086691,713.0,724.0,724.0,717.6506379531405,719.48254,672.68933,718.5665909492266,712.0,725.0,725.0,714.4428898785802,712.79895,653.4171,713.6209200369464,1936.0,2031.0,2031.0,1959.8608666961677,1940.8027,1860.5737,1950.3318005355839
1,2015-09-30,396.0,398.0,398.0,395.3847095056551,394.52176,373.7528,394.9532342694291,703.0,713.0,713.0,704.1882689858813,707.90314,653.2334,706.0457030964562,704.0,712.0,712.0,704.9719884930511,700.6992,640.3386,702.8356036215255,1911.0,1936.0,1936.0,1875.1925787501057,1821.7668,1637.1646,1848.4797122266154
1,2015-10-01,392.0,396.0,396.0,392.9052736653801,392.1487,373.2066,392.5269929117916,695.0,703.0,703.0,696.6066472855114,696.1269,637.51886,696.3667696876776,701.0,704.0,704.0,704.4793787254861,696.0718,635.44226,700.2755780346181,1931.0,1911.0,1911.0,1912.9073967726147,1852.5101,1575.1833,1882.708764304276
1,2015-10-02,390.0,392.0,392.0,388.8474408751751,389.00735,369.56873,388.92739780575164,691.0,695.0,695.0,687.8241331682086,686.25696,627.62305,687.0405455880106,699.0,701.0,701.0,710.391754329062,684.8309,635.00024,697.6113129555466,1901.0,1931.0,1931.0,1948.0238599478976,1943.7314,1595.7944,1945.8776526301988
1,2015-10-05,386.0,390.0,390.0,387.6032667069139,385.61972,366.04675,386.61149358294915,688.0,691.0,691.0,683.7594857514262,681.2401,623.5638,682.4997990280568,700.0,699.0,699.0,705.7033629432862,681.3601,642.2279,693.5317351825806,1860.0,1901.0,1901.0,1860.4585000185305,1848.2544,1574.1753,1854.3564472748903
1,2015-10-06,384.0,386.0,386.0,382.9079395156094,383.423,364.95657,383.165471833,681.0,688.0,688.0,680.9026907528341,681.78143,621.152,681.3420619291514,709.0,700.0,700.0,711.3412791102147,681.92773,645.1256,696.6345067426073,1742.0,1860.0,1860.0,1813.5089236757958,1796.0936,1493.9124,1804.8012758027417
1,2015-10-07,382.0,384.0,384.0,381.4163780479435,381.93878,361.43607,381.67757989311235,676.0,681.0,681.0,673.6713278931427,672.8069,610.3369,673.2391063293838,736.0,709.0,709.0,726.8131686626937,704.31165,655.01587,715.5624070852531,1598.0,1742.0,1742.0,1654.7519176972621,1677.4512,1332.1506,1666.101544786131
1,2015-10-08,380.0,382.0,382.0,380.42297449073504,380.7111,357.6092,380.5670322893128,672.0,676.0,676.0,670.0276006181066,671.55566,601.70374,670.7916323403033,761.0,736.0,736.0,769.7834073259984,751.78186,692.53015,760.7826338387804,1549.0,1598.0,1598.0,1535.8248692132988,1557.331,1210.9968,1546.5779619503994
1,2015-10-09,380.0,380.0,380.0,378.5792203417566,375.09094,357.1956,376.83508136228454,669.0,672.0,672.0,667.0636412328618,667.18915,597.49,667.1263945910403,768.0,761.0,761.0,786.6499201036047,775.5376,720.0375,781.0937588799273,1551.0,1549.0,1549.0,1546.1969706202733,1544.3867,1197.9543,1545.2918446851368
1,2015-10-12,379.0,380.0,380.0,378.32146873786473,375.55093,358.51068,376.9362012878777,666.0,669.0,669.0,662.8054048302799,665.7912,597.589,664.2983017803743,770.0,768.0,768.0,775.4285547187036,776.4005,724.8805,775.9145337070081,1531.0,1551.0,1551.0,1553.0607936937595,1573.4054,1211.8689,1563.233094600786
1,2015-10-13,379.0,379.0,379.0,378.04199260626,375.94,362.3311,376.99099752383313,664.0,666.0,666.0,660.8285737815473,664.42523,601.38416,662.6269028575705,761.0,770.0,770.0,773.4242364338351,767.0741,726.7108,770.2491665567613,1457.0,1531.0,1531.0,1489.6490590057413,1550.6962,1187.7329,1520.1726129989643
1,2015-10-14,378.0,379.0,379.0,378.0599892569278,376.18594,360.6093,377.1229664302217,662.0,664.0,664.0,659.6680069300064,668.4473,600.84644,664.0576667950813,742.0,761.0,761.0,753.5716633077554,740.07874,710.0757,746.825199329659,1368.0,1457.0,1457.0,1415.7661422060285,1439.6595,1066.6304,1427.7128440522329
1,2015-10-15,376.0,378.0,378.0,375.83391254797505,375.20212,359.68863,375.51801523394846,661.0,662.0,662.0,657.582230362467,663.7283,605.6486,660.655250923421,722.0,742.0,742.0,722.5395198416193,728.61707,691.2015,725.5782926356534,1318.0,1368.0,1368.0,1319.4825641354919,1321.9761,962.5417,1320.729319177121
1,2015-10-16,371.0,376.0,376.0,373.7039091962799,375.13898,360.80157,374.4214431235306,658.0,661.0,661.0,656.4292400776787,663.98315,612.6604,660.2061971872769,710.0,722.0,722.0,699.5502206508372,705.9983,675.91437,702.7742558332311,1312.0,1318.0,1318.0,1300.1197112389314,1308.5819,904.0586,1304.3508102093094
1,2015-10-19,368.0,371.0,371.0,366.76030409243714,370.93024,360.1116,368.84527045442167,656.0,658.0,658.0,650.8984812914963,657.7911,613.94714,654.3447789758263,701.0,710.0,710.0,696.2445219387739,702.57214,668.4332,699.4083327467307,1399.0,1312.0,1312.0,1292.9279635943765,1325.0616,871.41113,1308.9948045510946
1,2015-10-20,366.0,368.0,368.0,365.0105712840691,367.531,362.98264,366.27078857172205,654.0,656.0,656.0,652.3548330338537,656.56274,616.9711,654.4587885872393,693.0,701.0,701.0,688.9932049730534,684.7495,669.46936,686.8713583459016,1483.0,1399.0,1399.0,1418.3764735066611,1470.6512,935.39197,1444.5138593119243
1,2015-10-21,365.0,366.0,366.0,362.46319170356594,365.4211,365.56506,363.9421518820564,652.0,654.0,654.0,651.9498421182157,654.336,618.7534,653.142920326686,685.0,693.0,693.0,680.7390973817858,681.33673,668.8942,681.0379141694085,1512.0,1483.0,1483.0,1479.164665977389,1540.0194,989.901,1509.592037578538
1,2015-10-22,362.0,365.0,365.0,361.46574134375703,362.16135,367.05215,361.81354388965195,649.0,652.0,652.0,651.2035153122948,655.3885,618.202,653.296002040913,683.0,685.0,685.0,672.0767696836888,676.2242,665.3926,674.1504759062975,1461.0,1512.0,1512.0,1477.8192756066933,1535.7861,972.85443,1506.8027042095966
1,2015-10-23,360.0,362.0,362.0,357.1237113551434,362.02835,365.1563,359.5760310926108,648.0,649.0,649.0,646.8760325879571,653.5081,615.04724,650.1920751318692,681.0,683.0,683.0,674.8392610261524,676.51025,664.17126,675.6747574662012,1403.0,1461.0,1461.0,1392.2021873378521,1424.0215,896.347,1408.111835856426
1,2015-10-26,356.0,360.0,360.0,356.5542157917376,360.47495,365.09015,358.51458043004845,646.0,648.0,648.0,647.0901900462791,654.0603,614.63293,650.575246390327,686.0,681.0,681.0,673.6370687136598,677.0882,664.5818,675.3626322572205,1307.0,1403.0,1403.0,1337.0992539070794,1382.2977,835.6305,1359.6984916996335
1,2015-10-27,354.0,356.0,356.0,352.0201836828902,357.49237,363.26022,354.7562771441795,645.0,646.0,646.0,643.9202908609294,651.1029,613.49646,647.5115980671835,687.0,686.0,686.0,686.092780677848,685.085,675.9808,685.5889013252522,1275.0,1307.0,1307.0,1216.4879073731681,1278.835,777.4026,1247.661434155334
1,2015-10-28,351.0,354.0,354.0,351.16716757334444,355.6853,364.95062,353.4262351538597,643.0,645.0,645.0,643.9484063677343,652.28436,613.71533,648.1163845803515,682.0,687.0,687.0,683.3946216736149,678.9401,679.16565,681.1673730926668,1254.0,1275.0,1275.0,1239.4914019749292,1251.0989,764.12177,1245.2951394640272
1,2015-10-29,349.0,351.0,351.0,347.5985048631501,353.2756,364.66776,350.4370545555985,633.0,643.0,643.0,640.9564480250991,647.72424,613.5696,644.3403455945809,675.0,682.0,682.0,680.3620399668059,676.1432,676.3253,678.2526142216842,1229.0,1254.0,1254.0,1215.7097169002154,1238.2474,762.81616,1226.9785767118265
1,2015-10-30,347.0,349.0,349.0,347.38302379781123,353.08917,360.98413,350.23609808054624,629.0,633.0,633.0,627.320561384135,635.7305,600.28235,631.5255455846457,665.0,675.0,675.0,677.22537421423,667.06885,661.2626,672.14711093524,1184.0,1229.0,1229.0,1220.8604682151818,1227.9336,726.47266,1224.3970309825909
1,2015-11-02,339.0,347.0,347.0,347.1806253734887,348.5186,358.5834,347.84960528928343,620.0,629.0,629.0,623.8331444281497,635.50195,598.0014,629.6675487765749,653.0,665.0,665.0,666.0087212647805,660.0324,648.77783,663.0205654663746,1099.0,1184.0,1184.0,1189.9269008540516,1185.2748,689.8362,1187.6008405637444
1,2015-11-03,333.0,339.0,339.0,334.97194776206277,340.48846,348.8344,337.73020605876576,609.0,620.0,620.0,611.7052687392747,628.4752,589.9177,620.0902442329186,636.0,653.0,653.0,650.8721159710233,645.3891,631.78125,648.1306075460585,1043.0,1099.0,1099.0,1043.7850758835393,1028.4135,643.40173,1036.0992640159884
1,2015-11-04,328.0,333.0,333.0,329.541978270359,334.00668,343.5478,331.7743308099842,596.0,609.0,609.0,599.045874282519,622.631,575.33264,610.8384278639157,618.0,636.0,636.0,625.751474313334,632.0563,603.77997,628.9038743636983,1002.0,1043.0,1043.0,1023.95234220664,968.7261,602.3125,996.339208212695
1,2015-11-05,323.0,328.0,328.0,324.46893494802566,331.1055,338.11203,327.7872171078019,584.0,596.0,596.0,584.9388313233212,613.1252,561.472,599.032007214395,603.0,618.0,618.0,612.662274181455,603.2199,580.7677,607.9410919247118,1003.0,1002.0,1002.0,994.9030615126254,967.417,590.60913,981.1600268500626
1,2015-11-06,319.0,323.0,323.0,319.09969018983736,328.39117,334.87366,323.7454322531218,571.0,584.0,584.0,577.7252948466318,600.288,552.032,589.0066598744877,589.0,603.0,603.0,602.1880797752485,587.7731,564.7299,594.9805755321555,1021.0,1003.0,1003.0,1034.6272181364106,987.42694,582.07654,1011.0270795271897
1,2015-11-09,316.0,319.0,319.0,314.8141226498463,328.38037,332.38684,321.5972468717981,562.0,571.0,571.0,561.8088675723192,589.7759,542.81506,575.7923732392846,575.0,589.0,589.0,593.2264474989822,576.84265,551.8422,585.0345494330849,1018.0,1021.0,1021.0,1062.2225044316383,1010.25714,585.26697,1036.2398227724598
1,2015-11-10,311.0,316.0,316.0,313.6625749787555,328.51712,331.83286,321.0898476700418,554.0,562.0,562.0,556.344758994145,589.2773,538.91254,572.8110208544944,555.0,575.0,575.0,575.8661488187887,566.3206,546.6128,571.0933832472849,946.0,1018.0,1018.0,1057.49066210925,984.52094,585.6417,1021.0057985839219
1,2015-11-11,307.0,311.0,311.0,307.30807981479774,327.82318,331.08392,317.56563048357077,543.0,554.0,554.0,548.1972493801229,584.5053,539.2306,566.3512797193583,534.0,555.0,555.0,547.4987394079212,548.0978,542.21094,547.7982588641169,881.0,946.0,946.0,902.805041285298,838.9711,592.36597,870.8880858281959
1,2015-11-12,304.0,307.0,307.0,303.82896048767344,327.01248,335.34802,315.42072108856325,533.0,543.0,543.0,535.4598340169179,580.98413,538.4137,558.2219824381464,514.0,534.0,534.0,522.7944946453715,527.08215,541.8727,524.938323982842,809.0,881.0,881.0,828.1189392611894,791.1511,616.708,809.6350311540323
1,2015-11-13,302.0,304.0,304.0,301.81822574972955,327.1998,333.38892,314.50901216685696,523.0,533.0,533.0,526.5890543185792,570.85925,530.657,548.7241536241334,500.0,514.0,514.0,507.54728645295864,508.84616,533.4022,508.19672367081523,770.0,809.0,809.0,798.6569847704967,745.9454,577.4221,772.3011791528265
1,2015-11-16,296.0,302.0,302.0,300.78334194725045,327.1305,337.59222,313.95691755565645,516.0,523.0,523.0,513.6537434696411,563.7701,537.876,538.7119120180237,487.0,500.0,500.0,499.16969135767266,507.2481,534.12085,503.2088996339145,733.0,770.0,770.0,826.9425919329997,762.02246,528.08655,794.4825264352498
1,2015-11-17,292.0,296.0,296.0,291.6097070467039,319.91772,336.7274,305.76371582803944,504.0,516.0,516.0,502.8726280630803,550.9639,547.8171,526.9182781428683,477.0,487.0,487.0,490.1349740692854,503.72144,539.3603,496.9282048080802,671.0,733.0,733.0,796.0475636037886,777.4512,548.01685,786.7493677393943
1,2015-11-18,290.0,292.0,292.0,289.1649386115404,311.99094,336.23395,300.5779374454186,491.0,504.0,504.0,489.0842664174124,538.0697,548.9922,513.576984282925,468.0,477.0,477.0,483.47975574141174,494.42676,552.10895,488.95325677695587,619.0,671.0,671.0,712.0919349691146,661.1887,561.36,686.6403278361198
1,2015-11-19,288.0,290.0,290.0,287.69669253020567,301.27505,336.5689,294.4858737309231,479.0,491.0,491.0,476.75255083964436,535.83734,547.9017,506.294946074119,463.0,468.0,468.0,474.42267472651037,490.2256,549.3093,482.3241303320052,606.0,619.0,619.0,661.4589823177196,610.79724,539.3717,636.1281117643285
1,2015-11-20,286.0,288.0,288.0,285.23513314046625,294.01755,336.39804,289.62634037394406,472.0,479.0,479.0,466.4752520462992,531.8248,545.87683,499.1500405739308,461.0,463.0,463.0,475.85857268234435,482.47235,539.85065,479.1654618782816,698.0,606.0,606.0,677.4691214049026,599.699,515.0554,638.5840480071388
1,2015-11-23,285.0,286.0,286.0,281.4732408121364,280.6209,335.34503,281.0470757283338,469.0,472.0,472.0,466.6009878228611,524.03326,549.6561,495.31712599150865,460.0,461.0,461.0,472.97767344398864,482.3024,526.4742,477.6400360628146,731.0,698.0,698.0,797.9860948545054,767.85754,538.18604,782.9218193999089
1,2015-11-24,285.0,285.0,285.0,283.6285166605442,281.1925,334.2855,282.41051077167833,467.0,469.0,469.0,467.61086027860586,522.6303,547.3069,495.1205851685998,463.0,460.0,460.0,473.42528280056143,480.8944,515.449,477.1598459901245,807.0,731.0,731.0,788.0553347348956,801.7505,516.7742,794.9029115080727
1,2015-11-25,284.0,285.0,285.0,284.5243104965306,279.0619,333.03052,281.79310007248404,467.0,467.0,467.0,467.9227084546041,522.49396,548.7224,495.2083329870677,459.0,463.0,463.0,478.59321564517603,488.12042,513.4498,483.35681900422867,898.0,807.0,807.0,912.5455557869161,906.93726,536.8613,909.7414058231456
1,2015-11-26,283.0,284.0,284.0,280.86807852006075,278.67255,332.5507,279.77031245338975,467.0,467.0,467.0,474.1111987571841,523.6998,555.879,498.90551392937334,456.0,459.0,459.0,458.4438832699309,485.4341,516.4822,471.9389979093795,989.0,898.0,898.0,975.8515999333811,983.5957,571.2538,979.7236515291905
1,2015-11-27,285.0,283.0,283.0,282.61456841373194,279.09293,338.97556,280.8537472195613,467.0,467.0,467.0,481.6883072129016,526.02655,576.4756,503.85742875293516,453.0,456.0,456.0,440.7125533066686,485.34897,516.9529,463.030760906264,1007.0,989.0,989.0,1050.1751716069234,1041.6951,664.49646,1045.9351199831492
1,2015-11-30,286.0,285.0,285.0,283.51875130136546,279.33853,333.9568,281.42864139775304,469.0,467.0,467.0,474.5558776332081,526.4685,555.27765,500.5121917462916,450.0,453.0,453.0,449.5984781742401,486.26605,512.65356,467.9322652101669,1046.0,1007.0,1007.0,1040.956124177899,1013.94763,593.93774,1027.4518780069184
1,2015-12-01,286.0,286.0,286.0,285.04761709053304,279.55368,335.90744,282.3006487552275,471.0,469.0,469.0,477.3429816461675,526.7976,552.48706,502.0702945340213,446.0,450.0,450.0,444.0495867051651,483.15268,512.12573,463.60113307426224,1001.0,1046.0,1046.0,1110.203120700272,1008.80695,581.0853,1059.5050332505266
1,2015-12-02,286.0,286.0,286.0,284.52843983346213,280.69946,334.60638,282.61395136204357,472.0,471.0,471.0,478.73502148277515,525.9243,544.45166,502.3296689445126,438.0,446.0,446.0,436.7430748805049,483.09976,505.36914,459.92141842169775,931.0,1001.0,1001.0,1000.443362577287,970.28845,526.48865,985.3659073628622
1,2015-12-03,286.0,286.0,286.0,284.7362787835758,280.70038,333.88898,282.7183286007723,470.0,472.0,472.0,478.13386881443364,537.72107,539.10657,507.92746907518557,433.0,438.0,438.0,424.8476837161205,475.6062,501.96725,450.22694244399776,890.0,931.0,931.0,913.681976161678,843.387,501.40503,878.5345000437296
1,2015-12-04,286.0,286.0,286.0,285.1365960482052,281.21408,334.78467,283.17533842937604,469.0,470.0,470.0,473.70721295221233,536.81384,534.1271,505.2605278628249,426.0,433.0,433.0,426.45359276137754,479.7095,500.05527,453.08154796760283,852.0,890.0,890.0,906.7323137854474,846.4655,489.4497,876.598914461083
1,2015-12-07,286.0,286.0,286.0,284.52067199857754,280.9463,335.56744,282.73348053053877,465.0,469.0,469.0,472.70182650783534,536.68506,531.67676,504.69344255079267,420.0,426.0,426.0,415.8824486853696,476.79047,496.88367,446.33645749698167,870.0,852.0,852.0,858.9345238611076,785.1441,479.6953,822.039313932507
1,2015-12-08,286.0,286.0,286.0,284.2087656179899,281.80392,335.00842,283.0063450892684,461.0,465.0,465.0,467.87531761256025,536.8151,527.0912,502.3452210621395,412.0,420.0,420.0,415.22188733891824,480.2855,491.53384,447.7536896411388,857.0,870.0,870.0,917.7116186199748,853.9406,485.9701,885.8261157064718
1,2015-12-09,285.0,286.0,286.0,284.3143750283099,282.82037,335.37463,283.56737428173307,460.0,461.0,461.0,463.9248688761074,536.3696,525.8121,500.1472488911787,408.0,412.0,412.0,406.5064018485573,479.51056,491.96494,443.00848046529427,824.0,857.0,857.0,885.6561866585139,817.58966,493.71655,851.6229236515226
1,2015-12-10,282.0,285.0,285.0,283.2349562385925,282.7232,335.78284,282.9790809024994,455.0,460.0,460.0,464.6968666055205,536.1942,526.11084,500.44554023635396,410.0,408.0,408.0,405.37573234024694,484.663,496.21744,445.0193633625063,779.0,824.0,824.0,848.8562316887195,774.6369,494.19495,811.7465667720942
1,2015-12-11,279.0,282.0,282.0,278.91403236288636,283.8212,333.31714,281.367614936326,451.0,455.0,455.0,457.59682315780384,524.9943,518.4571,491.29557344413627,410.0,410.0,410.0,414.38724732439584,492.40128,493.73288,453.39426147958073,722.0,779.0,779.0,771.4658872610994,735.32495,485.75842,753.3954192164872
1,2015-12-14,276.0,279.0,279.0,276.1470177098644,284.26135,331.11942,280.20418512446344,450.0,451.0,451.0,452.4980427916375,523.5823,511.26376,488.0401590911313,411.0,410.0,410.0,413.55853900995874,500.97845,494.08298,457.26849679990124,623.0,722.0,722.0,715.5844765235906,670.9442,475.73718,693.2643451953891
1,2015-12-15,275.0,276.0,276.0,273.0692359825416,283.5564,329.83035,278.3128162334583,449.0,450.0,450.0,453.7161172563129,524.6596,507.64584,489.1878620949533,415.0,411.0,411.0,414.77597374205266,499.72003,499.98343,457.24800274016695,549.0,623.0,623.0,585.4300836959922,595.7692,464.2472,590.5996548851055
1,2015-12-16,274.0,275.0,275.0,272.18771539856596,283.66342,330.22974,277.92556851471267,448.0,449.0,449.0,452.905163618804,522.9894,503.68454,487.9472717508082,421.0,415.0,415.0,426.0735554008912,503.46573,503.76886,464.7696420803284,524.0,549.0,549.0,544.5866930989953,527.92993,450.39612,536.2583123698101
1,2015-12-17,273.0,274.0,274.0,271.05226314565596,284.0001,329.7352,277.52617734919517,448.0,448.0,448.0,452.5604766763578,524.46,501.63452,488.510249324507,426.0,421.0,421.0,433.5539078451442,505.99652,502.94986,469.77521442061897,524.0,524.0,524.0,577.4594740569687,529.5344,446.93958,553.4969489425469
1,2015-12-18,273.0,273.0,273.0,270.10279546381224,278.2288,330.16913,274.1657928735077,449.0,448.0,448.0,453.65594146965054,525.73206,503.174,489.6939985668565,433.0,426.0,426.0,437.80786962908417,506.20148,507.4178,472.0046733399327,512.0,524.0,524.0,588.5668928962543,529.4849,458.8833,559.0259086063303
1,2015-12-21,271.0,273.0,273.0,271.6312472225312,278.33847,332.0567,274.9848588407578,449.0,449.0,449.0,455.9868742416112,522.19617,504.56992,489.09152061689934,445.0,433.0,433.0,446.9252891901948,507.85916,513.4608,477.39222528357396,485.0,512.0,512.0,550.3247753794678,489.31512,452.90442,519.8199499455933
1,2015-12-22,270.0,271.0,271.0,269.1721880375486,279.57867,331.57315,274.37543117697743,449.0,449.0,449.0,456.1553006341092,518.0332,504.23373,487.0942518795546,457.0,445.0,445.0,459.74749275298353,506.97748,518.05975,483.36248539016367,469.0,485.0,485.0,527.0192234436122,466.0778,448.01013,496.5485063751264
1,2015-12-23,270.0,270.0,270.0,268.25006921307795,278.8321,332.9593,273.5410807491171,450.0,449.0,449.0,453.3767703230508,518.5457,505.52716,485.961242827541,462.0,457.0,457.0,470.1851679122832,511.02643,526.72314,490.6057980674697,470.0,469.0,469.0,525.5989851999816,478.13556,465.70837,501.8672721410064
1,2015-12-24,267.0,270.0,270.0,268.7526980370693,278.6302,336.2713,273.6914430126753,450.0,450.0,450.0,455.83815369418943,519.0401,512.4272,487.43912689592287,464.0,462.0,462.0,464.5448118089339,511.4133,530.1456,487.9790556847404,472.0,470.0,470.0,538.3527028017047,485.4039,476.66565,511.87830147409454
1,2016-01-04,266.0,267.0,267.0,264.22192711685125,277.86462,334.7635,271.0432755701444,449.0,450.0,450.0,452.23955956073036,516.12366,513.39465,484.18160839364646,466.0,464.0,464.0,471.7527954503413,505.6182,525.01514,488.6854950152097,462.0,472.0,472.0,461.70087435281425,485.6005,464.26172,473.65068436878994
1,2016-01-05,263.0,266.0,266.0,263.592854752017,277.9766,335.1981,270.7847238847976,445.0,449.0,449.0,451.7871746959251,515.73914,508.86874,483.76315521905633,464.0,466.0,466.0,476.3276363375094,506.61987,523.646,491.4737546921922,467.0,462.0,462.0,462.67438341231264,470.07608,446.7151,466.37523186728913
1,2016-01-06,259.0,263.0,263.0,259.25578594617775,277.10916,331.0735,268.18247366156544,442.0,445.0,445.0,448.3594923822354,515.91833,505.99454,482.13891367158647,450.0,464.0,464.0,463.55057618364964,501.3118,516.9474,482.43118713967635,399.0,467.0,467.0,488.6893485538383,523.20636,445.54468,505.94785420855976
1,2016-01-07,256.0,259.0,259.0,253.79007011733185,277.73996,328.93243,265.7650149170644,436.0,442.0,442.0,446.6770370750157,515.1983,505.42188,480.937670148836,434.0,450.0,450.0,434.38579757215234,493.9997,509.3798,464.19274619818555,343.0,399.0,399.0,308.91611205918844,401.27902,436.49707,355.09756713799266
1,2016-01-08,251.0,256.0,256.0,251.9488098606418,277.37866,325.96283,264.66373598500843,430.0,436.0,436.0,436.09843797437753,499.3519,502.05112,467.7251680838684,420.0,434.0,434.0,419.9426568860596,480.32098,498.2595,450.13182038638917,314.0,343.0,343.0,305.1679629670882,380.48456,420.2661,342.8262605362785
1,2016-01-11,250.0,251.0,251.0,245.01138408523164,277.30396,322.83453,261.1576695816783,422.0,430.0,430.0,427.24932870659734,495.70697,502.3748,461.47814946072054,411.0,420.0,420.0,410.6825794633203,482.68396,490.25732,446.6832697121289,266.0,314.0,314.0,287.28101361141034,404.16302,419.3014,345.72201925687705
1,2016-01-12,250.0,250.0,250.0,246.78850738288145,276.3952,324.7099,261.5918550098001,416.0,422.0,422.0,413.87390002373775,497.74655,497.94666,455.8102257687048,399.0,411.0,411.0,412.17038804763774,482.3092,498.23697,447.2397960746001,245.0,266.0,266.0,222.10555303569595,398.50735,429.73572,310.30645388601204
1,2016-01-13,247.0,250.0,250.0,247.7157997794294,276.67322,325.04407,262.19450877643345,412.0,416.0,416.0,407.33666441690644,497.7187,501.13837,452.52767669087507,388.0,399.0,399.0,397.61561088516635,482.96365,495.29938,440.28963222480974,225.0,245.0,245.0,247.18573798184934,404.01822,410.08142,325.601978487995
1,2016-01-14,245.0,247.0,247.0,244.0129081398879,276.51334,325.10315,260.2631221607643,402.0,412.0,412.0,406.71843491120575,497.65787,506.08923,452.1881511714232,381.0,388.0,388.0,388.40107479032224,488.39508,493.75244,438.39807767836425,198.0,225.0,225.0,228.75655179341402,427.16504,408.10803,327.960795427957
1,2016-01-15,243.0,245.0,245.0,242.3764486947242,276.19284,325.99963,259.28464463544805,394.0,402.0,402.0,392.9320767595343,496.5772,500.29034,444.7546431160953,375.0,381.0,381.0,389.0451538171019,491.8542,492.67786,440.4496704144103,197.0,198.0,198.0,183.93298669969795,403.45267,417.33704,293.69282696801304
1,2016-01-18,240.0,243.0,243.0,242.17232730431732,276.1319,324.6714,259.1521121384868,388.0,394.0,394.0,384.67820434851785,496.01135,501.61624,440.3447784437902,369.0,375.0,375.0,390.9803326654925,494.98718,491.53372,442.98375764134,185.0,197.0,197.0,231.90290905258416,461.17145,408.18542,346.5371784032452
1,2016-01-19,238.0,240.0,240.0,239.63327329218947,277.091,331.87097,258.3621383550791,381.0,388.0,388.0,392.57215792133405,495.40277,523.4738,443.98746445871393,360.0,369.0,369.0,364.2646650978231,492.07703,499.7525,428.1708457325053,186.0,185.0,185.0,165.58707337931514,444.9862,523.3334,305.2866397170013
1,2016-01-20,237.0,238.0,238.0,235.04168889740572,277.01837,325.65363,256.0300302397185,372.0,381.0,381.0,375.47358372058386,496.93988,504.20715,436.2067320458388,346.0,360.0,360.0,367.7766439066744,490.13593,489.48538,428.9562845998216,206.0,186.0,186.0,231.56873896022717,437.6448,420.16797,334.60677243421515
1,2016-01-21,233.0,237.0,237.0,234.2129056630019,276.95862,324.3183,255.5857619135322,366.0,372.0,372.0,364.1467497218282,496.7831,502.72238,430.4649306470469,334.0,346.0,346.0,344.33910090725396,489.55893,485.23358,416.94901517530667,229.0,206.0,206.0,291.41839504462723,484.24957,444.05847,387.83398389926674
1,2016-01-22,231.0,233.0,233.0,227.80446126618642,275.9001,323.47995,251.8522733577026,358.0,366.0,366.0,363.75972773306694,497.22766,509.5623,430.4936944329397,325.0,334.0,334.0,332.8308032131789,490.6829,489.072,411.756847529441,254.0,229.0,229.0,314.4626034777573,495.5841,454.22253,405.0233549615349
1,2016-01-25,229.0,231.0,231.0,225.80899797972694,275.58502,323.95523,250.6970099761916,350.0,358.0,358.0,353.9067853758023,497.1551,506.37177,425.5309378539168,312.0,325.0,325.0,328.01301788668115,493.14825,490.33304,410.5806361406062,242.0,254.0,254.0,331.2740231619416,489.23206,470.75708,410.25303941300206
1,2016-01-26,225.0,229.0,229.0,224.55805769762276,275.50098,324.9756,250.02951713006138,338.0,350.0,350.0,346.54402444516063,496.44165,503.4174,421.4928374178928,303.0,312.0,312.0,308.9488958357106,485.04312,493.05856,396.9960085868006,235.0,242.0,242.0,281.6103329975524,459.40845,479.1599,370.5093901315887
1,2016-01-27,222.0,225.0,225.0,220.88910326715404,274.38803,323.48877,247.6385671365067,327.0,338.0,338.0,335.70551426248926,496.24777,499.66376,415.97664323964307,293.0,303.0,303.0,311.1090676984893,482.909,486.11343,397.0090321402603,216.0,235.0,235.0,287.59770881250347,466.64658,466.24255,377.1221423701189
1,2016-01-28,219.0,222.0,222.0,217.8714062280298,273.78958,323.79547,245.83049376342896,316.0,327.0,327.0,324.3254245660838,492.69308,495.81155,408.50925464144035,287.0,293.0,293.0,302.2767721762383,468.4233,486.57794,385.3500407512051,211.0,216.0,216.0,258.0186349188093,465.79425,474.0161,361.9064427035453
1,2016-01-29,216.0,219.0,219.0,215.77474460980488,272.70377,323.3933,244.23925523947275,304.0,316.0,316.0,312.26384531098074,492.21674,494.72833,402.24029057541225,282.0,287.0,287.0,302.5876518400496,464.4035,485.78833,383.4955776290092,217.0,211.0,211.0,284.3527165330604,466.05124,476.31873,375.20197777336614
1,2016-02-01,212.0,216.0,216.0,211.95591689755213,272.10248,322.85468,242.02919746244794,299.0,304.0,304.0,297.39743316867794,491.76373,493.50446,394.5805830394171,282.0,282.0,282.0,303.3678138089683,469.0089,481.58447,386.1883624708904,217.0,217.0,217.0,308.1532004276446,472.57806,479.5791,390.3656321962442
1,2016-02-02,203.0,212.0,212.0,207.92100602641392,271.9625,321.38483,239.94174996144915,289.0,299.0,299.0,300.0539738716426,491.10144,491.3303,395.57770715066505,284.0,282.0,282.0,311.4492091302802,471.3492,482.29468,391.3992108883823,209.0,217.0,217.0,291.43591091859025,472.72064,472.8473,382.078276504217
1,2016-02-03,197.0,203.0,203.0,195.58498957061153,272.65918,319.6458,234.12208462905576,280.0,289.0,289.0,295.0297281884675,492.03293,488.8762,393.5313283276322,289.0,284.0,284.0,306.20771828848274,476.2006,474.10495,391.2041551647492,208.0,209.0,209.0,227.34969484839735,465.18698,465.1173,346.2683380247846
1,2016-02-04,194.0,197.0,197.0,190.48519625012375,272.67627,319.32306,231.58073289068687,271.0,280.0,280.0,280.93265615184464,492.1856,480.69733,386.55913203100044,295.0,289.0,289.0,318.36854049595286,483.23962,478.614,400.8040822596952,212.0,208.0,208.0,255.03107499047883,469.4738,466.55408,362.2524301954347
1,2016-02-05,190.0,194.0,194.0,188.7021478429392,272.36557,319.70386,230.5338589556493,262.0,271.0,271.0,266.790093204596,492.67697,474.75882,379.73353232007145,298.0,295.0,295.0,329.7322663569511,482.25967,483.03412,405.99597021460835,207.0,212.0,212.0,277.42844561187303,445.65292,468.91174,361.5406845979287
1,2016-02-08,188.0,190.0,190.0,183.05461219517218,272.23773,320.1235,227.64617206438297,255.0,262.0,262.0,259.1288148933385,492.1819,474.97058,375.65534982948174,297.0,298.0,298.0,332.0509322000229,495.26086,482.67715,413.6558982289177,207.0,207.0,207.0,237.24450809477162,461.90506,461.11316,349.57478395461237
1,2016-02-09,186.0,188.0,188.0,183.1317874301521,272.03625,321.37418,227.5840211564823,250.0,255.0,255.0,248.38363255303796,492.2901,472.83627,370.3368663253471,301.0,297.0,297.0,329.3069495938124,494.09882,483.9837,411.7028827558906,208.0,207.0,207.0,271.408167787652,462.08795,462.44214,366.74805972390413
1,2016-02-10,184.0,186.0,186.0,182.59723184414383,272.53934,322.72272,227.56828450117348,247.0,250.0,250.0,249.84509444769333,494.31314,476.25293,372.079117658417,312.0,301.0,301.0,334.57377302203645,505.20233,494.74997,419.8880522825026,206.0,208.0,208.0,252.46608153679017,437.8165,451.50696,345.1412896697623
1,2016-02-11,183.0,184.0,184.0,181.57721878805313,272.24298,322.3388,226.9100998725422,244.0,247.0,247.0,248.6870999261846,492.01212,475.02695,370.3496077023501,324.0,312.0,312.0,352.2225217728179,505.33246,502.76285,428.77749013445583,199.0,206.0,206.0,243.86961319808597,437.6534,437.6526,340.7615125316602
1,2016-02-12,183.0,183.0,183.0,181.77475793788602,272.66354,322.84128,227.21915081952895,243.0,244.0,244.0,243.03518832496798,492.16217,472.19275,367.5986793675621,334.0,324.0,324.0,361.1360911763004,505.50787,507.15622,433.3219823557283,204.0,199.0,199.0,244.21922579603893,464.86984,442.37952,354.5445341626679
1,2016-02-15,184.0,183.0,183.0,182.46565086581353,272.5139,323.87042,227.4897681819302,247.0,243.0,243.0,241.7342425550254,492.4909,476.5817,367.11257415837207,346.0,334.0,334.0,368.0287023957201,509.48474,511.85455,438.7567218033288,223.0,204.0,204.0,227.15012807349058,462.70505,453.17822,344.9275878404562
1,2016-02-16,186.0,184.0,184.0,185.59799809824665,272.7173,329.836,229.15764162724832,252.0,247.0,247.0,256.07356736456427,495.54483,507.75986,375.80919884341495,357.0,346.0,346.0,370.165930888945,506.3785,524.67163,438.2722202052147,223.0,223.0,223.0,335.4595289265792,484.2078,594.8557,409.83366155801616
1,2016-02-17,193.0,186.0,186.0,186.87942673748603,272.9743,325.46686,229.9268654683524,259.0,252.0,252.0,258.6139096866216,496.1189,485.65195,377.3664030854983,358.0,357.0,357.0,379.4913476898813,507.73273,525.5358,443.6120373703313,220.0,223.0,223.0,213.51636282843901,471.1461,460.84595,342.3312252374617
1,2016-02-18,198.0,193.0,193.0,198.44442234305114,273.89026,329.03363,236.16734056605682,270.0,259.0,259.0,258.7187856103982,496.22504,491.62448,377.47191111574597,355.0,358.0,358.0,368.9641277805807,503.07355,537.281,436.018837571931,207.0,220.0,220.0,214.23797059448952,461.87546,476.35657,338.0567141790807
1,2016-02-19,200.0,198.0,198.0,202.64051658626647,275.9073,328.4256,239.27390209196136,286.0,270.0,270.0,285.4944829313524,495.49066,509.04868,390.4925722762231,350.0,355.0,355.0,347.63849366786167,497.71814,549.06506,422.6783166581496,197.0,207.0,207.0,121.43702418763678,455.29044,481.95007,288.3637299893262
1,2016-02-22,203.0,200.0,200.0,202.47991701281285,278.92764,325.59262,240.70377991753924,298.0,286.0,286.0,316.829940683185,495.70654,526.00903,406.2682418259675,346.0,350.0,350.0,331.1092208399592,499.17853,554.8262,415.14387433599524,189.0,197.0,197.0,41.30748307177055,446.7632,484.4237,244.03534859154934
1,2016-02-23,206.0,203.0,203.0,207.54201995739817,279.567,325.58582,243.55450302069127,310.0,298.0,298.0,320.8717744904543,496.62732,530.4685,408.7495469131959,346.0,346.0,346.0,329.9930036529204,498.11298,554.9365,414.05298986356956,186.0,189.0,189.0,15.531926757095107,458.4349,493.4347,236.98341638147724
1,2016-02-24,209.0,206.0,206.0,208.3468473905706,280.24652,324.1223,244.29668419333217,321.0,310.0,310.0,332.4076574378822,497.59045,529.90247,414.99905576972236,346.0,346.0,346.0,327.5660641775148,504.25067,548.27673,415.9083677821168,182.0,186.0,186.0,12.043452473741809,453.11407,481.6737,232.57876359038653
1,2016-02-25,212.0,209.0,209.0,209.58284051270107,282.26395,326.19928,245.9233935229521,328.0,321.0,321.0,343.73100710385313,499.2459,531.7577,421.4884588741922,352.0,346.0,346.0,326.4902770869372,500.97913,546.75793,413.73470153174986,177.0,182.0,182.0,-3.218159675574725,455.77032,486.38562,226.27608251572826
1,2016-02-26,214.0,212.0,212.0,211.88387524276862,282.71118,328.1053,247.2975284416968,333.0,328.0,328.0,346.6660164022453,497.55014,529.3956,422.10807839155234,354.0,352.0,352.0,341.78505830544907,509.47665,547.8843,425.6308561790917,174.0,177.0,177.0,21.140504166148048,452.03342,478.94727,236.58696045709746
1,2016-02-29,217.0,214.0,214.0,215.32205715933782,283.00534,328.32175,249.16369886775485,339.0,333.0,333.0,350.5729538314872,497.20532,527.9933,423.8891380485561,357.0,354.0,354.0,348.2747008961919,509.28952,540.3521,428.7821105799319,174.0,174.0,174.0,47.67987629888171,454.37192,493.5575,251.02589701174554
1,2016-03-01,220.0,217.0,217.0,219.5626961498266,283.51065,331.23257,251.5366733922961,345.0,339.0,339.0,359.9963015165871,497.62125,532.1766,428.80877392723886,364.0,357.0,357.0,358.1483315088957,508.77393,541.0945,433.46112864507285,171.0,174.0,174.0,81.44080563494435,466.00735,504.17126,273.72408018563624
1,2016-03-02,227.0,220.0,220.0,222.11999167783682,283.31464,331.6902,252.7173139541528,350.0,345.0,345.0,361.09123714836187,497.85983,530.6937,429.4755349560169,374.0,364.0,364.0,375.34000285092407,509.70746,540.9026,442.5237306735089,166.0,171.0,171.0,98.01058277806419,459.84222,508.29932,278.92640344957897
1,2016-03-03,232.0,227.0,227.0,233.26248544863387,284.49026,335.74957,258.876375170606,363.0,350.0,350.0,358.53513122769493,497.86328,529.3078,428.19920623884747,386.0,374.0,374.0,395.2815969116418,508.558,551.26874,451.9198054138287,164.0,166.0,166.0,151.31066992243382,456.97418,500.05298,304.14242602567003
1,2016-03-04,237.0,232.0,232.0,237.68406719850793,283.92163,334.59863,260.80284902894147,371.0,363.0,363.0,380.4589589129059,498.36072,537.63806,439.4098383431717,397.0,386.0,386.0,404.9313084939572,509.32388,560.2381,457.1275957752989,161.0,164.0,164.0,153.9342131727126,457.9808,495.2036,305.957508808036
1,2016-03-07,240.0,237.0,237.0,243.290751733592,283.90903,336.09167,263.5998894166007,377.0,371.0,371.0,384.10381817933,497.9018,538.78894,441.0028063064619,422.0,397.0,397.0,413.7581274284996,512.1129,567.03827,462.93552123378106,180.0,161.0,161.0,137.76595340054564,453.06912,509.79614,295.4175378574994
1,2016-03-08,243.0,240.0,240.0,243.97079989602318,283.52182,330.31772,263.7463099821913,386.0,377.0,377.0,393.67346926859693,498.13168,535.5852,445.90257630910315,447.0,422.0,422.0,451.2261802299126,521.8169,574.46436,486.5215373805813,178.0,180.0,180.0,169.01256286928128,473.91165,514.2429,321.4621072403047
1,2016-03-09,246.0,243.0,243.0,248.51064070697012,283.37726,329.57697,265.9439495038757,399.0,386.0,386.0,406.23978915719874,497.82562,533.7582,452.03270585789625,466.0,447.0,447.0,470.67151965755147,529.77905,595.17786,500.22528619596324,178.0,178.0,178.0,148.7609615228505,453.6648,506.86023,301.21287822236275
1,2016-03-10,249.0,246.0,246.0,250.83333899551886,283.60837,330.91705,267.22085345772035,412.0,399.0,399.0,425.0675091852784,498.96927,543.5498,462.01838899205325,477.0,466.0,466.0,482.2457369628313,516.5197,611.64453,499.38272565915,176.0,178.0,178.0,146.29795982823953,455.26205,500.7091,300.78000713579945
1,2016-03-11,252.0,249.0,249.0,253.48021104655797,283.62943,331.67627,268.55481804769306,420.0,412.0,412.0,433.6465790805047,501.312,551.24695,467.47929539962735,481.0,477.0,477.0,483.008116906137,525.40515,615.6372,504.2066341366623,179.0,176.0,176.0,164.18460036727924,451.5483,501.28198,307.86645484672556
1,2016-03-14,255.0,252.0,252.0,254.9808265083103,283.39847,332.84644,269.1896472629442,427.0,420.0,420.0,435.2068731470119,500.93893,555.3788,468.0729037365919,481.0,481.0,481.0,478.27943802037856,530.08856,606.97266,504.1840000160487,186.0,179.0,179.0,176.22591411477129,455.32776,514.63184,315.7768364519169
1,2016-03-15,257.0,255.0,255.0,257.8421499291719,283.63867,330.3519,270.74041090208596,432.0,427.0,427.0,440.59898521623995,499.17044,553.49854,469.88471294503404,474.0,481.0,481.0,479.70597097247776,526.4468,594.67993,503.0763741581139,172.0,186.0,186.0,187.7358820305567,449.66968,518.948,318.70277988246585
1,2016-03-16,258.0,257.0,257.0,260.2154859967797,283.8009,330.21097,272.00819465854613,439.0,432.0,432.0,445.92419051520926,498.9732,551.89624,472.44869804080776,467.0,474.0,474.0,462.90841041343276,508.4278,585.5687,485.6681029117945,178.0,172.0,172.0,161.711871466621,438.6658,530.0427,300.18883673428707
1,2016-03-17,260.0,258.0,258.0,260.71605707761955,283.3645,329.8095,272.0402795153723,445.0,439.0,439.0,453.54753837596104,498.1819,556.84,475.864711570793,463.0,467.0,467.0,457.8667577326084,502.97595,574.49384,480.421354940523,197.0,178.0,178.0,197.2328010954909,450.58865,529.5951,323.910727329972
1,2016-03-18,262.0,260.0,260.0,262.3407521765494,283.29202,331.65323,272.81638744081374,449.0,445.0,445.0,455.86475983442944,498.14102,562.2729,477.0028907814725,459.0,463.0,463.0,457.2459693888533,505.9959,574.92096,481.6209400166923,197.0,197.0,197.0,241.79713657209913,458.8465,540.02747,350.3218165770652
1,2016-03-21,264.0,262.0,262.0,263.98083233861087,283.56824,335.04245,273.7745348216492,460.0,449.0,449.0,457.5001440709022,497.32367,561.52405,477.411906752248,455.0,459.0,459.0,458.76603671028215,497.25775,576.3628,478.01189408756295,186.0,197.0,197.0,213.42597523961808,449.575,525.0383,331.50049372332467
1,2016-03-22,266.0,264.0,264.0,266.71715019072536,283.66272,339.04535,275.1899349586439,464.0,460.0,460.0,472.9052826706037,496.892,571.5368,484.89864048080966,458.0,455.0,455.0,455.5728995450677,495.4859,584.6117,475.52940021198697,196.0,186.0,186.0,176.25959317985757,437.68893,512.95715,306.9742637530147
1,2016-03-23,268.0,266.0,266.0,267.3246126444169,283.03534,340.76996,275.1799759999428,468.0,464.0,464.0,470.0538035347442,497.52393,571.1044,483.7888646579971,466.0,458.0,458.0,456.5671417704515,504.25272,586.2779,480.4099289174523,203.0,196.0,196.0,239.96526968986723,464.60712,506.4873,352.286193194543
1,2016-03-24,270.0,268.0,268.0,269.1268940582013,283.50018,337.94873,276.313538581835,473.0,468.0,468.0,476.3715467967643,497.1052,560.67676,486.7383704442806,471.0,466.0,466.0,468.3443714579431,513.6722,592.9645,491.0082758168622,207.0,203.0,203.0,230.21337510438207,457.0841,513.3512,343.6487407748473
1,2016-03-29,271.0,270.0,270.0,272.10403892688,282.8709,340.04916,277.4874747857056,474.0,473.0,473.0,477.44932757484895,496.85297,562.0066,487.1511469417213,484.0,471.0,471.0,469.85342598824934,517.82056,597.12695,493.83699131443717,210.0,207.0,207.0,226.23853837068668,442.1176,517.7167,334.1780765583902
1,2016-03-30,272.0,271.0,271.0,271.27047565160433,282.26767,337.8911,276.76907266466935,475.0,474.0,474.0,479.77338319912485,498.07996,554.4777,488.9266696269062,501.0,484.0,484.0,492.5905465699118,535.1296,598.6759,513.8600621033153,270.0,210.0,210.0,221.0770127260687,440.1077,507.98438,330.5923546296359
1,2016-03-31,272.0,272.0,272.0,271.1416725149376,281.6271,333.31943,276.38438911391415,476.0,475.0,475.0,478.7050314587559,498.80856,561.67633,488.7567973455889,535.0,501.0,501.0,503.6957928589295,537.2392,614.9973,520.4674948181366,345.0,270.0,270.0,334.3709887878383,446.0602,566.3804,390.21559998473947
1,2016-04-01,274.0,272.0,272.0,269.7979325521182,286.99075,329.25226,278.3943428629732,476.0,476.0,476.0,481.17400307810885,498.42087,566.4629,489.79743549901536,563.0,535.0,535.0,550.4305872140095,572.3552,642.92505,561.3929059116922,424.0,345.0,345.0,409.58572047852886,485.41937,615.56885,447.5025465185613
1,2016-04-04,275.0,274.0,274.0,271.5007629585902,293.09677,329.50464,282.2987670994123,479.0,476.0,476.0,479.1731279272089,500.53333,573.5904,489.8532265612607,596.0,563.0,563.0,564.1290242781218,601.34534,662.0427,582.7371805960922,466.0,424.0,424.0,456.7648177393696,480.82135,654.6527,468.79308391851293
1,2016-04-05,278.0,275.0,275.0,272.40998600561676,299.13092,330.3081,285.7704532078865,479.0,479.0,479.0,485.4076214947983,504.03348,578.1822,494.72054963900075,619.0,596.0,596.0,601.9900443712526,623.55566,673.1664,612.7728542168763,477.0,466.0,466.0,458.09202976701954,524.0673,632.44385,491.07967577218164
1,2016-04-06,280.0,278.0,278.0,276.8391105342338,316.50644,333.02454,296.6727748716091,482.0,479.0,479.0,482.11327354187534,509.14343,576.07495,495.6283530795314,627.0,619.0,619.0,613.2009289881228,631.04474,672.9295,622.122833878827,562.0,477.0,477.0,463.00943265580327,519.988,584.5071,491.498704365011
1,2016-04-07,286.0,280.0,280.0,277.36040919711115,316.46042,333.64365,296.9104139491415,485.0,482.0,482.0,485.5652855827995,514.61456,588.72473,500.0899242855404,643.0,627.0,627.0,606.8626044027269,630.015,669.32275,618.4388095255822,656.0,562.0,562.0,550.187708482772,640.7044,630.2721,595.4460576105266
1,2016-04-08,288.0,286.0,286.0,287.07419736163274,325.26703,336.4212,306.17061308511325,488.0,485.0,485.0,485.54413040408406,516.8044,592.59766,501.1742563641514,654.0,643.0,643.0,636.588135678269,660.9055,681.8718,648.746826628197,733.0,656.0,656.0,667.7456870121025,781.2387,682.6615,724.4921977540981
1,2016-04-11,290.0,288.0,288.0,287.0735366063325,324.7764,335.36093,305.9249671557053,492.0,488.0,488.0,490.53048119565386,529.05035,591.22046,509.7904175997801,666.0,654.0,654.0,642.3895141615026,665.4994,677.3989,653.94445190497,744.0,733.0,733.0,675.116254702956,898.47736,681.17786,786.7968053299936
1,2016-04-12,296.0,290.0,290.0,290.1699148304049,329.85828,335.22864,310.0140955987962,498.0,492.0,492.0,494.93257976762743,531.1685,583.20154,513.0505489170168,678.0,666.0,666.0,660.7042717545776,687.8781,677.8904,674.2911922737732,744.0,744.0,744.0,644.8271846621908,822.1234,623.9927,733.4752988740642
1,2016-04-13,309.0,296.0,296.0,297.9937670820815,330.3466,340.07184,314.17017760842356,506.0,498.0,498.0,503.7283355861676,538.80774,582.6786,521.26803742199,700.0,678.0,678.0,671.6538235213438,693.73883,689.4558,682.696327043875,831.0,744.0,744.0,655.1706395364376,816.71063,592.9929,735.9406359303282
1,2016-04-14,321.0,309.0,309.0,315.719719556207,331.35648,349.77222,323.53809769314256,514.0,506.0,506.0,510.8811383084086,546.55634,596.1634,528.7187368788136,727.0,700.0,700.0,705.9273978958606,712.63214,733.48975,709.2797695045709,949.0,831.0,831.0,795.9844231948803,941.602,663.4243,868.793206470487
1,2016-04-15,328.0,321.0,321.0,326.0050584146969,333.61047,352.3689,329.8077660237547,525.0,514.0,514.0,519.6676151209737,560.9314,602.393,540.2995058026743,740.0,727.0,727.0,730.2187174522139,743.13727,767.79395,736.6779927593101,1030.0,949.0,949.0,873.2380924793997,1051.5721,748.5897,962.4051180170436
1,2016-04-18,334.0,328.0,328.0,330.5102702274572,336.47,347.6815,333.4901357240802,529.0,525.0,525.0,530.7390996189981,565.7574,601.2731,548.2482424364522,746.0,740.0,740.0,723.5462842376554,771.93396,766.8379,747.7401220992965,1065.0,1030.0,1030.0,848.688475616382,1114.5275,746.4491,981.6079707183472
1,2016-04-19,342.0,334.0,334.0,336.785045987627,339.26508,344.4945,338.02506083561036,534.0,529.0,529.0,531.8719148199806,568.2404,588.00854,550.0561661502247,747.0,746.0,746.0,718.6205017903961,753.31433,750.514,735.9674164225419,1022.0,1065.0,1065.0,871.6305407859946,1084.0741,702.82837,977.852318732841
1,2016-04-20,348.0,342.0,342.0,347.27547365349375,348.863,343.53528,348.0692401226453,543.0,534.0,534.0,538.2809573429213,567.46545,583.0015,552.8732057222419,743.0,747.0,747.0,723.4833200249682,746.2125,739.49023,734.8479222195153,1004.0,1022.0,1022.0,847.6173086092173,1055.9965,662.803,951.8068842850773
1,2016-04-21,354.0,348.0,348.0,349.7950717057927,350.40475,341.68988,350.0999131722323,551.0,543.0,543.0,547.9499375214414,567.5945,585.6845,557.7722099716582,736.0,743.0,743.0,716.36975718823,743.77423,725.0977,730.0719940726306,1085.0,1004.0,1004.0,837.0557006519466,1067.0635,651.0283,952.0595886072233
1,2016-04-22,356.0,354.0,354.0,353.88143262888343,355.86072,341.3024,354.87107520116047,558.0,551.0,551.0,551.9984192050279,575.6658,588.73846,563.8320953447014,727.0,736.0,736.0,708.3828778800187,721.45917,717.7701,714.9210226802437,1087.0,1085.0,1085.0,904.3735262228616,1109.9258,703.0802,1007.1496537364308
1,2016-04-25,358.0,356.0,356.0,354.1586213149467,359.3548,338.59848,356.75670933911397,562.0,558.0,558.0,555.2332378058384,576.0286,584.5262,565.6309316470598,718.0,727.0,727.0,700.0442375243731,721.2385,698.6138,710.641381457499,1135.0,1087.0,1087.0,836.0442933899425,1055.59,688.00854,945.8171296051275
1,2016-04-26,362.0,358.0,358.0,355.78060717883307,361.16827,339.29166,358.47444055230716,564.0,562.0,562.0,559.7443898336498,578.5434,579.9612,569.1438929148718,704.0,718.0,718.0,690.2862756069777,711.1804,685.57947,700.7333477644263,1160.0,1135.0,1135.0,927.8561414096063,1083.3065,695.1365,1005.5813299821468
1,2016-04-27,365.0,362.0,362.0,360.4752567168448,364.50156,342.66107,362.4884065566646,573.0,564.0,564.0,561.7448823353895,580.23486,578.3746,570.9898728083198,685.0,704.0,704.0,672.2225162610498,699.088,672.5121,685.6552644781812,1137.0,1160.0,1160.0,948.0243340782318,1155.6918,702.8533,1051.8580532695846
1,2016-04-28,367.0,365.0,365.0,362.28832008477934,365.8197,345.8471,364.0540111166084,578.0,573.0,573.0,574.3646836224416,587.70966,590.3124,581.0371696920802,667.0,685.0,685.0,648.4763425875675,672.83905,662.11475,660.6576964402682,1117.0,1137.0,1137.0,906.4662466708701,1069.8812,694.7157,988.1737361284038
1,2016-04-29,368.0,367.0,367.0,364.0842625256141,369.41772,345.8224,366.75099356749456,582.0,578.0,578.0,577.8669057812823,589.13635,589.78577,583.5016291601723,640.0,667.0,667.0,638.4036565358854,652.0499,643.2655,645.2267916468489,1055.0,1117.0,1117.0,952.3391914035363,1051.0474,683.35803,1001.6932773423932
1,2016-05-03,365.0,368.0,368.0,366.058036752347,369.46954,346.7543,367.7637901046891,583.0,582.0,582.0,580.1800411070876,588.28674,592.0424,584.2333921355751,621.0,640.0,640.0,601.5921708238695,629.4804,621.4807,615.5362892693566,954.0,1055.0,1055.0,898.5137229314539,973.9401,666.9813,936.2269237215863
1,2016-05-04,365.0,365.0,365.0,361.79098239206286,365.06107,344.8147,363.4260240329455,583.0,583.0,583.0,580.2381440272889,601.16235,587.0748,590.7002487714569,607.0,621.0,621.0,590.5427588601578,608.3471,602.6514,599.4449328968758,915.0,954.0,954.0,812.9743728663785,880.7143,600.9397,846.8443336499861
1,2016-05-05,359.0,365.0,365.0,362.45503264792444,363.83157,344.15585,363.1433030671263,582.0,583.0,583.0,585.3738163614353,600.34766,580.3407,592.8607363057176,591.0,607.0,607.0,584.3524080365735,596.9154,589.64606,590.6339066550055,892.0,915.0,915.0,843.2429666131346,860.0604,570.4249,851.6516957089111
1,2016-05-06,355.0,359.0,359.0,353.8218139604568,361.4311,340.37677,357.62645263452526,578.0,582.0,582.0,580.713955091159,601.03375,576.56006,590.8738537662827,584.0,591.0,591.0,563.7796799837132,582.60095,571.69324,573.1903160660754,837.0,892.0,892.0,840.4933299400403,865.82544,545.61316,853.1593846965827
1,2016-05-09,352.0,355.0,355.0,350.9713081137786,358.84427,338.01453,354.90778845630336,575.0,578.0,578.0,577.7340867685972,600.6446,563.66565,589.1893395268767,581.0,584.0,584.0,572.5040995198102,581.7038,561.5703,577.1039479532644,752.0,837.0,837.0,755.0533491186085,809.8586,519.01636,782.4559653307886
1,2016-05-10,349.0,352.0,352.0,347.6310225218244,356.64725,336.21423,352.1391349181388,567.0,575.0,575.0,575.5947145873661,598.59204,554.1151,587.0933778014955,583.0,581.0,581.0,574.7358777939801,576.91986,560.1647,575.8278693169119,713.0,752.0,752.0,662.7680360577319,768.85565,502.69202,715.8118439566003
1,2016-05-11,347.0,349.0,349.0,345.18307269946854,355.19382,334.4358,350.1884449190702,560.0,567.0,567.0,564.2073373994747,589.2764,544.9035,576.7418828110655,589.0,583.0,583.0,586.5019964006717,583.72437,554.63135,585.1131808175234,724.0,713.0,713.0,681.6755260272673,670.1297,496.53015,675.9026128671493
1,2016-05-12,347.0,347.0,347.0,343.52371166060595,350.10483,332.4849,346.81426977073266,555.0,560.0,560.0,556.990552889806,588.4895,538.3452,572.7400274214656,597.0,589.0,589.0,600.3325550957436,594.7161,557.31616,597.5243402920124,798.0,724.0,724.0,717.5377832511645,679.36536,515.10474,698.4515698482385
1,2016-05-13,347.0,347.0,347.0,345.56225999347146,346.21533,332.5886,345.88879601236073,553.0,555.0,555.0,552.8572111519502,586.1868,538.50275,569.5220198826157,598.0,597.0,597.0,612.635163289857,606.33954,571.15356,609.4873509320379,854.0,798.0,798.0,802.515356226591,877.68713,563.1195,840.1012450078267
1,2016-05-16,345.0,347.0,347.0,345.6930594252699,346.44235,333.7402,346.0677058600959,552.0,553.0,553.0,552.3730542258039,586.6866,543.735,569.5298193492301,604.0,598.0,598.0,607.6963074909374,599.6236,580.26733,603.6599518411718,988.0,854.0,854.0,818.41154337652,884.84595,588.2637,851.6287453210725
1,2016-05-17,342.0,345.0,345.0,342.57246556991674,345.1483,335.99185,343.86037524101306,552.0,552.0,552.0,553.2334768644919,587.64575,555.88794,570.4396144088084,611.0,604.0,604.0,619.9857594892333,606.38873,598.34186,613.1872461996948,954.0,988.0,988.0,1006.3464074902205,1046.9543,660.7898,1026.6503765966727
1,2016-05-18,342.0,342.0,342.0,339.4501110542112,343.10306,336.47247,341.2765844577697,553.0,552.0,552.0,555.3086404610112,588.63745,554.95447,571.9730458164431,617.0,611.0,611.0,624.7115995081773,610.44214,604.15784,617.5768690900261,906.0,954.0,954.0,884.3087231402175,899.38184,607.1188,891.8452795388587
2,2016-05-19,343.0,342.0,342.0,342.25932251913173,344.3552,332.40955,343.3072583054643,558.0,553.0,553.0,558.0469844103629,554.87463,584.85565,556.4608090997127,614.0,617.0,617.0,624.7183241146214,612.52545,622.3467,618.6218878873888,870.0,906.0,906.0,870.9919978767749,879.78455,889.0387,875.3882718876062
2,2016-05-20,344.0,343.0,343.0,342.71612164552545,344.7158,331.0374,343.71595572022363,562.0,558.0,558.0,562.6071659938441,556.9092,588.43713,559.758172840672,611.0,614.0,614.0,608.6950860664149,598.5589,612.33276,603.6269924960981,870.0,870.0,870.0,870.6159276237527,838.4196,856.33575,854.5177721614857
2,2016-05-23,345.0,344.0,344.0,342.9661226697064,344.3934,329.9295,343.6797623846579,565.0,562.0,562.0,564.2574356079299,562.8265,594.04834,563.5419563293556,608.0,611.0,611.0,608.9038062462821,599.0399,604.6697,603.9718616192348,848.0,870.0,870.0,886.9344824389156,852.402,850.2971,869.668229988989
2,2016-05-24,346.0,345.0,345.0,343.927895212134,343.87256,329.6498,343.900226902942,568.0,565.0,565.0,568.1976068739978,566.14124,599.6769,567.1694211127801,596.0,608.0,608.0,606.4899781181064,601.9182,598.595,604.2040955043657,799.0,848.0,848.0,812.1938527341842,826.59955,831.0856,819.396700537014
2,2016-05-25,347.0,346.0,346.0,345.37575638068216,343.8149,328.58716,344.595333634677,571.0,568.0,568.0,570.9479655556753,565.4773,601.91174,568.2126302387751,586.0,596.0,596.0,583.2500507838065,583.04425,581.1609,583.1471506360439,793.0,799.0,799.0,749.1062753393298,796.5647,794.82263,772.8354863024774
2,2016-05-26,347.0,347.0,347.0,346.21321202951856,344.10617,328.94864,345.1596913419077,575.0,571.0,571.0,574.6786512843923,565.37115,604.29456,570.0249030347743,582.0,586.0,586.0,575.7557892323911,577.82874,570.0641,576.7922622919768,830.0,793.0,793.0,777.4074656337361,770.37256,777.88983,773.8900121137431
2,2016-05-27,351.0,347.0,347.0,345.5470340133962,344.00525,330.11447,344.77614151841686,579.0,575.0,575.0,578.5071314737127,576.1211,610.2424,577.3141126118563,574.0,582.0,582.0,580.5739441143126,578.8987,575.9949,579.7363128774688,854.0,830.0,830.0,849.7731240963818,864.31445,827.53394,857.0437886106909
2,2016-05-31,355.0,351.0,351.0,351.58389333453505,351.1133,332.80353,351.3486025510566,580.0,579.0,579.0,582.9901735154482,580.116,612.0919,581.5531006737397,568.0,574.0,574.0,568.5294875505488,565.42676,569.7768,566.9781226815244,861.0,854.0,854.0,857.4858850955851,873.2977,847.3632,865.3918072938864
2,2016-06-01,354.0,355.0,355.0,355.5962142403445,352.25565,333.92294,353.92592999614885,578.0,580.0,580.0,581.1960459219265,583.29395,610.7528,582.2449956172132,560.0,568.0,568.0,563.0271835659807,565.29456,564.0742,564.1608696150216,854.0,861.0,861.0,851.6341985799268,846.4861,828.75775,849.0601412821509
2,2016-06-02,349.0,354.0,354.0,351.85593360363794,352.63754,329.566,352.24673816412366,575.0,578.0,578.0,575.174409606079,581.763,602.76404,578.4687050471802,550.0,560.0,560.0,551.1474844320098,563.39166,554.60913,557.269573514833,913.0,854.0,854.0,838.4451782771489,837.372,799.9052,837.9085937772463
2,2016-06-03,345.0,349.0,349.0,345.6315886192314,347.0947,322.7008,346.3631423320767,574.0,575.0,575.0,571.6515992673271,580.0356,591.8573,575.8435913817104,544.0,550.0,550.0,539.7113635190901,544.02496,543.2765,541.8681634489982,922.0,913.0,913.0,942.966125173707,980.8913,841.0648,961.9287107802129
2,2016-06-06,344.0,345.0,345.0,342.83636014268563,341.9609,318.7382,342.39863356255375,570.0,574.0,574.0,572.1630228108502,577.24805,585.39185,574.7055348429251,542.0,544.0,544.0,538.4473907066022,545.7641,538.985,542.105744913848,920.0,922.0,922.0,912.3712444732971,928.59906,830.5927,920.4851522659454
2,2016-06-07,338.0,344.0,344.0,342.4566248341765,343.22858,317.5701,342.8426007471664,567.0,570.0,570.0,566.7127688151659,564.8229,574.8522,565.7678223958642,540.0,542.0,542.0,543.0411500710072,550.8201,539.3361,546.9306397327692,973.0,920.0,920.0,911.9731037111782,916.132,811.9754,914.0525613770735
2,2016-06-08,332.0,338.0,338.0,332.29777956543876,336.00034,313.62982,334.14905762939907,564.0,567.0,567.0,562.1841523837844,562.3674,569.80817,562.2757614946265,543.0,540.0,540.0,539.9051325993173,544.1541,539.03357,542.0296231844243,995.0,973.0,973.0,1004.6910701585476,1007.92474,867.48987,1006.3079069054456
2,2016-06-09,327.0,332.0,332.0,326.4202542828647,329.9802,310.46643,328.2002241873308,560.0,564.0,564.0,559.6300539413559,562.91003,563.4359,561.2700440605217,543.0,543.0,543.0,547.2510799982182,556.9536,542.91284,552.1023466397342,1006.0,995.0,995.0,993.0929810415013,964.7882,895.94806,978.940594524657
2,2016-06-10,322.0,327.0,327.0,322.5324352594279,326.3569,308.84833,324.44466916779993,557.0,560.0,560.0,557.5944190937039,560.5015,558.1285,559.0479724863051,542.0,543.0,543.0,543.7074004418331,552.5974,544.9519,548.1524062756041,1014.0,1006.0,1006.0,979.7491724828311,1028.8774,914.11523,1004.3133069445405
2,2016-06-13,317.0,322.0,322.0,317.7799025231926,319.60974,306.3825,318.69482186706506,554.0,557.0,557.0,554.6086420600144,550.8041,553.99066,552.706359604226,543.0,542.0,542.0,545.0124662280174,552.33185,544.1964,548.6721571862743,1018.0,1014.0,1014.0,990.7807886455324,1016.97455,924.9033,1003.8776684926881
2,2016-06-14,315.0,317.0,317.0,312.52440093525865,311.1856,303.26968,311.85500442270745,552.0,554.0,554.0,552.3591354360888,547.05634,550.3434,549.7077354426538,545.0,543.0,543.0,547.0945756843703,552.266,544.8694,549.6802834476539,1000.0,1018.0,1018.0,987.0833156481796,1013.5296,925.05475,1000.3064588494804
2,2016-06-15,314.0,315.0,315.0,312.5108161743381,311.80658,302.06497,312.1586978820909,552.0,552.0,552.0,553.4583118175672,544.0081,546.0557,548.7332147466742,545.0,545.0,545.0,553.361779190283,552.9089,546.7987,553.1353268510009,976.0,1000.0,1000.0,944.8706072959591,928.0539,906.2473,936.4622506694639
2,2016-06-16,311.0,314.0,314.0,312.456885782719,312.72693,302.46924,312.5919072468282,554.0,552.0,552.0,553.5261486914733,544.1541,548.40564,548.8401312305023,546.0,545.0,545.0,547.2923168078506,552.34705,545.80286,549.819681353144,927.0,976.0,976.0,925.2978184133361,918.6873,876.535,921.9925676539337
2,2016-06-17,312.0,311.0,311.0,308.92350419082163,312.32983,301.3703,310.6266690875983,555.0,554.0,554.0,555.8972161899042,538.1047,551.03906,547.0009457414365,546.0,546.0,546.0,548.5439830776373,550.97534,547.7019,549.7596624372561,897.0,927.0,927.0,872.4493183253202,879.5018,835.3164,875.9755441724258
2,2016-06-20,315.0,312.0,312.0,312.13058995616296,313.49872,302.9464,312.8146541089409,559.0,555.0,555.0,555.2198548556107,539.667,550.60693,547.4434235215554,548.0,546.0,546.0,549.5618134218118,551.2783,547.0488,550.4200668671559,873.0,897.0,897.0,869.4225623289854,862.446,806.19775,865.934273107852
2,2016-06-21,318.0,315.0,315.0,317.3627260800695,313.7469,306.30396,315.55480664355036,563.0,559.0,559.0,561.8408423586105,540.0921,554.3944,550.966472204696,556.0,548.0,548.0,555.0278331598045,551.4551,551.0083,553.2414556424022,878.0,873.0,873.0,863.7473592206052,824.1625,787.7025,843.9549174032713
2,2016-06-22,322.0,318.0,318.0,320.1532724448382,313.36707,309.3036,316.76016893726285,570.0,563.0,563.0,566.0987624944646,545.1019,560.5763,555.600345602701,569.0,556.0,556.0,567.7528602973588,580.2534,558.21985,574.0031391330544,897.0,878.0,878.0,888.2049984185272,836.2148,782.96533,862.2098905666855
2,2016-06-23,329.0,322.0,322.0,324.84436619248294,321.31125,313.2655,323.07780748588993,577.0,570.0,570.0,575.6176115830251,548.30664,569.3012,561.9621261040126,585.0,569.0,569.0,586.4419101115893,585.91113,569.3306,586.1765214620447,913.0,897.0,897.0,915.1347880823024,892.9327,792.29346,904.0337331524793
2,2016-06-24,331.0,329.0,329.0,334.1913074757092,331.01862,318.4933,332.60496159918273,583.0,577.0,577.0,583.7886861930276,569.06915,577.7564,576.4289195125294,601.0,585.0,585.0,601.1674602117921,600.83203,580.53674,600.999745730896,919.0,913.0,913.0,912.0600815924247,919.10333,794.8291,915.581707055978
2,2016-06-27,336.0,331.0,331.0,332.8023230012865,336.6059,320.24725,334.7041094986901,587.0,583.0,583.0,587.1820238422742,574.14594,583.3866,580.663979450434,618.0,601.0,601.0,616.4877597064618,618.72296,590.9616,617.6053605661216,936.0,919.0,919.0,899.0506515693238,913.1791,793.4573,906.1148643588806
2,2016-06-28,338.0,336.0,336.0,339.22101624238127,340.14658,324.67047,339.6837960850578,593.0,587.0,587.0,590.9879503433298,582.99097,587.4258,586.9894585701024,634.0,618.0,618.0,634.4627874809556,626.5242,600.2112,630.4934787014154,955.0,936.0,936.0,948.5934908832593,943.89746,796.9312,946.2454759103796
2,2016-06-29,342.0,338.0,338.0,339.72255857749593,342.7327,327.84985,341.2276275553495,606.0,593.0,593.0,597.349834983263,584.741,595.11816,591.0454314076471,662.0,634.0,634.0,649.2471498931832,643.24316,610.9855,646.2451569778416,996.0,955.0,955.0,969.943806432234,959.78723,816.22644,964.8655189387732
2,2016-06-30,344.0,342.0,342.0,345.36427832697404,348.01663,332.84824,346.6904552035261,619.0,606.0,606.0,616.4942874344028,598.4393,615.1448,607.466778726967,691.0,662.0,662.0,692.433830688977,687.67786,640.66833,690.0558435671447,1030.0,996.0,996.0,1027.8064247319987,984.39825,860.2416,1006.102339563265
2,2016-07-01,347.0,344.0,344.0,345.15185762510157,349.76642,336.127,347.4591380410664,627.0,619.0,619.0,629.1247684094554,621.00476,633.2507,625.0647645758215,710.0,691.0,691.0,720.1978065349639,716.7915,665.92615,718.494655220607,1049.0,1030.0,1030.0,1067.5601302785694,1078.862,890.2091,1073.2110954127222
2,2016-07-04,349.0,347.0,347.0,348.35268868964977,350.01288,338.98016,349.18278355380926,633.0,627.0,627.0,634.5359650057751,631.24243,641.8189,632.8891983232,735.0,710.0,710.0,724.5457443184923,726.7063,675.56836,725.6260215733087,1034.0,1049.0,1049.0,1043.2209166020534,1090.6099,901.1836,1066.9153899416517
2,2016-07-05,349.0,349.0,349.0,350.60064812852863,352.49942,346.85144,351.55003414727213,637.0,633.0,633.0,642.2841191938155,636.9083,653.9089,639.596222194564,755.0,735.0,735.0,754.0744594637924,753.71436,704.30426,753.8944074662712,1019.0,1034.0,1034.0,1006.2264124719701,1078.8561,944.7132,1042.5412457867662
2,2016-07-06,352.0,349.0,349.0,349.15481164700515,351.4269,343.5771,350.29086102369786,639.0,637.0,637.0,641.8137350268385,636.8185,652.58484,639.3161082360755,779.0,755.0,755.0,774.804920943226,769.97363,720.4522,772.389276877863,1008.0,1019.0,1019.0,1034.7902988486408,1036.6211,919.93933,1035.7056962993204
2,2016-07-07,354.0,352.0,352.0,353.9054053283259,353.56088,346.26654,353.7331439483427,644.0,639.0,639.0,642.215900880166,637.19165,654.34705,639.7037756353955,792.0,779.0,779.0,802.7949177079764,798.7012,750.8566,800.7480447914882,1002.0,1008.0,1008.0,1033.0261454935708,1010.7111,933.323,1021.8686330495198
2,2016-07-08,356.0,354.0,354.0,355.9282505351468,354.25635,347.46173,355.0922990956984,647.0,644.0,644.0,650.0747384942691,647.65924,661.7091,648.8669896084627,799.0,792.0,792.0,802.9847529923144,803.4601,766.8146,803.2224180000635,991.0,1002.0,1002.0,1019.9738904725672,1015.385,939.7497,1017.6794501190961
2,2016-07-11,358.0,356.0,356.0,357.26046208026224,357.53632,347.94348,357.39838899911547,651.0,647.0,647.0,648.3736197485374,646.8146,666.06995,647.5940974719249,809.0,799.0,799.0,807.9313811203281,809.9334,776.4678,808.9323958824297,987.0,991.0,991.0,1009.0707879394878,929.422,938.7385,969.2463925049001
2,2016-07-12,360.0,358.0,358.0,359.4149512017818,358.1681,349.44336,358.79152101104717,666.0,651.0,651.0,654.042402033085,652.3386,671.8412,653.19051253998,819.0,809.0,809.0,820.8875078845708,825.7665,795.5985,823.3269936883792,1010.0,987.0,987.0,1011.344021604107,934.9068,945.6372,973.1254104602566
2,2016-07-13,361.0,360.0,360.0,362.8311756556376,361.30576,352.49957,362.068465635436,679.0,666.0,666.0,677.7854833079103,666.2953,692.43243,672.040385696924,842.0,819.0,819.0,833.1793576613361,837.1271,828.69946,835.1532164283243,1020.0,1010.0,1010.0,1043.8173374868243,1034.2166,992.7558,1039.0169451105996
2,2016-07-14,363.0,361.0,361.0,363.19241455490356,363.40634,355.0662,363.29937805381894,686.0,679.0,679.0,688.3506335694361,684.1894,705.6618,686.2700128296399,863.0,842.0,842.0,866.7523268851164,860.55475,865.58746,863.6535377101363,1023.0,1020.0,1020.0,1054.2495304059662,1023.0418,1021.67816,1038.6456697439987
2,2016-07-15,366.0,363.0,363.0,365.9740949227778,365.59677,358.1714,365.7854330815061,693.0,686.0,686.0,692.2964898605852,690.9429,711.9654,691.6196804771675,874.0,863.0,863.0,884.3019127595152,877.49725,887.9433,880.899583088742,1016.0,1023.0,1023.0,1042.5925236507924,1022.80725,1039.9618,1032.6998873136774
2,2016-07-18,371.0,366.0,366.0,369.4175575637753,368.84338,360.94525,369.1304706764189,697.0,693.0,693.0,699.2490284009123,691.5787,716.8403,695.4138513586593,879.0,874.0,874.0,884.2231113837798,880.3683,895.49146,882.2956987582961,986.0,1016.0,1016.0,1033.9444784008313,1028.8152,1043.3757,1031.379831973853
2,2016-07-19,376.0,371.0,371.0,374.86436271392347,373.18054,363.79108,374.0224523530555,700.0,697.0,697.0,703.2541531304593,695.6894,718.5498,699.4717726101514,872.0,879.0,879.0,887.4471744726058,885.186,899.79706,886.3165742968497,937.0,986.0,986.0,1008.9746144498698,916.5583,1004.92017,962.7664515120443
2,2016-07-20,379.0,376.0,376.0,379.5019948501123,380.02908,365.0496,379.7655390510327,702.0,700.0,700.0,703.230069671625,697.4821,718.46045,700.3560931854219,850.0,872.0,872.0,866.5373798786871,854.7509,878.3142,860.6441477030155,906.0,937.0,937.0,939.7244484128422,875.89526,940.8958,907.8098560423587
2,2016-07-21,383.0,379.0,379.0,381.1360905773067,380.83148,363.93817,380.98378625545024,701.0,702.0,702.0,702.6505868822616,695.2786,711.30975,698.9646061852714,827.0,850.0,850.0,830.0056124097769,830.7046,838.81714,830.3551011267634,895.0,906.0,906.0,905.8290486969174,904.84784,910.7802,905.3384440261931
2,2016-07-22,386.0,383.0,383.0,385.4641348485465,383.891,364.74072,384.67756302974203,698.0,701.0,701.0,700.5728971335,696.0883,705.0189,698.3306075022969,806.0,827.0,827.0,808.9309422229527,806.3771,809.4432,807.6540087091325,877.0,895.0,895.0,913.5413581516863,887.70135,891.2743,900.6213565660776
2,2016-07-25,390.0,386.0,386.0,387.37192034974447,389.48846,365.98178,388.4301923526066,697.0,698.0,698.0,694.8731792782152,695.62427,699.3164,695.24872342817,784.0,806.0,806.0,789.6236645931316,792.5402,784.76044,791.0819433805502,841.0,877.0,877.0,877.8822620973422,840.74176,869.23364,859.3120111756242
2,2016-07-26,392.0,390.0,390.0,391.4046449707436,391.3674,369.93646,391.3860230468953,690.0,697.0,697.0,696.7036563965894,692.3627,697.56244,694.5331636475134,752.0,784.0,784.0,765.3880450790333,769.90466,769.8482,767.6463540824855,803.0,841.0,841.0,834.8679584844855,814.8147,843.9998,824.8413278750552
2,2016-07-27,396.0,392.0,392.0,391.5177727542304,389.84485,371.00607,390.6813106935215,684.0,690.0,690.0,683.4885022060416,686.86676,687.14087,685.1776312299739,719.0,752.0,752.0,720.1597724292891,730.5145,739.9392,725.3371493982384,780.0,803.0,803.0,794.060747124222,812.725,804.73315,803.3928613550797
2,2016-07-28,399.0,396.0,396.0,396.6976135710305,391.8952,374.53607,394.2964081038746,676.0,684.0,684.0,680.1131753792931,681.02057,680.5929,680.5668721134747,692.0,719.0,719.0,690.5967455266449,700.30707,713.4348,695.4519066988694,768.0,780.0,780.0,773.5916199696064,766.10034,785.1289,769.8459808832407
2,2016-07-29,401.0,399.0,399.0,398.88361037102237,398.38916,376.78583,398.63638526363616,671.0,676.0,676.0,671.9065779800633,674.9771,673.801,673.4418448982348,673.0,692.0,692.0,670.6384604311139,675.07025,691.66064,672.8543559479788,757.0,768.0,768.0,767.9193002993974,761.3589,776.8345,764.6390935090737
2,2016-08-01,400.0,401.0,401.0,400.3862396239844,401.22348,377.03595,400.8048599242969,667.0,671.0,671.0,665.9785225296605,665.3088,670.81946,665.6436496925646,658.0,673.0,673.0,658.4358407195085,657.52423,674.64636,657.9800358382699,757.0,757.0,757.0,745.5132950585455,769.3262,761.95734,757.4197334667728
2,2016-08-02,397.0,400.0,400.0,397.513265829219,398.87366,373.4809,398.19346152789075,663.0,667.0,667.0,660.3125200535503,663.50104,665.56366,661.9067788256033,648.0,658.0,658.0,645.0357770360285,647.9228,655.5171,646.4792837816861,758.0,757.0,757.0,748.5570775524609,778.00616,745.2337,763.2816210516211
2,2016-08-03,395.0,397.0,397.0,394.67016901541444,393.06387,368.17078,393.86702115321503,660.0,663.0,663.0,656.2387142095508,657.1266,659.5237,656.6826505618067,641.0,648.0,648.0,638.7700533724806,640.53894,638.3785,639.654496901084,759.0,758.0,758.0,755.0181091015551,781.17944,724.6347,768.0987762304651
2,2016-08-04,394.0,395.0,395.0,392.95486089645067,388.4901,365.55994,390.7224866005691,654.0,660.0,660.0,656.4414012571417,656.2415,654.8079,656.3414586852115,640.0,641.0,641.0,635.8836241682036,642.78485,626.6801,639.3342376212112,770.0,759.0,759.0,759.5718977905216,778.05206,714.33887,768.8119803894015
2,2016-08-05,392.0,394.0,394.0,391.55853302503806,388.4726,364.03137,390.0155641199409,647.0,654.0,654.0,649.116618411736,651.3255,649.46216,650.2210594500086,638.0,640.0,640.0,635.561901197675,639.4417,622.911,637.5018063117282,777.0,770.0,770.0,778.7464552319437,789.4987,715.29913,784.1225867468313
2,2016-08-08,389.0,392.0,392.0,389.32343417772427,387.70325,362.9962,388.5133406240184,645.0,647.0,647.0,640.9952688894293,646.38824,641.4685,643.6917567591678,642.0,638.0,638.0,635.9576059462333,628.2367,621.18115,632.0971501410854,770.0,777.0,777.0,776.0464190500965,784.13477,720.63947,780.0905923375483
2,2016-08-09,391.0,389.0,389.0,386.4130960758557,384.86893,362.462,385.6410115389044,642.0,645.0,645.0,642.1163143746398,643.65234,642.5138,642.8843290623199,659.0,642.0,642.0,647.8761785601578,644.40027,630.5887,646.1382235574226,795.0,770.0,770.0,764.730254145639,771.9101,718.8073,768.3201746802414
2,2016-08-10,394.0,391.0,391.0,391.70475707444746,387.7296,365.5384,389.71718566613,639.0,642.0,642.0,642.3578796186214,638.3966,642.70886,640.3772430319669,687.0,659.0,659.0,676.7859413587771,680.4234,657.7475,678.6046711188417,833.0,795.0,795.0,813.379245105725,816.79486,751.6759,815.0870529727844
2,2016-08-11,396.0,394.0,394.0,394.96531290002235,389.84467,369.10663,392.40498921368305,640.0,639.0,639.0,639.9129351424515,636.1175,645.0108,638.0152139091164,703.0,687.0,687.0,715.5184665906011,714.06683,689.88654,714.7926500433474,891.0,833.0,833.0,866.6999050958821,886.49963,796.70917,876.5997694424723
2,2016-08-12,399.0,396.0,396.0,396.6805488340822,392.84924,371.80362,394.76489599907234,643.0,640.0,640.0,642.956202079755,641.0239,649.5831,641.9900639305025,713.0,703.0,703.0,715.9646026172718,711.5388,706.73773,713.7517104883234,920.0,891.0,891.0,942.6163549248995,966.81067,868.5707,954.713511935106
2,2016-08-15,403.0,399.0,399.0,401.0149678307705,398.89233,374.90146,399.95365090757275,646.0,643.0,643.0,646.6011317118206,641.8041,654.05115,644.202604430129,721.0,713.0,713.0,722.6463288531388,726.55896,715.45544,724.6026444070382,926.0,920.0,920.0,953.2318992747568,952.11646,888.12286,952.6741771764409
2,2016-08-16,405.0,403.0,403.0,406.58332499528444,406.45215,378.4066,406.5177367163922,652.0,646.0,646.0,649.7987414254558,646.884,655.78265,648.3413567967123,726.0,721.0,721.0,728.104777930348,733.1589,721.4694,730.6318262210334,885.0,926.0,926.0,945.6086192806661,936.53534,885.15436,941.0719793180674
2,2016-08-17,407.0,405.0,405.0,407.08048462716465,405.80096,381.27237,406.4407244913167,666.0,652.0,652.0,657.0075818899595,654.0066,662.54846,655.5070868434173,727.0,726.0,726.0,729.0508618627205,730.7606,726.7832,729.905740989954,852.0,885.0,885.0,880.2299946508925,842.27185,848.84033,861.250922618415
2,2016-08-18,412.0,407.0,407.0,408.78005102980364,406.5842,385.10193,407.68212451392526,677.0,666.0,666.0,678.9136160286674,670.97705,679.935,674.9453334049588,727.0,727.0,727.0,725.7154970614639,725.5128,737.3895,725.6141572221381,843.0,852.0,852.0,875.1503452506661,844.5423,857.79736,859.8463213069737
2,2016-08-19,416.0,412.0,412.0,415.7458530006565,412.37302,390.3438,414.0594346790392,686.0,677.0,677.0,687.7062603020775,684.3628,695.6345,686.0345266354137,721.0,727.0,727.0,727.1607963884544,726.5034,744.58044,726.8321071786022,848.0,843.0,843.0,879.399535917324,834.07324,881.3616,856.736389052412
2,2016-08-22,420.0,416.0,416.0,417.91152459478917,415.99637,394.24188,416.95394650149615,694.0,686.0,686.0,693.8672863604228,692.8364,704.23004,693.3518560708364,714.0,721.0,721.0,717.4440719403003,716.6317,743.32446,717.0378929037439,861.0,848.0,848.0,857.7098149275661,851.9275,902.0426,854.8186525809706
2,2016-08-23,425.0,420.0,420.0,421.3297508737901,420.91092,398.67114,421.1203350316216,702.0,694.0,694.0,702.3749106780181,694.84393,710.6865,698.6094218917434,706.0,714.0,714.0,710.3867442032209,711.88043,741.01306,711.1335881660636,910.0,861.0,861.0,879.7936006444544,858.1869,919.7363,868.9902451464459
2,2016-08-24,428.0,425.0,425.0,426.96551672874364,427.73178,403.22107,427.3486488673015,712.0,702.0,702.0,710.7192915970617,700.9181,714.94336,705.8186912086871,700.0,706.0,706.0,701.6186954499632,697.1824,736.23376,699.400534248419,974.0,910.0,910.0,946.955285209531,986.5202,974.03235,966.7377439231249
2,2016-08-25,431.0,428.0,428.0,428.9195975711333,430.77045,405.17563,429.8450221742385,715.0,712.0,712.0,718.4760265842361,718.1536,723.8875,718.3148260362586,687.0,700.0,700.0,696.8996541735235,696.705,729.05194,696.8023356316836,1001.0,974.0,974.0,1019.9296843763186,1020.3402,1028.052,1020.1349471686281
2,2016-08-26,432.0,431.0,431.0,430.3253188908274,430.75977,406.87115,430.54254225791374,719.0,715.0,715.0,718.8307396694632,713.8665,723.6909,716.3486278913722,674.0,687.0,687.0,676.1363393836307,680.8803,708.0361,678.5083247211122,986.0,1001.0,1001.0,1013.5655110322559,981.25684,1025.746,997.411173484878
2,2016-08-30,432.0,432.0,432.0,430.4968980127789,430.34012,408.0477,430.41850821049104,721.0,719.0,719.0,720.3094579194119,720.6771,721.229,720.4932909714247,660.0,674.0,674.0,664.034362379301,662.826,694.1789,663.4301755744161,978.0,986.0,986.0,972.803184739849,934.1466,992.9539,953.4748955925808
2,2016-08-31,433.0,432.0,432.0,429.59117221765473,432.22296,407.83502,430.907066821718,723.0,721.0,721.0,720.2562381414226,718.97406,717.87885,719.6151491000082,652.0,660.0,660.0,647.6284438555622,652.203,679.38025,649.9157233926248,1002.0,978.0,978.0,977.2993187683984,934.8939,968.7817,956.0966198334179
2,2016-09-01,432.0,433.0,433.0,431.17189264887696,433.7088,409.1114,432.44034695920413,721.0,723.0,723.0,724.465076552426,722.67535,718.2873,723.5702152781662,644.0,652.0,652.0,646.6267515136597,645.05566,676.34204,645.8412077880798,1054.0,1002.0,1002.0,1013.6767630196313,1036.969,990.05035,1025.3228785801282
2,2016-09-02,429.0,432.0,432.0,428.8694119924604,430.93448,407.84686,429.901945376113,718.0,721.0,721.0,717.9753824074614,715.0065,713.131,716.490926067012,640.0,644.0,644.0,638.1650046861054,641.1915,670.6508,639.678266503209,1079.0,1054.0,1054.0,1083.540944686932,1093.047,1038.5166,1088.2939708786223
2,2016-09-05,425.0,429.0,429.0,425.2348538861378,425.63092,405.21497,425.432887148147,714.0,718.0,718.0,711.6914095287113,713.5645,708.8477,712.6279618444338,641.0,640.0,640.0,638.5095728127786,640.6424,669.67303,639.5759839161549,1182.0,1079.0,1079.0,1092.4946485522999,1105.2915,1058.4133,1098.8930762292748
2,2016-09-06,422.0,425.0,425.0,421.48744576956364,419.22906,406.4963,420.35825535548497,702.0,714.0,714.0,711.020976598452,707.28937,711.19464,709.1551721371166,648.0,641.0,641.0,642.0605094759769,644.1238,675.71436,643.092144386426,1371.0,1182.0,1182.0,1204.7999839855945,1216.1576,1216.0625,1210.4787883795161
2,2016-09-07,420.0,422.0,422.0,418.66685029682617,418.31226,400.84747,418.4895530781006,694.0,702.0,702.0,693.8559570394342,691.66034,697.29333,692.7581481974514,655.0,648.0,648.0,658.6953553781583,657.01306,695.601,657.8542084507978,1478.0,1371.0,1371.0,1472.2214632675646,1535.2687,1415.6263,1503.7450700126885
2,2016-09-08,419.0,420.0,420.0,417.1443917407699,417.47012,398.86295,417.30725751589273,688.0,694.0,694.0,689.0914854191558,687.847,692.9328,688.4692351412185,658.0,655.0,655.0,661.8884355818126,667.4911,715.4119,664.6897622245001,1566.0,1478.0,1478.0,1509.6844465385304,1529.5492,1513.3188,1519.6168204372339
2,2016-09-09,417.0,419.0,419.0,416.408386312985,415.91022,398.32123,416.1593017990706,681.0,688.0,688.0,686.136225985974,683.7306,689.66034,684.9334084031432,659.0,658.0,658.0,658.6903955597154,665.96436,723.56494,662.3273755142327,1581.0,1566.0,1566.0,1577.9494074818704,1602.2688,1582.6721,1590.1091031549977
2,2016-09-12,415.0,417.0,417.0,414.23276239666114,414.50824,396.44147,414.3705010713775,671.0,681.0,681.0,675.6992550520649,675.2884,684.7042,675.4938230826731,656.0,659.0,659.0,660.9374970361475,666.0959,719.8347,663.5166916333081,1607.0,1581.0,1581.0,1565.893810524813,1553.9432,1559.6349,1559.9185239147503
2,2016-09-13,415.0,415.0,415.0,412.4271587167922,411.8259,394.1458,412.1265279667945,665.0,671.0,671.0,663.8235262190627,664.1129,677.66156,663.9682206290627,649.0,656.0,656.0,652.9482394923134,653.296,709.95953,653.122130000063,1444.0,1607.0,1607.0,1597.500714883424,1628.3088,1574.0762,1612.9047763870244
2,2016-09-14,415.0,415.0,415.0,413.41652740885536,413.37448,395.82666,413.3955043050136,661.0,665.0,665.0,660.1502708589375,663.31305,678.06824,661.7316600876718,645.0,649.0,649.0,639.2549282240338,644.74713,698.1498,642.001029785845,1487.0,1444.0,1444.0,1319.2409724458494,1373.7034,1421.4652,1346.4721707932372
2,2016-09-15,415.0,415.0,415.0,413.0257619546241,414.63907,392.88586,413.8324152790699,660.0,661.0,661.0,659.5031115694516,659.4666,675.4492,659.4848626694913,646.0,645.0,645.0,643.7773333026215,642.4721,690.9015,643.1247201181077,1680.0,1487.0,1487.0,1513.8418369239273,1520.4141,1485.8542,1517.1279497119635
2,2016-09-16,416.0,415.0,415.0,413.2869782640938,414.59738,391.3345,413.94217992794535,661.0,660.0,660.0,660.9568530487318,658.92114,681.3946,659.9389978134284,650.0,646.0,646.0,650.8406344278831,642.4725,707.78815,646.6565537862072,1853.0,1680.0,1680.0,1758.7113238012641,1888.3954,1765.8619,1823.553354771726
2,2016-09-19,417.0,416.0,416.0,414.55045861263335,415.17297,391.66577,414.8617161227229,660.0,661.0,661.0,665.5957950874053,660.59863,686.0094,663.0972139499527,657.0,650.0,650.0,652.5571888222421,654.07245,722.9319,653.3148187763554,1964.0,1853.0,1853.0,1874.0488647574089,1923.5646,1861.754,1898.8067199763607
2,2016-09-20,418.0,417.0,417.0,416.3165616112836,417.94614,393.11398,417.13134904294645,662.0,660.0,660.0,663.3199223686739,658.9207,695.7178,661.1203188503525,673.0,657.0,657.0,666.1070955435474,673.85345,737.8732,669.9802750666956,2118.0,1964.0,1964.0,1944.5345397950675,2023.7745,1922.9241,1984.1545379639401
2,2016-09-21,420.0,418.0,418.0,418.08167973368944,418.29456,391.36435,418.188117698876,688.0,662.0,662.0,666.0246191194349,660.81366,699.17883,663.4191393937018,700.0,673.0,673.0,691.1581678435754,696.34814,757.1865,693.7531561874127,2389.0,2118.0,2118.0,2171.9986156563596,2175.176,2026.008,2173.587320523492
2,2016-09-22,421.0,420.0,420.0,422.12115274306063,420.58694,393.9868,421.3540486615694,671.0,688.0,688.0,710.8587600569322,692.10004,742.8122,701.479398339013,722.0,700.0,700.0,732.2142879187384,727.42426,829.4137,729.8192716449161,2383.0,2389.0,2389.0,2521.382374504985,2501.3098,2262.6091,2511.346094479055
2,2016-09-23,422.0,421.0,421.0,420.24628752835804,423.1176,395.79825,421.6819511372259,673.0,671.0,671.0,665.6697136124928,666.6947,716.3832,666.1822078804652,739.0,722.0,722.0,735.7420653406385,746.4323,827.74286,741.0871886761786,2325.0,2383.0,2383.0,2287.3415260352895,2422.4543,2222.484,2354.8979358692072
2,2016-09-26,422.0,422.0,422.0,421.7401278920579,424.1048,398.23944,422.9224626276696,674.0,673.0,673.0,681.6160934052563,669.5803,713.3602,675.5982078354407,750.0,739.0,739.0,749.4277418500444,758.3298,853.1614,753.8787573996316,2298.0,2325.0,2325.0,2251.337543016167,2318.5837,2173.2175,2284.960641625271
2,2016-09-27,422.0,422.0,422.0,421.4382683862566,424.03403,399.60553,422.736147742933,676.0,674.0,674.0,680.724756011958,674.63525,713.7855,677.680004959104,751.0,750.0,750.0,756.8474918338555,765.81445,861.9053,761.3309724794278,2196.0,2298.0,2298.0,2273.9041570277823,2295.4602,2186.8672,2284.6821810529536
2,2016-09-28,422.0,422.0,422.0,420.9351835028487,423.98514,399.512,422.46016072115094,676.0,676.0,676.0,681.9868572163715,676.1366,711.8946,679.0617269480294,741.0,751.0,751.0,748.4694977019328,750.95325,853.21655,749.7113723861227,2067.0,2196.0,2196.0,2127.4992700305625,2147.7222,2108.4487,2137.6107189996565
2,2016-09-29,421.0,422.0,422.0,420.14044125597155,423.86075,399.61218,422.0005947734936,679.0,676.0,676.0,674.1205721087905,675.19,711.7916,674.6552872750983,726.0,741.0,741.0,726.6555915336583,731.9637,835.8349,729.3096378078448,2008.0,2067.0,2067.0,1971.2647441814752,1991.7765,2024.7175,1981.5206167196438
2,2016-09-30,419.0,421.0,421.0,419.1793259755632,419.67365,396.7408,419.4264854975472,681.0,679.0,679.0,683.6456624872826,678.8766,711.31006,681.2611247006726,713.0,726.0,726.0,710.6158079806062,713.9849,819.67175,712.3003661485062,1971.0,2008.0,2008.0,1969.2388460576017,1955.9844,2009.0876,1962.6116105288008
2,2016-10-03,417.0,419.0,419.0,415.6571252555063,417.37912,394.35873,416.5181225642766,681.0,681.0,681.0,682.95518589712,676.81866,711.88416,679.8869252239506,705.0,713.0,713.0,706.2231169729039,703.12354,802.41473,704.6733260645769,1970.0,1971.0,1971.0,1940.0884559578276,1904.1029,1971.4283,1922.0956806156325
2,2016-10-04,415.0,417.0,417.0,413.6062701916671,416.00452,393.27573,414.8053933966148,680.0,681.0,681.0,680.0915747233626,676.95746,708.89453,678.5245166097282,699.0,705.0,705.0,698.9691678221858,696.89545,791.3767,697.9323072997647,2012.0,1970.0,1970.0,1952.9555883497094,1981.6853,1952.4414,1967.3204455420423
2,2016-10-05,413.0,415.0,415.0,411.74724164839824,412.12717,390.49564,411.93720419822256,678.0,680.0,680.0,679.9677033080418,674.7646,705.0048,677.3661453551928,704.0,699.0,699.0,696.1059809820442,690.76105,779.8307,693.4335141726627,2218.0,2012.0,2012.0,2013.701426041974,2037.8258,2001.9246,2025.763615853018
2,2016-10-06,411.0,413.0,413.0,409.87973031659465,411.37082,388.24677,410.62527470419576,677.0,678.0,678.0,678.2665528240705,675.227,701.7319,676.7467712850821,717.0,704.0,704.0,713.2404059253809,707.63043,788.1619,710.4354190271436,2245.0,2218.0,2218.0,2301.0423132163673,2308.0203,2209.975,2304.531288444121
2,2016-10-07,410.0,411.0,411.0,407.90701124992717,408.0156,390.59894,407.9613028661745,677.0,677.0,677.0,675.8519971723678,673.9415,701.2748,674.8967627463401,729.0,717.0,717.0,727.7816487994954,741.53674,801.10223,734.659195981779,2235.0,2245.0,2245.0,2178.9319422837884,2340.0427,2172.899,2259.487333446582
2,2016-10-10,409.0,410.0,410.0,406.7470159873027,407.64392,392.21228,407.1954684428701,676.0,677.0,677.0,678.1563288971789,675.80774,700.1174,676.9820340774957,745.0,729.0,729.0,729.5123214025215,755.20654,811.9899,742.3594321856358,2235.0,2235.0,2235.0,2143.415307264877,2267.115,2109.05,2205.265148749626
2,2016-10-11,408.0,409.0,409.0,407.3333063724149,407.392,394.64154,407.36265233171525,674.0,676.0,676.0,675.6505975673189,674.5078,696.99194,675.0792050336595,763.0,745.0,745.0,755.2422683339757,765.78735,820.8529,760.5148109248004,2154.0,2235.0,2235.0,2160.2793381793526,2285.6455,2093.4365,2222.9624229959263
2,2016-10-12,410.0,408.0,408.0,405.9778227456987,404.74847,394.57028,405.3631484333962,673.0,674.0,674.0,672.6364612037639,673.9205,696.1598,673.2784661975851,790.0,763.0,763.0,775.7874835668357,777.9366,831.2227,776.862034019746,2018.0,2154.0,2154.0,2055.5886498226646,2166.3408,1973.9004,2110.9647350675823
2,2016-10-13,411.0,410.0,410.0,409.5973130509686,411.8389,397.45566,410.7181053780233,674.0,673.0,673.0,674.7669738771698,667.6834,698.278,671.2251922608505,819.0,790.0,790.0,813.2030989023345,810.33014,858.9926,811.7666190312455,2018.0,2018.0,2018.0,1913.8372718233618,1983.7926,1865.8243,1948.8149371812121
2,2016-10-14,413.0,411.0,411.0,410.36434860736193,412.81772,398.4408,411.5910335566107,676.0,674.0,674.0,676.465874305289,676.8959,703.08563,676.6808741643633,838.0,819.0,819.0,842.236472741074,837.47327,886.0518,839.8548696713183,2003.0,2018.0,2018.0,2023.3679021306448,2033.5914,1980.2747,2028.4796663973536
2,2016-10-17,417.0,413.0,413.0,412.54645406092027,416.3122,400.02942,414.4293244425695,678.0,676.0,676.0,678.871095514945,678.5622,707.2669,678.7166451695819,860.0,838.0,838.0,853.7280704069171,854.9111,897.40967,854.3195710921304,1950.0,2003.0,2003.0,1975.5595945377759,1993.1095,1977.601,1984.3345458040442
2,2016-10-18,421.0,417.0,417.0,417.82885812321257,420.972,403.55887,419.4004214932469,682.0,678.0,678.0,684.5490631514197,679.58826,712.06445,682.0686599936786,885.0,860.0,860.0,878.8713486658137,879.76514,916.17053,879.3182426922818,1826.0,1950.0,1950.0,1894.1824531756017,1865.4951,1928.047,1879.838785181551
2,2016-10-19,424.0,421.0,421.0,422.54126653290274,423.05838,406.9156,422.7998233299279,691.0,682.0,682.0,689.028054983786,688.4308,717.3563,688.7294205582992,905.0,885.0,885.0,905.8600591886304,905.112,937.3032,905.4860293501746,1637.0,1826.0,1826.0,1743.5074812988473,1754.8365,1790.6349,1749.172014575205
2,2016-10-20,427.0,424.0,424.0,424.881459608764,427.7281,410.36774,426.3047739938351,700.0,691.0,691.0,700.8810456618281,694.64526,727.8051,697.7631546668515,915.0,905.0,905.0,918.4884641872274,918.64026,949.99475,918.5643614881449,1575.0,1637.0,1637.0,1526.85090127524,1568.1704,1609.5638,1547.510655715745
2,2016-10-21,428.0,427.0,427.0,427.7426011059242,432.0472,412.03174,429.8949058996418,705.0,700.0,700.0,709.4897428611,700.81964,736.0857,705.1546919871906,923.0,915.0,915.0,916.5284103817474,920.89355,946.03864,918.7109825346238,1471.0,1575.0,1575.0,1553.1897814837644,1513.4891,1588.1533,1533.339458612976
2,2016-10-24,430.0,428.0,428.0,427.4122274152395,430.2783,412.91473,428.8452586050807,710.0,705.0,705.0,709.5690165201354,715.1745,741.50024,712.3717580159271,925.0,923.0,923.0,925.604224531948,929.3574,938.897,927.4808232034741,1348.0,1471.0,1471.0,1400.1114776295315,1396.904,1500.5721,1398.5077651819533
2,2016-10-25,430.0,430.0,430.0,429.18230280277606,431.7952,415.498,430.4887496679896,714.0,710.0,710.0,717.0183483271855,717.4882,747.6083,717.2532842710146,925.0,925.0,925.0,921.2693250214076,921.06226,930.6512,921.1657904403912,1275.0,1348.0,1348.0,1253.355490459026,1282.3811,1406.2745,1267.8682969873255
2,2016-10-26,432.0,430.0,430.0,427.37079172429355,429.91068,414.91647,428.64073338656084,719.0,714.0,714.0,719.6812744340162,716.1865,749.583,717.9338989357582,921.0,925.0,925.0,920.1350936289818,921.07983,922.4614,920.6074638066784,1248.0,1275.0,1275.0,1227.6776136752399,1227.9242,1353.4069,1227.8009040055886
2,2016-10-27,433.0,432.0,432.0,430.7405216125735,433.80032,415.97595,432.2704225494508,722.0,719.0,719.0,725.5926875613713,723.87665,752.4218,724.734667755295,913.0,921.0,921.0,914.6488171645709,915.8468,911.4149,915.2478094611918,1417.0,1248.0,1248.0,1252.4249613151405,1226.5466,1327.3025,1239.4857960872578
2,2016-10-28,435.0,433.0,433.0,430.2096931370387,434.6825,415.46042,432.4460941271131,722.0,722.0,722.0,726.1810234791143,722.98083,750.2123,724.5809292200258,905.0,913.0,913.0,902.912046968288,903.20355,895.5294,903.0577996071909,1534.0,1417.0,1417.0,1503.0922891905475,1637.1665,1548.1963,1570.1293965483987
2,2016-10-31,436.0,435.0,435.0,432.63443668557244,439.30103,417.2909,435.9677310380987,721.0,722.0,722.0,723.9361047633779,718.51245,748.958,721.2242779676264,895.0,905.0,905.0,894.2830302329776,893.89636,887.08014,894.0896962688325,1443.0,1534.0,1534.0,1534.7685477445798,1581.5376,1647.9136,1558.153072700415
2,2016-11-01,434.0,436.0,436.0,432.99384374865014,438.76346,419.00125,435.8786510003016,718.0,721.0,721.0,720.9972457917679,718.09247,745.7218,719.5448570267433,885.0,895.0,895.0,881.8224609678326,878.30334,876.8432,880.0629028471976,1451.0,1443.0,1443.0,1335.067096682674,1363.3273,1472.6287,1349.1971835952431
2,2016-11-02,434.0,434.0,434.0,430.37357288213104,436.26376,415.4254,433.3186681549327,718.0,718.0,718.0,714.5662687722656,716.2281,738.1329,715.3971785755859,886.0,885.0,885.0,872.2144304014474,876.49524,868.46344,874.3548348296299,1544.0,1451.0,1451.0,1460.58841843811,1398.1031,1475.9658,1429.3457839260864
2,2016-11-03,433.0,434.0,434.0,431.4392307432796,437.3376,414.28592,434.3884080962492,716.0,718.0,718.0,718.25972493972,717.83185,738.32196,718.0457865421256,885.0,886.0,886.0,886.6303625828177,887.7678,878.5497,887.1990924242214,1593.0,1544.0,1544.0,1610.0655808328606,1621.5718,1583.3663,1615.8186790883053
2,2016-11-04,431.0,433.0,433.0,429.6195888594288,431.8029,414.40424,430.71123791115974,712.0,716.0,716.0,714.4138030491994,715.8034,738.96387,715.1086044054591,889.0,885.0,885.0,881.2970380980018,887.5115,881.4881,884.4042563536884,1636.0,1593.0,1593.0,1572.109468221942,1640.4216,1611.8284,1606.2655495406584
2,2016-11-07,431.0,431.0,431.0,426.7136183994129,426.86255,413.68054,426.78808361376895,708.0,712.0,712.0,707.2948327397577,708.29584,735.49805,707.7953350710507,903.0,889.0,889.0,889.7360226316393,897.41077,888.4123,893.5733946166009,1786.0,1636.0,1636.0,1605.9024985217927,1671.3804,1656.9468,1638.6414348077715
2,2016-11-08,429.0,431.0,431.0,428.12508534592337,428.30212,414.34576,428.21360468468043,703.0,708.0,708.0,706.9445683928229,706.2086,734.6619,706.5765932784427,927.0,903.0,903.0,914.0295056168377,920.2333,906.9182,917.1313909920126,1954.0,1786.0,1786.0,1830.5797045235718,1861.1901,1839.9451,1845.8848840000671
2,2016-11-09,430.0,429.0,429.0,425.62422356588667,425.64432,413.487,425.6342705964199,703.0,703.0,703.0,700.6372650892738,695.59247,735.98737,698.1148666754963,956.0,927.0,927.0,947.5079110170932,949.85944,928.6909,948.6836735261247,2010.0,1954.0,1954.0,1995.4320006005476,1998.8301,2007.8616,1997.1310393627737
2,2016-11-10,428.0,430.0,430.0,428.2399044252352,428.05994,415.6346,428.14992047433634,705.0,703.0,703.0,706.4345373100209,698.6348,741.2576,702.5346819850886,1011.0,956.0,956.0,976.5981091241473,967.3192,964.93567,971.9586614956675,2303.0,2010.0,2010.0,1977.0325276204567,2038.323,2018.8152,2007.6777628336658
2,2016-11-11,433.0,428.0,428.0,426.3647637296269,425.76932,415.2879,426.06704067829,707.0,705.0,705.0,710.1607927868058,710.2302,751.7002,710.1955086980904,1058.0,1011.0,1011.0,1061.6638498776483,1033.7416,1029.5048,1047.702713513043,2338.0,2303.0,2303.0,2434.1882860563946,2363.6106,2413.5337,2398.89944087976
2,2016-11-14,436.0,433.0,433.0,435.745279531232,436.74063,423.40698,436.2429553173738,713.0,707.0,707.0,712.7338579481909,711.04816,756.8227,711.8910073432361,1162.0,1058.0,1058.0,1087.9942522184692,1082.7784,1088.5885,1085.3863473006409,2282.0,2338.0,2338.0,2280.0282489553883,2372.4377,2401.801,2326.2329965480067
2,2016-11-15,443.0,436.0,436.0,437.9923523574925,440.0171,426.584,439.0047211006213,722.0,713.0,713.0,721.5017980708624,719.5814,771.56415,720.5416094846499,1263.0,1162.0,1162.0,1248.9291019987334,1174.6614,1197.9503,1211.795239475929,2441.0,2282.0,2282.0,2256.9011663508536,2261.3345,2457.1128,2259.117819503552
2,2016-11-16,454.0,443.0,443.0,448.4038578879323,448.6621,431.44867,448.53298363146615,748.0,722.0,722.0,736.5085472707649,727.83136,785.2042,732.1699535670231,1353.0,1263.0,1263.0,1337.9087890851306,1290.0817,1288.1804,1313.9952270620965,2731.0,2441.0,2441.0,2554.50480116761,2623.9106,2738.3042,2589.20772284943
2,2016-11-17,466.0,454.0,454.0,463.20467182107467,458.85544,444.83743,461.0300550267483,809.0,748.0,748.0,778.8589779714017,758.788,824.2852,768.8235014368727,1388.0,1353.0,1353.0,1418.4228829826009,1350.3608,1378.0278,1384.3918614131753,2752.0,2731.0,2731.0,2892.7380229038235,2839.4048,3021.9243,2866.071404030037
2,2016-11-18,477.0,466.0,466.0,476.5997589801554,471.73026,459.59024,474.1650070535543,835.0,809.0,809.0,863.9686613993908,816.8043,859.0256,840.3864913442267,1387.0,1388.0,1388.0,1403.191366477888,1387.9619,1395.3281,1395.576640270194,2638.0,2752.0,2752.0,2709.18297418996,2686.7922,2990.8176,2697.9876052590425
2,2016-11-21,485.0,477.0,477.0,484.36581542084434,485.03302,467.97604,484.6994177201878,852.0,835.0,835.0,860.9039714897315,843.74884,872.4164,852.3264059108814,1382.0,1387.0,1387.0,1379.5049208603064,1424.1053,1382.936,1401.805133769997,2598.0,2638.0,2638.0,2573.831143129189,2519.9536,2810.1177,2546.8923782052198
2,2016-11-22,501.0,485.0,485.0,491.7307959673855,494.4583,470.44467,493.0945544778334,874.0,852.0,852.0,873.868750466282,864.6578,873.984,869.2632631725942,1387.0,1382.0,1382.0,1376.2858856672149,1398.2161,1367.1205,1387.2509750601698,2507.0,2598.0,2598.0,2625.6110403501925,2554.8242,2748.4912,2590.2176295500963
2,2016-11-23,512.0,501.0,501.0,512.3397254377703,508.0787,487.44098,510.20921513587734,897.0,874.0,874.0,907.8281806637713,883.4631,892.57135,895.64562719712,1385.0,1387.0,1387.0,1389.3215635156268,1394.4016,1384.8317,1391.8615874218758,2374.0,2507.0,2507.0,2483.915563531632,2416.9902,2613.0286,2450.452898953316
2,2016-11-24,520.0,512.0,512.0,519.0349505651169,516.61945,497.91895,517.8271981829491,908.0,897.0,897.0,925.8503618058286,905.19165,905.0486,915.5210060982267,1389.0,1385.0,1385.0,1374.1967656887375,1393.9906,1381.9404,1384.0936831373374,2263.0,2374.0,2374.0,2290.6369970046308,2340.0298,2436.9233,2315.3333910804404
2,2016-11-25,527.0,520.0,520.0,526.5145943846418,528.08704,510.43903,527.3008152587272,904.0,908.0,908.0,923.6692393751498,924.3413,918.4314,924.0052739844499,1400.0,1389.0,1389.0,1381.3521532870568,1396.3276,1395.3406,1388.8398950029034,2260.0,2263.0,2263.0,2140.8403692624715,2224.5889,2284.3306,2182.7146182249858
2,2016-11-28,532.0,527.0,527.0,531.7263329104512,534.98895,523.28723,533.357642773585,908.0,904.0,904.0,915.7484880409659,907.5219,923.0563,911.6351998310298,1424.0,1400.0,1400.0,1406.9373105500497,1438.6536,1396.3152,1422.7954375015875,2304.0,2260.0,2260.0,2229.4634149608532,2263.7139,2215.3188,2246.588641074177
2,2016-11-29,537.0,532.0,532.0,536.1948854975919,541.3383,527.5308,538.7666016843428,912.0,908.0,908.0,921.1441003573962,917.5848,932.4469,919.3644390947137,1465.0,1424.0,1424.0,1441.4575968771726,1476.9764,1449.4727,1459.21701865343,2263.0,2304.0,2304.0,2272.9251165275837,2345.7664,2264.0916,2309.3457369747293
2,2016-11-30,541.0,537.0,537.0,539.3665464228025,544.5322,533.0031,541.9493864926512,917.0,912.0,912.0,920.342096722488,920.1761,950.72925,920.2590915741346,1486.0,1465.0,1465.0,1495.1047624936054,1500.7056,1512.6523,1497.9051644499277,2206.0,2263.0,2263.0,2198.955532701053,2252.874,2275.8318,2225.9147780692765
2,2016-12-01,543.0,541.0,541.0,541.8183277030264,546.46185,538.59283,544.1400903651851,921.0,917.0,917.0,922.5729701085471,926.268,964.7029,924.4204877398204,1508.0,1486.0,1486.0,1490.558919303635,1497.995,1538.8109,1494.2769572104112,2193.0,2206.0,2206.0,2124.410193766538,2249.0212,2256.6516,2186.7157170004566
2,2016-12-02,548.0,543.0,543.0,543.2630975915365,546.602,541.7359,544.9325436688151,929.0,921.0,921.0,924.6069195706235,925.90045,976.2462,925.2536856153899,1541.0,1508.0,1508.0,1516.5968703167046,1584.3232,1558.4387,1550.4600562521023,2137.0,2193.0,2193.0,2165.6723270157268,2218.3513,2315.3638,2192.011822687551
2,2016-12-05,552.0,548.0,548.0,550.0255217456213,555.5311,548.5171,552.7783248376544,934.0,929.0,929.0,937.4778938239215,941.2027,988.8602,939.3402957889139,1563.0,1541.0,1541.0,1563.829370110147,1619.2153,1571.0488,1591.5223510706985,2067.0,2137.0,2137.0,2082.74502798899,2150.7947,2307.3032,2116.7698528616825
2,2016-12-06,557.0,552.0,552.0,553.139059922948,564.057,553.7337,558.5980333794428,941.0,934.0,934.0,940.6532293054414,940.7471,996.5081,940.7001498089708,1565.0,1563.0,1563.0,1573.4237209898752,1632.2036,1570.9368,1602.8136671355626,1935.0,2067.0,2067.0,1994.1189708052484,1979.0092,2260.5542,1986.564063039343
2,2016-12-07,562.0,557.0,557.0,557.6032853974161,564.8165,557.22687,561.2099068588643,957.0,941.0,941.0,949.3503061637075,953.8811,1005.11414,951.6157048396663,1547.0,1565.0,1565.0,1553.3442036921263,1627.5625,1549.4238,1590.453351846063,1724.0,1935.0,1935.0,1820.6281380624089,1880.4045,2093.009,1850.5163395390168
2,2016-12-08,567.0,562.0,562.0,562.8612702169595,568.1494,562.22986,565.5053421397297,966.0,957.0,957.0,970.8446949208002,972.9317,1023.5726,971.8881982904782,1508.0,1547.0,1547.0,1525.1030192870444,1605.7136,1525.491,1565.4083211669597,1575.0,1724.0,1724.0,1592.2002819677743,1677.3357,1832.2046,1634.7679876635748
2,2016-12-09,576.0,567.0,567.0,567.575779655578,574.63153,565.1493,571.1036552086484,968.0,966.0,966.0,974.9297313983411,983.5095,1028.1875,979.2196264413581,1469.0,1508.0,1508.0,1471.1548835150309,1562.8546,1472.0872,1517.0047488864216,1464.0,1575.0,1575.0,1498.4863905364525,1511.8038,1647.719,1505.1451117721326
2,2016-12-12,584.0,576.0,576.0,578.5173933981414,584.51666,571.162,581.5170279978988,972.0,968.0,968.0,975.9176695556181,973.3757,1032.2513,974.6466704711684,1419.0,1469.0,1469.0,1433.8499323255032,1456.4734,1438.5928,1445.1616604986891,1404.0,1464.0,1464.0,1399.0500208692288,1401.0955,1502.3695,1400.072739926802
2,2016-12-13,590.0,584.0,584.0,585.9807519097382,587.83405,576.1536,586.9073986599471,975.0,972.0,972.0,982.2091837710291,974.6319,1036.4939,978.4205403718427,1332.0,1419.0,1419.0,1371.7690007919782,1437.5548,1396.5107,1404.6619051811454,1169.0,1404.0,1404.0,1364.661643891179,1310.5436,1460.9978,1337.6026114963706
2,2016-12-14,596.0,590.0,590.0,589.9767863223965,594.93115,573.8227,592.4539693330732,968.0,975.0,975.0,977.8763698898501,972.224,1031.0825,975.0501844566438,1234.0,1332.0,1332.0,1242.2169615105036,1367.9509,1285.6433,1305.0839446224393,1058.0,1169.0,1169.0,996.7955235336216,1093.3721,1234.864,1045.0837969230608
2,2016-12-15,600.0,596.0,596.0,595.7082051425634,595.8877,575.1218,595.7979502275317,960.0,968.0,968.0,967.2269088600375,960.84796,1022.4106,964.0374351429093,1126.0,1234.0,1234.0,1140.6037757577672,1255.9678,1180.6833,1198.2857745976335,1048.0,1058.0,1058.0,990.568252494842,1018.38763,1171.8947,1004.4779433860929
2,2016-12-16,605.0,600.0,600.0,598.1564448137974,601.02814,574.3385,599.5922910104143,953.0,960.0,960.0,956.998674114941,952.5716,1008.25256,954.7851341766111,1037.0,1126.0,1126.0,1024.5807745824084,1151.1854,1083.0073,1087.883099693548,1039.0,1048.0,1048.0,1060.5603234200325,1058.2631,1206.8679,1059.411692471735
2,2016-12-19,605.0,605.0,605.0,603.0556739817168,600.5093,576.17065,601.7824756627334,941.0,953.0,953.0,950.0806196022315,946.1741,1005.1837,948.1273459339283,976.0,1037.0,1037.0,953.3147741049081,1055.2378,1030.8693,1004.276283536829,1044.0,1039.0,1039.0,1024.3155693185863,1067.8774,1250.6511,1046.0965053624182
2,2016-12-20,604.0,605.0,605.0,599.6472335265752,599.5509,574.6738,599.5990684234439,926.0,941.0,941.0,929.503060048296,931.83264,992.9107,930.6678508249292,905.0,976.0,976.0,915.3285070740997,956.78485,1000.0496,936.0566790741592,1144.0,1044.0,1044.0,1028.5179230000163,1057.6844,1296.8835,1043.1011856211019
2,2016-12-21,601.0,604.0,604.0,598.6332420291823,600.16736,569.2387,599.4003002138099,914.0,926.0,926.0,909.5411154475515,923.5849,963.2732,916.5630076749476,866.0,905.0,905.0,830.4984092127094,884.47284,931.3112,857.485624284089,1219.0,1144.0,1144.0,1193.112469829316,1194.048,1412.1545,1193.5802217310643
2,2016-12-22,597.0,601.0,601.0,593.8295230693965,598.0611,568.0815,595.9453096304014,903.0,914.0,914.0,901.2740056866228,911.8975,953.04047,906.5857638296395,852.0,866.0,866.0,828.8662545091543,841.23596,915.819,835.0511082116084,1385.0,1219.0,1219.0,1241.2304790777084,1283.9635,1507.9879,1262.5969900271355
2,2016-12-23,559.0,597.0,597.0,590.382595610163,591.59766,564.2524,590.9901259300815,843.0,903.0,903.0,890.1145293835663,898.6895,938.56384,894.4020217718612,811.0,852.0,852.0,840.845359029344,839.6561,900.0665,840.2507434795157,1538.0,1385.0,1385.0,1460.4843622113508,1583.5271,1763.7562,1522.005730910363
2,2017-01-03,539.0,559.0,559.0,532.6894553296202,571.4165,534.55096,552.0529796179351,820.0,843.0,843.0,767.7972075997034,840.9454,848.2573,804.3712905674298,807.0,811.0,811.0,774.5419170814706,793.5174,832.96423,784.029656050501,1674.0,1538.0,1538.0,1566.3668420862143,1807.7549,1737.3745,1687.060862449357
2,2017-01-04,521.0,539.0,539.0,527.5871784760051,550.1552,522.2427,538.8711954391745,795.0,820.0,820.0,797.7495351181216,812.7685,831.1292,805.2590143852326,837.0,807.0,807.0,810.238025774436,803.29974,854.79034,806.7688847133899,1759.0,1674.0,1674.0,1707.10320660793,1713.916,1808.2839,1710.5096111164648
2,2017-01-05,508.0,521.0,521.0,509.64600783385265,535.8455,512.6643,522.745763926692,783.0,795.0,795.0,775.0293082799434,785.16693,816.45557,780.0981197161436,892.0,837.0,837.0,873.9793040162455,856.56976,893.5289,865.2745335999196,1658.0,1759.0,1759.0,1752.1818513000505,1790.9008,1860.0947,1771.5413040679941
2,2017-01-06,498.0,508.0,508.0,497.648139861096,520.893,502.78137,509.2705726160949,772.0,783.0,783.0,773.7726864171993,774.07825,817.6555,773.9254667437559,927.0,892.0,892.0,939.9575494719547,912.96326,937.84924,926.4604031539461,1598.0,1658.0,1658.0,1544.2742575883588,1556.9512,1779.6763,1550.6127147316793
2,2017-01-09,489.0,498.0,498.0,488.02053783550394,511.8063,498.2299,499.9134213835723,766.0,772.0,772.0,762.5384898061966,761.05383,815.05054,761.7961614070045,973.0,927.0,927.0,949.6547938440888,949.5956,956.63745,949.6251874493881,1470.0,1598.0,1598.0,1533.4514777946556,1566.0093,1721.2235,1549.7303775692028
2,2017-01-10,477.0,489.0,489.0,486.3758177416064,501.0213,486.00787,493.6985595055688,758.0,766.0,766.0,767.8026999196246,757.91095,811.50946,762.8568248133279,1021.0,973.0,973.0,1016.7297735755653,993.7119,998.8069,1005.2208438190327,1326.0,1470.0,1470.0,1393.6983635803606,1414.481,1592.4808,1404.0896603058054
2,2017-01-11,466.0,477.0,477.0,473.64672822173367,489.55002,469.15292,481.59837326614024,748.0,758.0,758.0,753.5960969055506,748.6644,798.16455,751.130262808244,1038.0,1021.0,1021.0,1063.8757949612227,1053.0701,1005.0576,1058.4729316602989,1294.0,1326.0,1326.0,1262.0012228246935,1297.416,1444.247,1279.7086192248466
2,2017-01-12,459.0,466.0,466.0,463.80448720774433,470.23404,460.417,467.0192632571925,739.0,748.0,748.0,743.0243856153766,739.4678,788.1487,741.2460795264383,1042.0,1038.0,1038.0,1050.0526163380339,1051.405,1009.0311,1050.7288228174543,1383.0,1294.0,1294.0,1326.3967630105299,1283.7661,1502.2605,1305.08143814589
2,2017-01-13,455.0,459.0,459.0,459.1751428423024,462.31213,453.0175,460.74363831568246,733.0,739.0,739.0,737.1797794029196,729.57715,772.6273,733.3784639202098,1039.0,1042.0,1042.0,1045.9758116343896,1041.9487,997.03577,1043.9622710515698,1468.0,1383.0,1383.0,1482.3460358284724,1482.1542,1639.5269,1482.25010531658
2,2017-01-16,451.0,455.0,455.0,456.0634433976154,460.86536,448.36832,458.46439992146395,730.0,733.0,733.0,732.1669217630605,726.72076,763.4706,729.4438429616084,1019.0,1039.0,1039.0,1042.6490693181531,1027.4067,995.90814,1035.0279037997016,1509.0,1468.0,1468.0,1510.4484519086586,1582.6592,1757.2233,1546.5538157980793
2,2017-01-17,448.0,451.0,451.0,451.98408298086537,452.02524,446.65134,452.0046605089874,725.0,730.0,730.0,730.026591754955,721.39545,756.33246,725.7110192661494,998.0,1019.0,1019.0,1000.9120862794181,991.38776,964.82434,996.1499213135371,1673.0,1509.0,1509.0,1474.4198440678654,1562.7743,1736.9045,1518.5970680300265
2,2017-01-18,446.0,448.0,448.0,449.40561438068386,446.96423,440.13834,448.18492388956065,722.0,725.0,725.0,722.3106112109999,715.5648,743.5996,718.9377152734687,981.0,998.0,998.0,985.7250671100044,977.155,935.70667,981.4400482034397,1665.0,1673.0,1673.0,1740.5465459352954,1851.9126,1846.0468,1796.2295717957727
2,2017-01-19,441.0,446.0,446.0,448.6340966592447,443.94772,435.2547,446.2909100239583,718.0,722.0,722.0,722.0663449000725,712.4856,736.58734,717.2759703015988,970.0,981.0,981.0,971.1117397140487,957.9306,904.9703,964.5211713706963,1610.0,1665.0,1665.0,1627.432292932965,1619.6754,1757.8347,1623.5538539860138
2,2017-01-20,437.0,441.0,441.0,440.78034300068543,435.2795,430.71674,438.02992674936615,714.0,718.0,718.0,714.8469033584879,712.1126,732.8238,713.4797566108846,962.0,970.0,970.0,965.4547221707122,962.4087,909.6708,963.931706788481,1579.0,1610.0,1610.0,1584.0153049849932,1559.3893,1654.6566,1571.7022936057779
2,2017-01-23,432.0,437.0,437.0,437.2690592128497,433.69827,429.3199,435.4836659589639,708.0,714.0,714.0,710.1041803669123,708.033,724.5453,709.0686001932218,964.0,962.0,962.0,956.4415360017387,966.3179,914.22595,961.3797035477444,1466.0,1579.0,1579.0,1549.7376285039882,1546.7998,1586.6698,1548.268716595744
2,2017-01-24,428.0,432.0,432.0,430.4983747759284,427.56638,425.2802,429.0323752541751,702.0,708.0,708.0,699.058319290892,704.9803,723.0366,702.0193024677117,972.0,964.0,964.0,969.7518717863204,974.4478,926.24036,972.0998433638633,1369.0,1466.0,1466.0,1412.8747380106727,1415.0928,1500.1002,1413.9837557240862
2,2017-01-25,424.0,428.0,428.0,425.7442641920909,425.26462,420.598,425.5044410560064,696.0,702.0,702.0,695.1336948951256,692.4617,719.69666,693.7976824085003,973.0,972.0,972.0,981.1961733413988,985.8042,945.0062,983.5001862800743,1287.0,1369.0,1369.0,1300.034138128281,1328.0018,1443.9216,1314.0179845914843
2,2017-01-26,419.0,424.0,424.0,420.51932602403133,421.1031,415.82935,420.8112072014688,692.0,696.0,696.0,689.1704784377271,692.36426,715.86365,690.7673681251135,968.0,973.0,973.0,973.1638834527599,971.3369,940.547,972.2503987576299,1239.0,1287.0,1287.0,1225.1255928131254,1264.0725,1390.1384,1244.5990512893752
2,2017-01-27,415.0,419.0,419.0,414.99719328894497,417.5606,411.23785,416.27890059955064,688.0,692.0,692.0,687.7202319939473,685.74896,713.0797,686.7345971981456,964.0,968.0,968.0,964.7117037573564,966.783,929.3694,965.7473618884438,1205.0,1239.0,1239.0,1181.5927378749934,1219.8856,1342.3215,1200.7391789960905
2,2017-01-30,402.0,415.0,415.0,411.3534054798266,414.4711,408.0664,412.9122526666711,679.0,688.0,688.0,681.7860776878086,682.71515,709.1913,682.250613306795,951.0,964.0,964.0,964.1962537854445,966.5524,916.28394,965.3743414923316,1167.0,1205.0,1205.0,1136.2626659059197,1204.6581,1306.7566,1170.4603734803036
2,2017-01-31,395.0,402.0,402.0,393.4963753415328,401.5166,395.56476,397.5064884520164,674.0,679.0,679.0,664.0403846939383,675.03876,694.5309,669.5395710090786,933.0,951.0,951.0,941.711803942594,930.9542,867.14,936.3330137877033,1122.0,1167.0,1167.0,1086.1342756366948,1135.7155,1216.1722,1110.9248648691287
2,2017-02-01,386.0,395.0,395.0,391.34527455863577,393.27966,388.89377,392.31246882228663,670.0,674.0,674.0,666.4729448966133,671.86707,683.1779,669.1700051631503,926.0,933.0,933.0,917.5086626433922,915.4255,844.0403,916.4670693588055,1064.0,1122.0,1122.0,1045.4363361517617,1075.728,1137.6204,1060.5821817477558
2,2017-02-02,382.0,386.0,386.0,381.0980805950545,387.12112,381.76904,384.1096024313163,667.0,670.0,670.0,662.2102726610821,664.31573,674.96234,663.2630037621816,922.0,926.0,926.0,923.7637130936658,916.0852,837.5852,919.9244590858955,981.0,1064.0,1064.0,989.5496164159191,1020.6783,1066.3739,1005.1139500536626
2,2017-02-03,377.0,382.0,382.0,380.0246987009701,382.36383,378.58667,381.19426463368814,665.0,667.0,667.0,663.9402045112777,663.5797,669.06256,663.7599582126701,922.0,922.0,922.0,918.9713652920009,915.0925,842.68304,917.0319472944379,911.0,981.0,981.0,905.237582130864,914.10187,979.9006,909.6697249033226
2,2017-02-06,375.0,377.0,377.0,374.12854374637936,375.60672,374.16275,374.86763185854124,663.0,665.0,665.0,661.3984838051633,664.0074,668.2546,662.7029345295348,931.0,922.0,922.0,918.5595144748672,920.77234,847.721,919.6659266710274,803.0,911.0,911.0,837.2968017130579,861.3636,913.85767,849.3301940694196
2,2017-02-07,378.0,375.0,375.0,376.5074233175641,376.0263,372.2096,376.2668647349539,665.0,663.0,663.0,661.978473610468,659.45984,662.2929,660.7191562388277,934.0,931.0,931.0,934.4701818059937,943.39056,852.8173,938.9303728854187,725.0,803.0,803.0,691.9548430994811,759.60376,828.7024,725.779301432553
2,2017-02-08,377.0,378.0,378.0,382.2694966574705,379.38266,371.8493,380.8260782847899,668.0,665.0,665.0,667.3234416383206,667.0158,663.13904,667.1696248718947,940.0,934.0,934.0,928.1521621601547,937.9451,862.52545,933.0486457773429,728.0,725.0,725.0,641.7406641276712,664.00946,759.16254,652.875062288445
2,2017-02-09,377.0,377.0,377.0,380.7765458773909,377.02646,371.5526,378.9015023088126,672.0,668.0,668.0,667.5982098902556,668.2158,666.72394,667.9070151013777,943.0,940.0,940.0,937.1895339363629,944.1875,868.1597,940.6885169681814,687.0,728.0,728.0,699.0112671652874,693.29095,759.2964,696.1511108775655
2,2017-02-10,376.0,377.0,377.0,382.00974172673335,377.19815,372.83594,379.6039461807495,676.0,672.0,672.0,672.0701675780356,673.6827,669.1775,672.8764229003459,944.0,943.0,943.0,937.2425269274258,940.8233,864.7521,939.032915075041,609.0,687.0,687.0,625.0221882925795,666.4743,713.81244,645.748246245899
2,2017-02-13,379.0,376.0,376.0,380.40856660101844,376.99063,374.4389,378.69959885226706,681.0,676.0,676.0,676.4220280420351,681.68713,681.5037,679.0545809155487,939.0,944.0,944.0,939.0294390401128,938.40753,866.8232,938.718485389197,567.0,609.0,609.0,518.3521316741471,588.3342,654.6097,553.3431800948861
2,2017-02-14,382.0,379.0,379.0,384.6517946800614,380.02402,375.84897,382.33790600702287,689.0,681.0,681.0,684.3029043333654,683.91797,686.0449,684.1104365416827,933.0,939.0,939.0,929.7702475665931,930.12714,851.416,929.9486918985309,556.0,567.0,567.0,533.8814073880624,543.6993,594.5197,538.7903435866093
2,2017-02-15,387.0,382.0,382.0,386.30078682845533,383.23788,378.54794,384.76933567496985,707.0,689.0,689.0,693.3101232058744,689.805,700.37805,691.5575579408278,923.0,933.0,933.0,925.2742434653837,929.40796,848.77673,927.3411012248794,620.0,556.0,556.0,554.3500292957124,547.92004,583.82916,551.1350366205124
2,2017-02-16,391.0,387.0,387.0,392.27313689237025,390.3937,382.01382,391.33342208388046,729.0,707.0,707.0,719.3984029578252,712.2142,721.05676,715.8062876605532,917.0,923.0,923.0,910.984547449852,912.8465,854.70703,911.9155220159416,739.0,620.0,620.0,645.8904706008448,675.9443,680.3758,660.9173727515943
2,2017-02-17,396.0,391.0,391.0,395.2327203701115,391.94876,383.48013,393.59074067821984,747.0,729.0,729.0,744.2014106896839,734.2155,744.6755,739.2084629132014,909.0,917.0,917.0,909.0489741918155,907.287,871.44574,908.1679807482515,791.0,739.0,739.0,789.1963999925013,838.1368,859.3076,813.6665898888288
2,2017-02-20,402.0,396.0,396.0,400.97886899820037,395.65616,386.3545,398.317513722733,764.0,747.0,747.0,760.7487298871905,758.5332,754.39484,759.6409665060953,906.0,909.0,909.0,899.4271685965531,901.7988,864.3348,900.6129983607766,856.0,791.0,791.0,782.3753805074764,853.5616,905.88104,817.9684824900663
2,2017-02-21,410.0,402.0,402.0,407.86311273535125,403.74384,393.44144,405.803474092285,783.0,764.0,764.0,781.8182832039528,776.9851,768.5903,779.401695312914,908.0,906.0,906.0,898.0040606325326,901.383,878.3863,899.6935281190007,951.0,856.0,856.0,851.3712490011834,925.4461,987.5246,888.4086774791074
2,2017-02-22,420.0,410.0,410.0,416.7371885833323,414.84695,398.22897,415.7920714645177,797.0,783.0,783.0,803.6535669255088,794.72974,786.6237,799.1916516268169,927.0,908.0,908.0,909.5284479998917,908.2339,893.435,908.8811673593209,1134.0,951.0,951.0,1005.5621252816067,1002.06903,1060.8834,1003.8155780216628
2,2017-02-23,428.0,420.0,420.0,427.18674568356477,424.73676,406.52945,425.9617505273293,809.0,797.0,797.0,814.9957129139941,799.2439,800.73065,807.1198046991846,947.0,927.0,927.0,943.1126949538808,945.3176,924.8774,944.2151609535028,1165.0,1134.0,1134.0,1211.4701445223782,1103.7666,1269.7213,1157.618373042439
2,2017-02-24,436.0,428.0,428.0,433.5025171208264,433.88156,413.63547,433.69203920006163,817.0,809.0,809.0,823.9573538899335,816.3887,808.3745,820.1730128824668,966.0,947.0,947.0,957.5509164205176,955.2954,938.5779,956.4231632883839,1151.0,1165.0,1165.0,1120.5706947988397,1161.1995,1294.8953,1140.8850788447323
2,2017-02-27,444.0,436.0,436.0,441.4321569880124,442.3963,419.63873,441.9142291287718,825.0,817.0,817.0,828.7248596844381,817.57776,810.6576,823.1513092367503,995.0,966.0,966.0,976.2750857978965,988.4182,949.78186,982.3466493442608,1021.0,1151.0,1151.0,1116.1702805791922,1141.0056,1274.834,1128.5879479067835
2,2017-02-28,451.0,444.0,444.0,449.8169858542489,448.75238,426.72418,449.28468311267136,833.0,825.0,825.0,835.4696155807811,832.9547,815.10297,834.2121637474218,1041.0,995.0,995.0,1015.9960053767109,1028.6311,967.2389,1022.3135544461679,994.0,1021.0,1021.0,953.6115280752657,997.261,1189.1707,975.4362572016953
2,2017-03-01,457.0,451.0,451.0,456.4027421652512,455.1043,433.55487,455.7535256236412,840.0,833.0,833.0,841.9378485053898,839.68774,822.8683,840.8127963230074,1084.0,1041.0,1041.0,1078.0405618022521,1068.443,1026.5048,1073.2417774831574,1097.0,994.0,994.0,1029.3646220308494,936.507,1229.7019,982.9358205369091
2,2017-03-02,462.0,457.0,457.0,461.54943813955407,460.9672,440.84595,461.2583158715348,846.0,840.0,840.0,848.7078305057107,840.91943,833.0662,844.8136320497304,1118.0,1084.0,1084.0,1113.5511721362464,1109.491,1073.5931,1111.5210694665607,1227.0,1097.0,1097.0,1190.0320039248318,1101.5487,1388.958,1145.7903549897596
2,2017-03-03,468.0,462.0,462.0,465.96908753310777,468.02048,446.66187,466.9947824140148,852.0,846.0,846.0,852.9359722112172,852.90546,842.38354,852.920714377093,1154.0,1118.0,1118.0,1137.1780690343705,1131.7119,1092.0557,1134.4449915484352,1345.0,1227.0,1227.0,1300.0266284976835,1301.2968,1546.6528,1300.6616907136854
2,2017-03-06,477.0,468.0,468.0,472.1605344484248,469.79953,454.53284,470.9800322388609,861.0,852.0,852.0,860.9671162206175,860.394,851.0864,860.6805490771056,1194.0,1154.0,1154.0,1177.8420079415198,1158.5482,1120.5122,1168.1951128574788,1556.0,1345.0,1345.0,1389.0273300082013,1424.786,1688.3756,1406.9066703751944
3,2017-03-07,485.0,477.0,477.0,484.1783633029118,481.27887,471.90564,482.728616465909,868.0,861.0,861.0,873.1474671566888,871.5019,876.1455,872.3246796232663,1220.0,1194.0,1194.0,1228.0256304721447,1214.828,1219.2659,1221.426816700916,1578.0,1556.0,1556.0,1696.9153975847923,1831.5248,1764.9883,1764.2200889291148
3,2017-03-08,491.0,485.0,485.0,491.17515482661406,489.59003,482.34183,490.3825908410414,872.0,868.0,868.0,876.6876685748521,871.351,882.4636,874.0193408792229,1220.0,1220.0,1220.0,1234.347897138129,1210.9619,1230.906,1222.6549056003146,1678.0,1578.0,1578.0,1597.7943769311262,1576.8102,1807.968,1587.3022787975942
3,2017-03-09,495.0,491.0,491.0,495.754979706565,493.21228,489.09543,494.48362999000125,874.0,872.0,872.0,878.0209312706421,869.78,883.86725,873.9004802837585,1211.0,1220.0,1220.0,1209.9527348116285,1196.7979,1205.1558,1203.3752931870642,1789.0,1678.0,1678.0,1730.4833305996822,1727.8444,1899.9489,1729.1638454756223
3,2017-03-10,499.0,495.0,495.0,499.2178808259437,500.01996,492.56348,499.6189196610187,875.0,874.0,874.0,877.2825294020124,880.55524,887.6718,878.9188831092093,1207.0,1211.0,1211.0,1197.742644099239,1196.1447,1177.4185,1196.9436487097757,1843.0,1789.0,1789.0,1832.8602626577197,1859.9944,1969.6531,1846.4273237116722
3,2017-03-13,502.0,499.0,499.0,503.33836154917145,502.79236,497.08173,503.06535997380445,877.0,875.0,875.0,877.2453433171788,886.33124,888.997,881.7882905550738,1185.0,1207.0,1207.0,1203.4098295373092,1193.3722,1173.0386,1198.3910109600608,1929.0,1843.0,1843.0,1845.2505891770825,1934.2306,1969.0253,1889.7405899986975
3,2017-03-14,505.0,502.0,502.0,504.53072232850656,504.7518,499.5273,504.64126143280794,877.0,877.0,877.0,876.5395918007788,886.363,891.96765,881.4512839374988,1150.0,1185.0,1185.0,1162.5186731534823,1159.481,1149.0613,1160.9998150923661,2136.0,1929.0,1929.0,1936.9440092692416,1969.9758,1997.3845,1953.4599196736833
3,2017-03-15,508.0,505.0,505.0,506.92915750258845,510.49875,502.32455,508.71395314094264,877.0,877.0,877.0,874.8022304783505,885.3929,893.4088,880.0975568895658,1129.0,1150.0,1150.0,1117.8129496382924,1123.1145,1110.3802,1120.4637257957088,2265.0,2136.0,2136.0,2210.1529553978294,2194.1924,2171.8447,2202.1726691051645
3,2017-03-16,508.0,508.0,508.0,509.90317706528816,512.67523,504.0692,511.289204499441,879.0,877.0,877.0,874.4746471571112,885.4978,895.01447,879.9862249457431,1108.0,1129.0,1129.0,1113.5202733862934,1108.6198,1099.5409,1111.070012181428,2413.0,2265.0,2265.0,2265.5262948737345,2354.2551,2309.011,2309.8907109134298
3,2017-03-17,510.0,508.0,508.0,507.8748964757469,511.26477,500.81174,509.5698334917797,884.0,879.0,879.0,875.5435487066551,885.8286,893.0432,880.6860809939526,1103.0,1108.0,1108.0,1090.776270912682,1082.205,1081.2902,1086.4906134836847,2466.0,2413.0,2413.0,2437.883977766844,2616.1047,2483.0745,2526.9943570474843
3,2017-03-20,512.0,510.0,510.0,511.1274012271602,515.0437,503.99063,513.0855511995176,886.0,884.0,884.0,881.8470603365431,889.7866,898.10876,885.8168407151466,1101.0,1103.0,1103.0,1100.6947694642342,1093.8387,1098.944,1097.2667572907108,2441.0,2466.0,2466.0,2450.2678148787013,2543.2407,2598.171,2496.754268767476
3,2017-03-21,516.0,512.0,512.0,512.7807407982403,514.9589,506.16153,513.8698320690421,888.0,886.0,886.0,882.3609768567295,887.1883,901.12006,884.7746351568803,1119.0,1101.0,1101.0,1097.632574778508,1091.1699,1113.0916,1094.4012483267538,2378.0,2441.0,2441.0,2386.112007899679,2462.262,2584.0935,2424.186985395152
3,2017-03-22,521.0,516.0,516.0,517.1303940303077,520.1374,511.78622,518.6338920835133,892.0,888.0,888.0,887.2523551724283,889.00586,901.18207,888.1291072737142,1170.0,1119.0,1119.0,1134.8662248173425,1127.012,1148.384,1130.9390938539836,2345.0,2378.0,2378.0,2308.7742964634476,2400.341,2532.9282,2354.557680458286
3,2017-03-23,526.0,521.0,521.0,522.8842801329542,523.5938,517.5999,523.2390455840552,896.0,892.0,892.0,892.7756568978394,897.959,909.61304,895.3673206364197,1218.0,1170.0,1170.0,1214.198584927102,1216.2378,1237.4634,1215.2181889479261,2482.0,2345.0,2345.0,2304.4320753784923,2348.6604,2501.735,2326.5462378845586
3,2017-03-24,530.0,526.0,526.0,528.6572996736666,528.7985,524.22644,528.7279113114427,895.0,896.0,896.0,897.4240635988791,898.995,916.7721,898.2095293580333,1253.0,1218.0,1218.0,1253.1132114428342,1235.0511,1293.3281,1244.0821794518858,2620.0,2482.0,2482.0,2496.188050098217,2610.079,2691.478,2553.1335758303585
3,2017-03-27,535.0,530.0,530.0,532.0963656986753,532.36475,527.60425,532.2305558962126,893.0,895.0,895.0,895.6235500183257,896.2382,919.50464,895.9308851165847,1306.0,1253.0,1253.0,1278.236777203432,1298.1124,1311.9048,1288.1746019806224,2765.0,2620.0,2620.0,2592.517868466788,2724.414,2833.5713,2658.465965483394
3,2017-03-28,538.0,535.0,535.0,537.7054864527782,537.37836,533.4285,537.5419216931859,885.0,893.0,893.0,895.0426019367121,896.30566,919.8242,895.6741329996061,1346.0,1306.0,1306.0,1354.7021152512905,1342.9154,1360.3157,1348.808760262364,2755.0,2765.0,2765.0,2754.875355108645,2896.8323,3027.9468,2825.853815249635
3,2017-03-29,539.0,538.0,538.0,539.4261718746857,541.5474,538.6852,540.486798095546,882.0,885.0,885.0,881.7908741718629,883.9958,906.1873,882.8933313730408,1366.0,1346.0,1346.0,1376.6319822647542,1375.9401,1380.3339,1376.2860228706584,2690.0,2755.0,2755.0,2669.573009030664,2762.7896,3038.0845,2716.181279905957
3,2017-03-30,540.0,539.0,539.0,539.3840123886048,539.7138,540.15546,539.5489092704743,881.0,882.0,882.0,878.7842932149714,882.4878,900.2706,880.6360430918608,1374.0,1366.0,1366.0,1373.7411424873385,1392.5787,1385.0515,1383.1599389194505,2597.0,2690.0,2690.0,2614.491131219802,2673.03,2964.6694,2643.7605802583385
3,2017-03-31,541.0,540.0,540.0,540.2554230555457,542.53,542.7527,541.3927261762103,882.0,881.0,881.0,876.5038673147174,883.6791,902.7753,880.0914722315774,1379.0,1374.0,1374.0,1373.653803911586,1374.4928,1384.1643,1374.0733008815741,2518.0,2597.0,2597.0,2512.1607721825303,2564.317,2858.0737,2538.23883335689
3,2017-04-03,542.0,541.0,541.0,541.4974067608171,546.13354,541.47107,543.815475841346,881.0,882.0,882.0,879.8762958622655,884.6095,906.74133,882.242896466289,1377.0,1379.0,1379.0,1385.6626599282793,1372.4845,1390.1722,1379.0735784992958,2382.0,2518.0,2518.0,2451.8160723824994,2419.9932,2728.663,2435.9046182224997
3,2017-04-04,543.0,542.0,542.0,541.413272106759,545.9996,543.128,543.7064224303326,880.0,881.0,881.0,879.5227112873503,883.3031,910.40485,881.4129059366439,1371.0,1377.0,1377.0,1372.4724961537984,1367.1388,1377.834,1369.8056450495556,2229.0,2382.0,2382.0,2288.0383797597515,2320.9543,2558.749,2304.4963627314382
3,2017-04-05,545.0,543.0,543.0,542.1569703145406,546.0828,542.79517,544.1198975107859,882.0,880.0,880.0,880.4069460185974,882.9243,912.9952,881.6656312124237,1387.0,1371.0,1371.0,1364.0461873834938,1370.1611,1368.058,1367.103660097997,2184.0,2229.0,2229.0,2146.677500691174,2153.9846,2290.5234,2150.3310599158995
3,2017-04-06,547.0,545.0,545.0,545.6466878179921,548.6882,545.4213,547.1674296023555,886.0,882.0,882.0,885.7577819010473,886.3931,917.427,886.0754546712268,1427.0,1387.0,1387.0,1404.9048336891128,1395.9109,1396.3042,1400.407861180494,2173.0,2184.0,2184.0,2166.790704201825,2155.731,2216.248,2161.2608306165375
3,2017-04-07,549.0,547.0,547.0,548.2870445804854,550.35034,548.513,549.3186931886802,888.0,886.0,886.0,891.7683592179471,888.45264,919.28906,890.1104979683486,1466.0,1427.0,1427.0,1464.4804338486938,1466.5718,1450.9934,1465.526105596222,2165.0,2173.0,2173.0,2157.3658363049517,2157.5154,2215.4937,2157.4406085821633
3,2017-04-10,552.0,549.0,549.0,549.8246335903247,552.83167,550.3627,551.3281493146935,891.0,888.0,888.0,891.715089305285,888.1931,917.9632,889.95410226983,1533.0,1466.0,1466.0,1498.842452964615,1497.2317,1487.1897,1498.03707120887,2227.0,2165.0,2165.0,2131.4443465380828,2150.9238,2220.0024,2141.1840873315414
3,2017-04-11,554.0,552.0,552.0,554.3324314861017,559.35266,554.7228,556.842546309457,893.0,891.0,891.0,897.8926657919493,896.8458,920.9192,897.3692454936308,1583.0,1533.0,1533.0,1593.6109769086293,1573.3835,1560.7998,1583.4972609152521,2252.0,2227.0,2227.0,2238.9649419319,2315.3352,2411.5798,2277.150073505012
3,2017-04-12,560.0,554.0,554.0,555.4947877827381,561.88336,558.10443,558.6890747995722,899.0,893.0,893.0,897.514751147433,895.93054,918.8124,896.7226465698102,1611.0,1583.0,1583.0,1619.6956124849203,1605.6772,1585.8752,1612.6864292893351,2249.0,2252.0,2252.0,2220.8068494405798,2294.8677,2478.6738,2257.837262610915
3,2017-04-13,563.0,560.0,560.0,563.3810669347906,563.0249,560.41394,563.2029846392703,898.0,899.0,899.0,906.9622267284606,907.4897,927.35876,907.2259558935272,1621.0,1611.0,1611.0,1624.97360030327,1638.507,1587.7329,1631.7402791555412,2220.0,2249.0,2249.0,2189.1995207640894,2276.1548,2411.0386,2232.6771529601697
3,2017-04-18,568.0,563.0,563.0,564.5235273120796,567.0062,560.0313,565.7648764490086,900.0,898.0,898.0,899.7168678677131,900.13007,925.737,899.9234668928409,1612.0,1621.0,1621.0,1624.3244925084423,1641.1819,1569.884,1632.7531886370336,2130.0,2220.0,2220.0,2143.181604839691,2243.601,2313.3237,2193.39133952922
3,2017-04-19,572.0,568.0,568.0,570.2849902233859,576.158,565.7712,573.2215051214586,899.0,900.0,900.0,902.56831575346,901.93353,937.8099,902.2509242341519,1553.0,1612.0,1612.0,1597.7080108435,1632.6252,1534.0635,1615.1666274920626,1991.0,2130.0,2130.0,2027.5153011468574,2087.2988,2170.2886,2057.4070646359287
3,2017-04-20,575.0,572.0,572.0,573.1218132572109,579.9531,565.5587,576.5374691286054,895.0,899.0,899.0,896.8028643709007,899.7652,939.0207,898.2840310624035,1494.0,1553.0,1553.0,1494.075531671403,1539.7395,1428.842,1516.907516812264,1830.0,1991.0,1991.0,1865.5638381749836,1921.0597,1977.9419,1893.311765278898
3,2017-04-21,577.0,575.0,575.0,575.0123260984086,580.8559,563.8188,577.9341110472512,892.0,895.0,895.0,886.9981367978368,890.1601,938.4529,888.5791160063402,1429.0,1494.0,1494.0,1444.1436580363513,1460.4838,1365.9602,1452.3137113423945,1780.0,1830.0,1830.0,1739.6746966414994,1744.685,1817.7142,1742.1798776176247
3,2017-04-24,577.0,577.0,577.0,576.065763121076,580.3918,563.7145,578.2287738945224,887.0,892.0,892.0,883.2699579400352,885.75,938.973,884.5099789700175,1371.0,1429.0,1429.0,1374.5494342010002,1392.7708,1313.7576,1383.6600930770626,1767.0,1780.0,1780.0,1771.801362093744,1749.5206,1807.4451,1760.6609959882783
3,2017-04-25,576.0,577.0,577.0,575.1436543166387,580.4264,559.36786,577.7850229591006,881.0,887.0,887.0,876.0260692081081,877.2638,928.78937,876.6449315767103,1320.0,1371.0,1371.0,1321.5999879169294,1333.487,1279.4276,1327.5435242319022,1790.0,1767.0,1767.0,1774.3721513908436,1798.7798,1780.1869,1786.5759682735468
3,2017-04-26,569.0,576.0,576.0,572.923169794163,580.32434,558.91833,576.6237553072377,870.0,881.0,881.0,868.336964382479,870.7997,916.84143,869.5683234998332,1260.0,1320.0,1320.0,1273.880071284179,1293.6018,1247.4207,1283.740938962402,1798.0,1790.0,1790.0,1813.7183887631027,1854.6112,1801.3916,1834.164797408895
3,2017-04-27,559.0,569.0,569.0,563.0255725473259,577.8835,549.15875,570.4545282170222,861.0,870.0,870.0,851.4275246747859,852.62103,885.63965,852.0242786948148,1187.0,1260.0,1260.0,1208.7204302791984,1241.7083,1188.157,1225.2143411161617,1779.0,1798.0,1798.0,1796.5476001238694,1860.6846,1731.7656,1828.6160852181847
3,2017-04-28,550.0,559.0,559.0,551.2565745105563,563.3019,536.1246,557.2792271966844,849.0,861.0,861.0,842.1378014686259,847.5398,863.79834,844.8387981952504,1140.0,1187.0,1187.0,1124.054810248495,1152.4762,1096.5739,1138.2655032687787,1668.0,1779.0,1779.0,1760.2038490651512,1811.8193,1623.8179,1786.0115925013256
3,2017-05-02,540.0,550.0,550.0,542.3279944055605,551.2766,530.75024,546.8023028668428,835.0,849.0,849.0,830.1262771894733,835.32825,851.43304,832.7272621298929,1096.0,1140.0,1140.0,1106.4969241601627,1104.1273,1075.4282,1105.3121217480502,1542.0,1668.0,1668.0,1595.074578098687,1578.852,1486.3456,1586.9633144399686
3,2017-05-03,532.0,540.0,540.0,531.1529398762591,539.50696,524.3515,535.3299489420358,822.0,835.0,835.0,816.4666791220503,826.2804,837.03357,821.3735373149314,1048.0,1096.0,1096.0,1061.2774667251847,1063.0045,1048.0474,1062.1409916633736,1458.0,1542.0,1542.0,1476.1562130871926,1470.5078,1347.1066,1473.3320127935963
3,2017-05-04,523.0,532.0,532.0,523.248436727337,529.87085,520.1722,526.5596431683559,811.0,822.0,822.0,805.3366033222895,809.40314,825.3448,807.3698702646604,1023.0,1048.0,1048.0,1005.066822124468,1010.7854,1008.31036,1007.9261112575465,1480.0,1458.0,1458.0,1405.5781293743478,1376.9868,1293.0106,1391.2824728902988
3,2017-05-05,517.0,523.0,523.0,514.4655675305762,518.9181,514.95294,516.6918291754444,799.0,811.0,811.0,796.9576316890492,798.8634,812.2345,797.9105175046809,1009.0,1023.0,1023.0,1006.7519978903618,992.8096,1008.07275,999.780784101431,1571.0,1480.0,1480.0,1510.6737934502473,1482.6194,1391.2694,1496.646589107936
3,2017-05-08,512.0,517.0,517.0,510.8142827060033,510.4421,511.68195,510.6281954301501,794.0,799.0,799.0,786.7620036882182,789.366,795.04285,788.0640157601247,1007.0,1009.0,1009.0,1005.5869679533916,990.69257,1006.277,998.1397669356802,1635.0,1571.0,1571.0,1615.49615046708,1622.937,1607.5927,1619.216581092915
3,2017-05-09,510.0,512.0,512.0,506.7876546259382,504.66748,510.10727,505.7275675473441,790.0,794.0,794.0,786.3395734693271,783.5364,788.4488,784.9379752112261,1011.0,1007.0,1007.0,1011.3587085180744,1000.92944,1016.4769,1006.1440759387247,1645.0,1635.0,1635.0,1643.827303565883,1693.5731,1689.0381,1668.7002118415353
3,2017-05-10,510.0,510.0,510.0,508.03692902720366,505.06506,512.11127,506.5509962518831,787.0,790.0,790.0,787.2688900297416,777.78864,784.84607,782.528762641824,1006.0,1011.0,1011.0,1018.2888125992466,1010.27295,1030.8641,1014.2808809089984,1695.0,1645.0,1645.0,1621.6971233870763,1635.8331,1638.3112,1628.7651266349444
3,2017-05-11,509.0,510.0,510.0,509.7504909082772,506.73764,514.3369,508.2440656445683,784.0,787.0,787.0,786.7652434767604,778.42126,784.3276,782.5932540625989,992.0,1006.0,1006.0,1004.5574227925998,1001.87756,1022.39307,1003.2174931345812,1725.0,1695.0,1695.0,1688.2672766474748,1732.3073,1637.1471,1710.2872638120186
3,2017-05-12,508.0,509.0,509.0,509.2166538108271,502.28647,513.98627,505.75156115834324,782.0,784.0,784.0,784.4301644963506,777.4946,786.3112,780.9623967013003,978.0,992.0,992.0,981.2660205554564,979.4785,988.9369,980.3722680902282,1661.0,1725.0,1725.0,1678.240697698756,1697.5039,1611.439,1687.872301974378
3,2017-05-15,507.0,508.0,508.0,508.7587574890781,501.1826,512.24744,504.9706720795,778.0,782.0,782.0,783.3903463477313,768.55237,787.591,775.9713572558969,956.0,978.0,978.0,969.852229046918,961.69806,959.4404,965.7751440644746,1632.0,1661.0,1661.0,1561.4854868824411,1559.2339,1481.4735,1560.3596868005957
3,2017-05-16,505.0,507.0,507.0,508.3912869688073,501.15958,509.80063,504.7754316924115,771.0,778.0,778.0,778.1231041744475,765.6163,780.5082,771.8696880735519,925.0,956.0,956.0,939.2372456045282,937.6283,923.0308,938.4327707514828,1590.0,1632.0,1632.0,1562.5169017531994,1603.2825,1435.8687,1582.8996862281622
3,2017-05-17,504.0,505.0,505.0,505.16171734446857,501.189,505.14786,503.17535635289835,764.0,771.0,771.0,768.1015447921809,757.48926,765.8015,762.7954013023405,894.0,925.0,925.0,897.7139504312385,902.2114,868.41473,899.9626881062443,1638.0,1590.0,1590.0,1524.1776958594746,1554.5269,1389.9026,1539.3522756641123
3,2017-05-18,502.0,504.0,504.0,504.02557312545446,497.77902,502.8708,500.90229767112567,759.0,764.0,764.0,762.7926167703064,753.28955,753.96893,758.0410837757781,870.0,894.0,894.0,868.9240484345048,871.4729,832.6789,870.1984744125649,1668.0,1638.0,1638.0,1629.0187070268391,1697.0245,1486.3529,1663.021621579826
3,2017-05-19,496.0,502.0,502.0,501.3515307037575,495.65875,498.83633,498.50514157258186,753.0,759.0,759.0,758.4800428588497,747.43066,745.8927,752.9553534606748,854.0,870.0,870.0,852.0000772454353,843.6064,812.92554,847.8032307613895,1704.0,1668.0,1668.0,1648.5081615727386,1656.9973,1541.631,1652.7527380129318
3,2017-05-22,486.0,496.0,496.0,492.5943793698914,488.35864,492.42548,490.4765109740082,746.0,753.0,753.0,749.2542513512717,744.2853,736.53406,746.7697648357921,850.0,854.0,854.0,847.6882343982763,829.7435,799.96985,838.7158823358569,1706.0,1704.0,1704.0,1717.3713522149922,1730.6857,1582.1901,1724.0285105801522
3,2017-05-23,478.0,486.0,486.0,480.24668426171587,480.88202,480.672,480.56435165234234,737.0,746.0,746.0,738.9520783390083,741.6016,725.9411,740.2768509370823,849.0,850.0,850.0,857.5211291347924,847.0208,811.01697,852.2709710615368,1654.0,1706.0,1706.0,1705.9336448094575,1680.224,1571.255,1693.0788219164474
3,2017-05-24,473.0,478.0,478.0,472.96329282436915,471.61548,473.79202,472.28938566999705,728.0,737.0,737.0,728.0963332694303,728.3219,717.14264,728.2091163417464,848.0,849.0,849.0,853.1745182963583,850.0552,823.2892,851.6148470388041,1595.0,1654.0,1654.0,1609.340428227495,1588.7855,1529.6948,1599.0629753442163
3,2017-05-25,469.0,473.0,473.0,468.3657164202847,468.8062,469.70227,468.58596489959547,721.0,728.0,728.0,721.9037843166885,721.97406,711.70764,721.9389221876411,845.0,848.0,848.0,849.023752352761,848.5366,830.11145,848.7801867232555,1591.0,1595.0,1595.0,1520.3515317104318,1522.4703,1492.2819,1521.4109343122473
3,2017-05-26,461.0,469.0,469.0,464.0838832069047,464.76404,469.91925,464.4239606464211,712.0,721.0,721.0,716.4227837463932,713.2987,710.14,714.8607449005403,842.0,845.0,845.0,844.7004604156202,845.80237,823.7396,845.2514142898414,1564.0,1591.0,1591.0,1534.74780992138,1578.5035,1532.1079,1556.6256749802212
3,2017-05-30,455.0,461.0,461.0,453.89407627994353,452.93805,458.27136,453.4160627981749,698.0,712.0,712.0,704.2771760416022,703.0859,701.23145,703.681526253223,829.0,842.0,842.0,846.5248020248999,846.6173,814.4084,846.5710557976063,1511.0,1564.0,1564.0,1484.6878121561583,1543.0896,1500.111,1513.8887058827668
3,2017-05-31,449.0,455.0,455.0,449.94752277080653,448.44662,449.96222,449.1970737633329,685.0,698.0,698.0,687.014650963311,690.17163,686.1002,688.593140911343,810.0,829.0,829.0,817.0062222406725,814.484,782.8357,815.7451155148675,1430.0,1511.0,1511.0,1384.7176904187238,1465.7823,1474.4001,1425.250019525768
3,2017-06-01,446.0,449.0,449.0,444.3377409768212,443.11377,437.9448,443.72575525403556,674.0,685.0,685.0,675.5865977618706,680.1907,673.7192,677.8886357949978,792.0,810.0,810.0,793.458373504474,797.68774,755.9679,795.5730588225495,1374.0,1430.0,1430.0,1314.3694398101977,1389.4562,1405.4331,1351.9128082840052
3,2017-06-02,441.0,446.0,446.0,442.94600970234507,439.23398,432.38358,441.0899939869147,666.0,674.0,674.0,666.1972199507508,670.43524,666.28467,668.3162308249848,789.0,792.0,792.0,779.194467426202,779.2695,740.28467,779.2319688205229,1353.0,1374.0,1374.0,1292.1769253217194,1326.2019,1377.3077,1309.1894148092972
3,2017-06-05,434.0,441.0,441.0,436.8866646823384,432.88538,427.24033,434.88602032945045,658.0,666.0,666.0,655.8823465899518,663.4099,662.1908,659.6461293496634,783.0,789.0,789.0,795.4651497177706,789.59564,743.14636,792.5303959038072,1366.0,1353.0,1353.0,1312.6714541381325,1357.9977,1365.6606,1335.3345674010975
3,2017-06-06,429.0,434.0,434.0,430.57739507491874,425.616,418.02744,428.09669619468593,652.0,658.0,658.0,648.6875261474246,650.6246,653.1284,649.6560494506655,783.0,783.0,783.0,781.7752250629002,779.2743,735.1067,780.5247585275438,1379.0,1366.0,1366.0,1332.5154519891319,1369.0175,1364.5674,1350.7664540219098
3,2017-06-07,425.0,429.0,429.0,426.1491942084335,422.5081,411.65582,424.3286406833183,649.0,652.0,652.0,643.8732705849247,649.70105,647.03564,646.7871601948061,793.0,783.0,783.0,787.6317507938169,789.7443,744.4059,788.6880372621429,1381.0,1379.0,1379.0,1333.909061864872,1363.2422,1386.1439,1348.575624682436
3,2017-06-08,425.0,425.0,425.0,423.302831786044,418.2582,406.3402,420.7805205072798,654.0,649.0,649.0,646.1684582148039,647.77234,644.8887,646.9703985409957,813.0,793.0,793.0,804.9414542652175,810.02124,767.39166,807.4813472497963,1438.0,1381.0,1381.0,1327.4147225168888,1370.3362,1372.1871,1348.875452078757
3,2017-06-09,424.0,425.0,425.0,425.1807445720835,421.34604,407.68393,423.26339169522146,658.0,654.0,654.0,659.2541497141061,657.8667,651.5658,658.560424466428,833.0,813.0,813.0,831.2942189667557,830.3605,807.13837,830.827346299784,1481.0,1438.0,1438.0,1409.3203391261645,1515.7394,1422.2175,1462.5298595044885
3,2017-06-12,424.0,424.0,424.0,423.809649729296,419.0337,409.14557,421.421670567773,665.0,658.0,658.0,661.6407221023599,663.1318,657.8076,662.3862485023518,865.0,833.0,833.0,851.0449689152827,857.0128,836.7768,854.0288931490476,1442.0,1481.0,1481.0,1431.1204572808747,1524.0923,1459.4591,1477.6063712185623
3,2017-06-13,427.0,424.0,424.0,425.5865710462273,422.10956,409.72772,423.848064575848,679.0,665.0,665.0,671.2347285306508,673.9844,665.3418,672.6095517653255,903.0,865.0,865.0,892.6924096954198,885.32324,882.0247,889.0078259414599,1362.0,1442.0,1442.0,1361.9441117746208,1401.3413,1387.3289,1381.6427101841855
3,2017-06-14,431.0,427.0,427.0,430.49935112532376,429.61612,413.52274,430.0577352550447,690.0,679.0,679.0,691.0411570797942,686.891,680.6022,688.9660741453658,938.0,903.0,903.0,931.6026604277923,922.2028,930.38074,926.9027401260055,1277.0,1362.0,1362.0,1274.3877147791222,1309.2616,1300.8612,1291.8246557294049
3,2017-06-15,435.0,431.0,431.0,434.65585215141857,432.1324,419.5491,433.3941187026624,701.0,690.0,690.0,701.1229170303999,699.9835,691.57983,700.5532187691063,964.0,938.0,938.0,960.1854759030994,962.97235,967.90753,961.578913488659,1213.0,1277.0,1277.0,1214.2971404418968,1255.579,1222.62,1234.9380599670421
3,2017-06-16,437.0,435.0,435.0,438.333599064908,437.40048,425.28177,437.86704062132117,708.0,701.0,701.0,712.4337426103608,706.6643,699.75226,709.5490246254928,984.0,964.0,964.0,975.8491768968479,989.0042,986.1078,982.4266941613146,1169.0,1213.0,1213.0,1172.2559017501346,1185.18,1153.4167,1178.717977730536
3,2017-06-19,441.0,437.0,437.0,439.10180012846956,438.369,426.2835,438.73539408278947,717.0,708.0,708.0,714.7433522273195,717.7861,699.6771,716.2647120023316,1017.0,984.0,984.0,994.0951037375696,996.4572,990.90497,995.2761590465192,1110.0,1169.0,1169.0,1135.178270466413,1124.3455,1109.9886,1129.761864725394
3,2017-06-20,445.0,441.0,441.0,445.03261896125275,443.2017,429.88904,444.11715481754044,724.0,717.0,717.0,726.8673321431806,727.2222,707.74884,727.0447805735434,1070.0,1017.0,1017.0,1042.3123888576267,1047.5996,1027.2977,1044.9559991163133,1020.0,1110.0,1110.0,1064.9231459124012,1081.5476,1067.2567,1073.235376667138
3,2017-06-21,447.0,445.0,445.0,448.9561920436307,447.25308,432.4993,448.1046371595107,734.0,724.0,724.0,733.1198747605301,736.2112,716.83167,734.6655282005776,1109.0,1070.0,1070.0,1110.9629645836126,1121.0616,1082.7202,1116.0123050457125,993.0,1020.0,1020.0,982.8507739367914,1015.91956,1015.4676,999.385164800427
3,2017-06-22,451.0,447.0,447.0,449.09431031971,450.0174,433.4583,449.55585266962066,744.0,734.0,734.0,742.6033996343867,750.2474,727.14935,746.425387561334,1138.0,1109.0,1109.0,1130.6813924606495,1139.8855,1107.521,1135.2834452537622,987.0,993.0,993.0,999.8548716212663,1018.9315,1000.3844,1009.3931950879769
3,2017-06-23,454.0,451.0,451.0,453.930870135519,455.27853,436.5458,454.6047020355329,750.0,744.0,744.0,751.8762908118924,762.40826,741.8777,757.1422774860243,1145.0,1138.0,1138.0,1149.2552097627931,1159.6428,1117.5016,1154.449016014209,1005.0,987.0,987.0,1000.503859453858,1024.7998,1002.081,1012.651832070679
3,2017-06-26,458.0,454.0,454.0,456.0181286043126,458.66943,437.76117,457.3437810990313,757.0,750.0,750.0,754.010656507605,769.6297,742.3005,761.820178107318,1151.0,1145.0,1145.0,1138.9043452776505,1154.1519,1098.7823,1146.5281003732002,1066.0,1005.0,1005.0,1005.701161254707,1060.1385,1012.5393,1032.9198555296973
3,2017-06-27,459.0,458.0,458.0,460.23853720191767,464.07043,441.67603,462.1544858861151,761.0,757.0,757.0,761.211146918371,772.56067,750.2705,766.8859079318418,1150.0,1151.0,1151.0,1146.8597439020364,1153.8494,1101.3246,1150.3545545682057,1170.0,1066.0,1066.0,1096.6362888308813,1145.8099,1074.6858,1121.2231126771594
3,2017-06-28,464.0,459.0,459.0,459.73163249987584,459.30423,441.92523,459.51793111810196,758.0,761.0,761.0,761.884509844995,773.1845,749.9901,767.5345095611694,1119.0,1150.0,1150.0,1138.9763177269504,1145.8502,1097.1357,1142.4132687267565,1146.0,1170.0,1170.0,1211.5196845431385,1237.7695,1189.1931,1224.6446078965691
3,2017-06-29,467.0,464.0,464.0,466.95674263126244,468.82532,451.60974,467.89103000703744,754.0,758.0,758.0,756.3679955053818,757.32446,750.4277,756.8462291980034,1091.0,1119.0,1119.0,1077.6093934981554,1093.036,1052.7511,1085.3227021201715,1086.0,1146.0,1146.0,1076.96736677447,1132.2838,1138.8901,1104.6255901255163
3,2017-06-30,468.0,467.0,467.0,468.7080952312049,468.0246,455.72025,468.3663461995868,751.0,754.0,754.0,751.5923254189179,754.4583,744.03357,753.0253192035996,1068.0,1091.0,1091.0,1059.6573864381658,1061.2959,1030.4413,1060.4766424378329,1032.0,1086.0,1086.0,1030.832001223641,1080.9828,1054.4631,1055.9073946547892
3,2017-07-03,470.0,468.0,468.0,468.62062471238744,468.25323,454.04492,468.43692978783434,747.0,751.0,751.0,749.647783564541,753.2194,738.23926,751.4336024756299,1062.0,1068.0,1068.0,1046.6177665060604,1046.9393,1020.45197,1046.778548780374,997.0,1032.0,1032.0,1019.236153063725,1005.1373,977.1219,1012.1867410826437
3,2017-07-04,470.0,470.0,470.0,471.0056583836633,472.47333,455.06,471.73949301019104,742.0,747.0,747.0,745.7204125972198,749.7932,738.5125,747.7568127439224,1060.0,1062.0,1062.0,1055.5661646564006,1051.743,1037.9268,1053.654603324294,901.0,997.0,997.0,1033.73232729698,993.6514,945.46814,1013.6918777598181
3,2017-07-05,470.0,470.0,470.0,470.4511864360973,471.72583,453.44965,471.08850825711113,735.0,742.0,742.0,738.8271059963902,743.3741,736.6623,741.1005952345232,1063.0,1060.0,1060.0,1048.60897727213,1054.1687,1042.0752,1051.3888392220024,818.0,901.0,901.0,882.2415349043264,875.6671,869.21313,878.9543245810694
3,2017-07-06,471.0,470.0,470.0,469.58912158254395,471.78745,448.83167,470.68828332545166,732.0,735.0,735.0,732.6765059700374,734.0201,726.64105,733.3482932682218,1062.0,1063.0,1063.0,1061.3087138694862,1067.0305,1048.0071,1064.1696157238057,753.0,818.0,818.0,825.2803171297646,815.3566,771.6183,820.3184727738667
3,2017-07-07,474.0,471.0,471.0,470.6700893781587,471.56427,449.0558,471.117179698845,729.0,732.0,732.0,731.76751924855,730.5015,734.49286,731.1345225637281,1061.0,1062.0,1062.0,1054.4174389065686,1053.8276,1041.2151,1054.1225378126592,730.0,753.0,753.0,729.0990866823234,759.47437,733.3735,744.2867259583493
3,2017-07-10,477.0,474.0,474.0,474.6756926387824,476.35257,454.27014,475.51413110943025,733.0,729.0,729.0,728.5525317702579,729.7232,739.0556,729.1378686683321,1069.0,1061.0,1061.0,1055.969275079793,1054.8596,1039.3225,1055.414447110209,755.0,730.0,730.0,725.7047266063864,728.2243,741.0494,726.9645154028026
3,2017-07-11,480.0,477.0,477.0,477.88119343909,478.22937,461.70953,478.05528177813875,744.0,733.0,733.0,736.8734691905452,739.7537,751.0419,738.3135961675382,1098.0,1069.0,1069.0,1072.7460802714058,1082.044,1058.2424,1077.395012791953,846.0,755.0,755.0,782.6972960317129,803.4092,801.0713,793.0532378596065
3,2017-07-12,484.0,480.0,480.0,482.0205789245956,483.4388,468.47913,482.7296955902275,758.0,744.0,744.0,753.0304444351718,757.985,769.1086,755.5077148933672,1141.0,1098.0,1098.0,1121.6603618286003,1126.9009,1106.6152,1124.2806203674252,928.0,846.0,846.0,917.2537305493425,911.88605,950.6359,914.5698889563118
3,2017-07-13,486.0,484.0,484.0,487.0072808177572,487.50452,476.13138,487.25589870965985,769.0,758.0,758.0,769.8786864070382,777.0516,786.09485,773.4651305570347,1173.0,1141.0,1141.0,1173.8191037468905,1166.929,1152.3146,1170.3740294125078,933.0,928.0,928.0,999.3370404369404,1002.68616,1079.0112,1001.0115988317514
3,2017-07-14,489.0,486.0,486.0,488.0746619959162,488.51312,481.49207,488.29389227725494,776.0,769.0,769.0,779.5137595106751,783.24176,793.3026,781.3777598822907,1202.0,1173.0,1173.0,1189.1937109528048,1180.2227,1169.2214,1184.7081836014024,933.0,933.0,933.0,962.0537862104972,942.1853,1081.9773,952.119544472436
3,2017-07-17,492.0,489.0,489.0,491.44736710871285,490.5238,486.09854,490.98558540982515,786.0,776.0,776.0,787.5657822338458,788.53735,793.2601,788.0515678747354,1226.0,1202.0,1202.0,1221.9653363837003,1201.7426,1188.514,1211.853945047319,984.0,933.0,933.0,972.9454413647707,953.0299,1048.2109,962.9876742956666
3,2017-07-18,495.0,492.0,492.0,494.62933163483,495.9995,490.403,495.31442167679,798.0,786.0,786.0,800.1293220503587,799.57336,800.53705,799.8513431540856,1252.0,1226.0,1226.0,1243.8605673384875,1199.707,1204.9365,1221.7837992942436,1028.0,984.0,984.0,1075.558654148103,1020.7615,1059.5864,1048.160064378739
3,2017-07-19,497.0,495.0,495.0,497.399042762887,501.47552,492.142,499.4372838326154,807.0,798.0,798.0,812.0085206012255,803.10876,812.13605,807.5586426248315,1260.0,1252.0,1252.0,1268.3356071121714,1256.3617,1225.0557,1262.3486507240546,1093.0,1028.0,1028.0,1103.320635191309,1053.9498,1078.1777,1078.6352321464358
3,2017-07-20,499.0,497.0,497.0,497.9877243005132,499.84018,494.30008,498.9139518719363,812.0,807.0,807.0,817.7883656302877,810.5444,813.98096,814.1663690944407,1258.0,1260.0,1260.0,1255.9274611366716,1257.3507,1216.2891,1256.6390845722422,1154.0,1093.0,1093.0,1173.2496690835715,1172.7688,1120.5283,1173.0092339558482
3,2017-07-21,500.0,499.0,499.0,500.3355505755184,500.44815,496.47342,500.39185060514205,814.0,812.0,812.0,820.227347493201,820.9555,814.6568,820.5914264321474,1248.0,1258.0,1258.0,1247.623076369579,1251.038,1200.9106,1249.3305201183832,1171.0,1154.0,1154.0,1215.71727966383,1217.7894,1146.741,1216.7533541873836
3,2017-07-24,500.0,500.0,500.0,500.4420520504083,500.22495,497.21863,500.3334985593838,813.0,814.0,814.0,819.4274518106033,819.3366,812.1097,819.382030348661,1225.0,1248.0,1248.0,1234.4070322064276,1246.6494,1176.3916,1240.5282231344638,1221.0,1171.0,1171.0,1195.8251798533358,1162.0997,1142.9738,1178.962455649324
3,2017-07-25,500.0,500.0,500.0,499.9630854398129,499.70825,498.37662,499.83566869646893,807.0,813.0,813.0,816.7594120165467,817.79584,808.29346,817.2776247094453,1192.0,1225.0,1225.0,1202.0717377177846,1177.1243,1145.3938,1189.5980026479547,1206.0,1221.0,1221.0,1278.2974078916873,1304.5648,1170.6514,1291.4311136138124
3,2017-07-26,500.0,500.0,500.0,499.8642081316659,499.84335,500.00558,499.85378070157515,798.0,807.0,807.0,806.8899732236492,805.4771,800.8396,806.1835425200277,1146.0,1192.0,1192.0,1159.3389906490152,1137.2635,1113.0192,1148.3012702268513,1138.0,1206.0,1206.0,1208.6030976173226,1208.0408,1122.7458,1208.3219345508487
3,2017-07-27,498.0,500.0,500.0,499.6364905379671,499.05557,497.23514,499.3460315238664,789.0,798.0,798.0,794.1616995393985,788.48206,787.4294,791.3218776017304,1109.0,1146.0,1146.0,1099.146733246507,1104.6503,1070.4407,1101.8985009005974,1139.0,1138.0,1138.0,1106.3923818483588,1099.5522,1034.241,1102.9723139710545
3,2017-07-28,496.0,498.0,498.0,496.2343149018794,496.3014,491.65598,496.2678532517209,783.0,789.0,789.0,782.4604298100128,779.9472,776.726,781.2038171999283,1095.0,1109.0,1109.0,1075.2843078813735,1081.5665,1048.2106,1078.425418100843,1225.0,1139.0,1139.0,1175.9979154094133,1145.5248,1029.6248,1160.7613478414255
3,2017-07-31,492.0,496.0,496.0,494.8713411293426,494.23196,489.32178,494.5516526203354,779.0,783.0,783.0,779.0664653602183,781.80493,772.3114,780.4356985004217,1098.0,1095.0,1095.0,1088.4572650295122,1077.6985,1066.3597,1083.0778756788186,1331.0,1225.0,1225.0,1315.6182412292965,1354.1481,1142.6528,1334.8831562591795
3,2017-08-01,488.0,492.0,492.0,489.40285273176437,490.17566,484.8954,489.78925595572593,772.0,779.0,779.0,774.0982356111067,772.1217,769.80914,773.1099698563346,1118.0,1098.0,1098.0,1105.642563791788,1103.6786,1093.5093,1104.6605763294879,1475.0,1331.0,1331.0,1427.6028343865644,1434.5518,1345.1572,1431.0772960995323
3,2017-08-02,482.0,488.0,488.0,485.2629089102849,485.8344,480.41132,485.54866026568936,767.0,772.0,772.0,768.3173586235538,763.7624,767.0564,766.0398743801363,1143.0,1118.0,1118.0,1137.0109765929276,1125.65,1133.4358,1131.330500503495,1602.0,1475.0,1475.0,1593.314239137892,1562.6478,1635.0691,1577.9810331431647
3,2017-08-03,478.0,482.0,482.0,478.0809606579512,477.032,473.02463,477.55648679870217,764.0,767.0,767.0,764.7769994445471,761.4474,764.2535,763.1121935699298,1153.0,1143.0,1143.0,1162.5380427255272,1151.1077,1150.55,1156.8228543705761,1637.0,1602.0,1602.0,1687.2467778122873,1677.066,1809.4519,1682.156408925675
3,2017-08-04,475.0,478.0,478.0,475.3052865392165,473.07025,468.55685,474.1877690020301,762.0,764.0,764.0,764.2076988594048,758.0684,763.8234,761.1380596347806,1158.0,1153.0,1153.0,1152.9252525967295,1163.5658,1137.9374,1158.2455242475835,1655.0,1637.0,1637.0,1643.9859413994434,1685.7363,1797.5792,1664.8611347622218
3,2017-08-07,472.0,475.0,475.0,472.5956200439647,471.38593,467.19617,471.9907726684667,759.0,762.0,762.0,762.5507237937803,756.7452,763.69055,759.6479510082183,1170.0,1158.0,1158.0,1157.564210571513,1157.4152,1129.9166,1157.489685852163,1659.0,1655.0,1655.0,1653.5506092286362,1643.187,1750.3312,1648.368810473693
3,2017-08-08,467.0,472.0,472.0,470.3307312142267,467.4235,465.68506,468.87711182293367,756.0,759.0,759.0,760.1436174612891,752.3524,759.34143,756.2480172267383,1192.0,1170.0,1170.0,1179.1535958107575,1180.5647,1146.7822,1179.8591465381912,1702.0,1659.0,1659.0,1676.9988552627815,1637.1737,1702.1608,1657.0862806587345
3,2017-08-09,466.0,467.0,467.0,464.70033483965034,459.0009,460.75006,461.850609924708,756.0,756.0,756.0,757.9043569273474,752.1337,753.43964,755.0190424773456,1228.0,1192.0,1192.0,1210.7897109633682,1201.9161,1177.8937,1206.3529243293403,1837.0,1702.0,1702.0,1760.4884173224725,1761.8984,1729.9786,1761.1934274112364
3,2017-08-10,466.0,466.0,466.0,467.26743112498843,462.27173,461.72696,464.7695798203067,759.0,756.0,756.0,765.1593040449204,752.6972,758.4044,758.9282543173821,1256.0,1228.0,1228.0,1258.173311747732,1220.9531,1234.0857,1239.563218373866,2013.0,1837.0,1837.0,1950.8618341510155,1891.7362,1925.1844,1921.2990201028515
3,2017-08-11,465.0,466.0,466.0,467.7567087743491,462.86392,464.1472,465.3103154467449,760.0,759.0,759.0,770.3246394162387,761.9313,771.7826,766.1279569151507,1272.0,1256.0,1256.0,1276.5870942383308,1286.871,1261.7644,1281.7290329590091,2093.0,2013.0,2013.0,2136.848870019594,2101.6511,2130.2102,2119.2499965332345
3,2017-08-14,464.0,465.0,465.0,465.67511820054773,461.9852,461.47604,463.8301585875786,765.0,760.0,760.0,765.5180691583887,761.51605,771.4399,763.5170607022412,1289.0,1272.0,1272.0,1280.5855483004198,1294.892,1253.1562,1287.7387580369286,2155.0,2093.0,2093.0,2137.4084053809274,2117.7903,2205.3115,2127.599344292026
3,2017-08-15,464.0,464.0,464.0,465.41153509923,462.12534,460.46277,463.76843539629465,776.0,765.0,765.0,773.6106933794703,772.30493,779.00006,772.9578125100477,1310.0,1289.0,1289.0,1300.4380155111296,1315.938,1260.526,1308.1880018961897,2324.0,2155.0,2155.0,2207.664639090212,2217.7012,2247.898,2212.6829054826057
3,2017-08-16,465.0,464.0,464.0,467.1027471370541,464.56418,461.17926,465.8334628019255,791.0,776.0,776.0,790.7462911641253,791.25616,796.83813,791.0012278574533,1336.0,1310.0,1310.0,1326.632418662011,1338.0259,1282.8625,1332.3291487841307,2542.0,2324.0,2324.0,2440.479399802529,2426.008,2425.593,2433.243728221577
3,2017-08-17,465.0,465.0,465.0,468.6772798658442,464.7129,463.6231,466.6950852454221,806.0,791.0,791.0,808.6794962536449,810.62665,820.73096,809.6530721014318,1345.0,1336.0,1336.0,1355.3843262396485,1345.9647,1317.8558,1350.674523959668,2574.0,2542.0,2542.0,2637.1613399992243,2592.897,2672.492,2615.029156327737
3,2017-08-18,466.0,465.0,465.0,467.0966809951262,464.7543,463.51547,465.92549198682093,817.0,806.0,806.0,819.0553101167073,820.1394,830.28046,819.5973572067912,1349.0,1345.0,1345.0,1341.4477301249283,1360.0806,1312.5358,1350.764148265589,2584.0,2574.0,2574.0,2532.868413250002,2528.859,2664.837,2530.863649984376
3,2017-08-21,468.0,466.0,466.0,468.9098490881969,464.5533,465.3121,466.73158164859063,824.0,817.0,817.0,828.4615517054103,826.1652,836.3553,827.3133869366895,1345.0,1349.0,1349.0,1345.5882729310554,1367.7583,1318.3256,1356.6732868561526,2489.0,2584.0,2584.0,2555.661060037849,2534.8174,2630.274,2545.2392214251745
3,2017-08-22,470.0,468.0,468.0,471.74825580009394,470.445,467.168,471.09663156215635,833.0,824.0,824.0,834.1339556590235,835.12726,836.0013,834.6306069799024,1311.0,1345.0,1345.0,1336.935988007739,1366.9537,1302.7212,1351.9448616796508,2382.0,2489.0,2489.0,2413.9569021026696,2419.759,2431.3816,2416.857967652897
3,2017-08-23,473.0,470.0,470.0,472.66507177103506,473.13953,463.56995,472.9022990691113,840.0,833.0,833.0,841.9916342599129,842.31604,836.64813,842.1538371494877,1259.0,1311.0,1311.0,1275.7400574214507,1304.5533,1233.4609,1290.1467010740066,2333.0,2382.0,2382.0,2316.0805641470556,2349.2588,2179.3342,2332.669676604778
3,2017-08-24,474.0,473.0,473.0,475.23518334131666,477.79453,461.22177,476.5148542439005,845.0,840.0,840.0,845.0099705042832,847.907,841.63727,846.458476463079,1235.0,1259.0,1259.0,1209.5417090527749,1244.5809,1165.5302,1227.0613208349812,2406.0,2333.0,2333.0,2283.4274079285897,2302.0598,2125.758,2292.7436111908573
3,2017-08-25,477.0,474.0,474.0,475.5012110543764,477.63992,459.39108,476.5705670750398,848.0,845.0,845.0,849.1248049243014,852.59985,850.1488,850.8623292199632,1215.0,1235.0,1235.0,1220.0223804797251,1198.1669,1170.1423,1209.0946252984563,2381.0,2406.0,2406.0,2426.0780620743953,2519.7498,2321.1804,2472.913908966885
3,2017-08-29,482.0,477.0,477.0,479.65182190006755,480.77853,463.25928,480.2151779178072,851.0,848.0,848.0,851.4882509104057,854.5261,854.1393,853.0071869786403,1195.0,1215.0,1215.0,1198.545053941327,1176.5593,1169.6934,1187.552190056601,2282.0,2381.0,2381.0,2313.1725137932935,2367.399,2333.8164,2340.285719787272
3,2017-08-30,486.0,482.0,482.0,485.4752498081241,486.81387,471.76477,486.14456154956986,853.0,851.0,851.0,856.4474307199882,853.8228,859.20795,855.1351228306972,1189.0,1195.0,1195.0,1174.1644277332307,1166.7932,1166.8054,1170.4788203119278,2293.0,2282.0,2282.0,2204.3117624123943,2213.9314,2246.3071,2209.1215794483846
3,2017-08-31,486.0,486.0,486.0,489.28608257780036,490.42834,477.9319,489.85721365218143,856.0,853.0,853.0,858.878034273453,860.08966,863.0403,859.4838474589922,1198.0,1189.0,1189.0,1187.8247436921438,1184.4764,1186.215,1186.1505920609156,2264.0,2293.0,2293.0,2301.315283681383,2285.8494,2304.2927,2293.5823244578787
3,2017-09-01,487.0,486.0,486.0,487.3278207772873,490.33246,479.15015,488.83013963669055,860.0,856.0,856.0,857.6445396462416,863.7741,865.55884,860.7093242664802,1227.0,1198.0,1198.0,1210.7845765856314,1194.3253,1203.926,1202.554946984222,2243.0,2264.0,2264.0,2226.70112943607,2266.5115,2286.7056,2246.6063020227225
3,2017-09-04,491.0,487.0,487.0,490.4549052280394,490.15738,483.02274,490.30614218921505,863.0,860.0,860.0,867.1599166531435,863.87354,873.8192,865.5167259046967,1275.0,1227.0,1227.0,1256.0425632350682,1222.6844,1253.0095,1239.3635057386277,2313.0,2243.0,2243.0,2191.9397812715106,2214.4016,2287.7446,2203.170696299818
3,2017-09-05,494.0,491.0,491.0,495.6411682365218,495.29486,486.5729,495.4680145381828,868.0,863.0,863.0,873.0928665651013,871.06445,878.0379,872.0786598450507,1314.0,1275.0,1275.0,1314.8213466800898,1307.414,1315.9125,1311.1176435548887,2438.0,2313.0,2313.0,2338.964321196154,2388.751,2386.7524,2363.857648879327
3,2017-09-06,499.0,494.0,494.0,497.53009170958137,502.21375,490.38016,499.87191841338444,875.0,868.0,868.0,878.7397332518242,873.0728,887.70605,875.9062740966152,1351.0,1314.0,1314.0,1342.9356397340798,1354.0369,1337.5012,1348.4862524842274,2614.0,2438.0,2438.0,2469.3020457664425,2613.9487,2549.192,2541.6253881175962
3,2017-09-07,504.0,499.0,499.0,503.3727303625755,506.33527,495.9237,504.8539982379284,888.0,875.0,875.0,887.6363999590885,888.10114,902.6541,887.8687676064974,1375.0,1351.0,1351.0,1378.950609439058,1387.9741,1368.0913,1383.462365266404,2767.0,2614.0,2614.0,2663.1475636000077,2719.2214,2768.3833,2691.1844995734414
3,2017-09-08,509.0,504.0,504.0,509.5855041313429,510.25815,503.0274,509.9218261623511,898.0,888.0,888.0,903.3696107561715,900.3542,923.5741,901.8618988839451,1394.0,1375.0,1375.0,1390.8242773454515,1400.5682,1373.3208,1395.6962573250694,2813.0,2767.0,2767.0,2786.443981721409,2849.67,2929.2974,2818.0569517982044
3,2017-09-11,513.0,509.0,509.0,515.0613052650116,515.43146,509.01987,515.2463813922714,908.0,898.0,898.0,909.8000562943922,908.56274,935.26825,909.1814002175086,1429.0,1394.0,1394.0,1409.2295232389783,1403.526,1388.1615,1406.3777621077704,2724.0,2813.0,2813.0,2769.3408128676538,2799.294,2932.4019,2784.317379090077
3,2017-09-12,520.0,513.0,513.0,518.3156865624713,522.0917,516.3722,520.2036806835795,923.0,908.0,908.0,919.0813711243003,920.54974,943.0266,919.8155573883221,1464.0,1429.0,1429.0,1456.78768522446,1462.0654,1439.5688,1459.42655745598,2628.0,2724.0,2724.0,2644.812030185042,2687.8826,2829.21,2666.3472992722086
3,2017-09-13,529.0,520.0,520.0,528.327182666149,527.34375,525.48065,527.8354663330745,950.0,923.0,923.0,939.2318877632553,935.2997,959.6621,937.2657851902213,1499.0,1464.0,1464.0,1490.4277968210354,1489.5142,1496.5583,1489.9709784886427,2642.0,2628.0,2628.0,2582.265585286893,2587.4958,2698.9512,2584.880717448134
3,2017-09-14,536.0,529.0,529.0,538.8700732029546,535.8284,535.8043,537.349251689368,977.0,950.0,950.0,974.4660969454512,954.473,989.6851,964.4695597031944,1521.0,1499.0,1499.0,1525.4762994076395,1550.1805,1533.9185,1537.8284206999135,2685.0,2642.0,2642.0,2657.326383774909,2554.1404,2695.3652,2605.733382317142
3,2017-09-15,551.0,536.0,536.0,544.8098785167224,540.93463,545.6855,542.8722549321893,997.0,977.0,977.0,998.3911513101283,983.5895,1012.01697,990.9903144245955,1529.0,1521.0,1521.0,1536.788461750863,1592.2817,1545.8357,1564.5351000160565,2681.0,2685.0,2685.0,2683.7187074702897,2691.8523,2714.227,2687.7855011960824
3,2017-09-18,562.0,551.0,551.0,563.4975516130411,557.2922,562.09235,560.394863453005,1017.0,997.0,997.0,1021.3836266786169,1001.3171,1033.4811,1011.3503521576679,1536.0,1529.0,1529.0,1532.082906005123,1568.1815,1547.0106,1550.1322122799052,2723.0,2681.0,2681.0,2594.1355186951023,2605.282,2645.3896,2599.7087505584886
3,2017-09-19,576.0,562.0,562.0,572.589119142314,568.11743,570.7911,570.3532753914694,1033.0,1017.0,1017.0,1039.3254215378502,1025.4872,1041.777,1032.4063020775188,1531.0,1536.0,1536.0,1542.122361735006,1575.5972,1553.0676,1558.859764851878,2861.0,2723.0,2723.0,2681.198027365037,2659.0803,2633.02,2670.139174815331
3,2017-09-20,586.0,576.0,576.0,588.1236365682269,581.74347,584.34845,584.933552903254,1050.0,1033.0,1033.0,1055.0711167044155,1042.532,1056.4956,1048.8015495631453,1514.0,1531.0,1531.0,1527.3336565883833,1558.5709,1543.467,1542.952289719973,2948.0,2861.0,2861.0,2844.907866666891,2906.2615,2720.4136,2875.584670638133
3,2017-09-21,596.0,586.0,586.0,595.3761822129824,595.0762,592.4325,595.2261770439911,1061.0,1050.0,1050.0,1064.6466248993397,1051.1198,1065.7028,1057.883187937951,1493.0,1514.0,1514.0,1500.459653268057,1566.1459,1517.8025,1533.3027636457473,3147.0,2948.0,2948.0,2891.8998378274546,2905.992,2735.9336,2898.945890593415
3,2017-09-22,602.0,596.0,596.0,605.9626055043606,599.2367,601.8613,602.599649920149,1068.0,1061.0,1061.0,1072.0970055860903,1050.0264,1079.8844,1061.0616863867951,1474.0,1493.0,1493.0,1478.776970675539,1512.5165,1505.3938,1495.6467250838632,3173.0,3147.0,3147.0,3143.423215865424,3021.927,2895.0967,3082.6751089092745
3,2017-09-25,607.0,602.0,602.0,608.0270269936734,604.43915,611.0571,606.2330874714461,1065.0,1068.0,1068.0,1071.102710857242,1093.1956,1094.5668,1082.1491337489335,1446.0,1474.0,1474.0,1463.6295867999888,1499.3412,1499.2152,1481.4853866617132,3101.0,3173.0,3173.0,3077.1844628068643,3032.152,2917.8784,3054.66828120812
3,2017-09-26,613.0,607.0,607.0,611.7028280654984,608.52,622.17834,610.1114237983742,1054.0,1065.0,1065.0,1065.254175649243,1052.6188,1102.4617,1058.9364750316527,1406.0,1446.0,1446.0,1420.585262721353,1428.7239,1487.7942,1424.654569837239,2942.0,3101.0,3101.0,2960.4812782119297,2957.989,2895.391,2959.2351459419024
3,2017-09-27,616.0,613.0,613.0,616.0916811582624,618.15063,628.2444,617.1211579619437,1041.0,1054.0,1054.0,1049.8538357895757,1051.8472,1093.6511,1050.850501879163,1352.0,1406.0,1406.0,1369.8291882130043,1372.4264,1447.7798,1371.1277899072834,2824.0,2942.0,2942.0,2776.825289755346,2859.3994,2752.9097,2818.1123519089233
3,2017-09-28,616.0,616.0,616.0,616.6237261393443,618.9099,629.20557,617.7668191243597,1021.0,1041.0,1041.0,1032.293382843832,1042.8987,1081.4254,1037.5960322422284,1308.0,1352.0,1352.0,1304.3758016070071,1333.0337,1373.1752,1318.7047465066285,2738.0,2824.0,2824.0,2721.2993476288093,2797.113,2687.5938,2759.206192369092
3,2017-09-29,614.0,616.0,616.0,614.113397351902,618.9676,624.51526,616.5404938419666,1006.0,1021.0,1021.0,1008.0206495088413,1025.3218,1060.8843,1016.6712134262957,1268.0,1308.0,1308.0,1272.952862479323,1296.7542,1330.0415,1284.853506434974,2671.0,2738.0,2738.0,2638.288288116862,2594.1333,2682.7188,2616.2107944490563
3,2017-10-02,612.0,614.0,614.0,611.2460978760728,617.8878,622.4667,614.5669576294426,984.0,1006.0,1006.0,997.8373995743017,1010.62177,1052.1921,1004.2295823555103,1247.0,1268.0,1268.0,1252.0936451726407,1253.4657,1289.1097,1252.779671707414,2618.0,2671.0,2671.0,2586.397472786951,2482.4666,2706.441,2534.432012760663
3,2017-10-03,609.0,612.0,612.0,609.2868936316158,618.3157,615.48193,613.8012837298704,968.0,984.0,984.0,967.2238351074457,1001.75366,1025.5292,984.4887486084103,1276.0,1247.0,1247.0,1238.388625114706,1256.9122,1285.606,1247.6504282800092,2667.0,2618.0,2618.0,2542.078864683456,2471.281,2663.4883,2506.679935271415
3,2017-10-04,607.0,609.0,609.0,606.2604811096767,617.9648,617.0631,612.1126319122602,965.0,968.0,968.0,956.5941244998123,986.23914,1016.25885,971.4166301209999,1345.0,1276.0,1276.0,1314.677122777312,1305.6392,1361.6434,1310.158141466781,2888.0,2667.0,2667.0,2650.9217782399855,2561.7617,2825.2222,2606.3417484949928
3,2017-10-05,610.0,607.0,607.0,605.8560176647194,609.1716,619.43396,607.513793744469,971.0,965.0,965.0,964.1235927483629,980.1367,1009.60486,972.1301557491814,1406.0,1345.0,1345.0,1412.1401548449253,1386.9287,1472.5269,1399.5344328912126,2929.0,2888.0,2888.0,2935.048854907779,2905.6033,3088.2139,2920.326063196077
3,2017-10-06,613.0,610.0,610.0,611.7451723865014,618.2338,626.88086,614.9894990350476,978.0,971.0,971.0,979.2462700382384,995.72565,1019.33875,987.4859585054473,1438.0,1406.0,1406.0,1448.5132860056501,1446.9227,1500.564,1447.7180077489188,2906.0,2929.0,2929.0,2809.683410117408,2900.6511,3027.4915,2855.1672665821416
3,2017-10-09,618.0,613.0,613.0,614.4867069754671,617.9861,627.1947,616.236395479921,996.0,978.0,978.0,983.2788226003696,999.2712,1024.4304,991.2750008997941,1465.0,1438.0,1438.0,1455.0454854616924,1473.751,1489.9944,1464.3982310120962,2894.0,2906.0,2906.0,2778.2806410076637,2868.1836,2898.7603,2823.232117378832
3,2017-10-10,623.0,618.0,618.0,621.6450988750854,620.72156,633.8686,621.1833282461364,1020.0,996.0,996.0,1011.7327304725293,1022.6415,1045.709,1017.1871049823584,1504.0,1465.0,1465.0,1489.6230833413558,1500.2793,1472.1794,1494.9511901081778,2882.0,2894.0,2894.0,2800.966842319379,2802.041,2812.7524,2801.5039289721894
3,2017-10-11,635.0,623.0,623.0,628.797084962441,621.8119,643.2837,625.3044873054392,1050.0,1020.0,1020.0,1039.9247197453444,1046.7532,1071.0951,1043.3389467867346,1556.0,1504.0,1504.0,1539.712135205989,1567.0092,1518.1417,1553.3606452397132,2859.0,2882.0,2882.0,2839.7345492573922,2869.3967,2799.5776,2854.5656388865086
3,2017-10-12,649.0,635.0,635.0,645.4644612589816,629.78375,653.7378,637.6241068501939,1069.0,1050.0,1050.0,1080.5356694882864,1067.2808,1098.5225,1073.9082156035183,1606.0,1556.0,1556.0,1596.8715502382015,1609.053,1582.4098,1602.9622643769133,2871.0,2859.0,2859.0,2789.4927080899297,2869.3257,2766.7935,2829.40919584184
3,2017-10-13,656.0,649.0,649.0,659.8386965185954,651.30853,665.80914,655.5736146167196,1082.0,1069.0,1069.0,1094.030434030582,1083.8193,1118.0073,1088.924884984041,1637.0,1606.0,1606.0,1640.6834398691954,1685.5548,1645.2936,1663.119124719754,2980.0,2871.0,2871.0,2814.308174193032,2847.6653,2796.0396,2830.9867286980784
3,2017-10-16,663.0,656.0,656.0,663.1877937946323,660.3186,673.1238,661.7531986551287,1094.0,1082.0,1082.0,1099.0050762693659,1082.6056,1125.8036,1090.8053335448392,1651.0,1637.0,1637.0,1660.3283642784322,1716.2725,1687.0083,1688.300412607966,3079.0,2980.0,2980.0,2986.8148174343373,2988.9895,2937.6113,2987.902159693731
3,2017-10-17,666.0,663.0,663.0,669.5849061095289,666.57446,679.0802,668.079684500077,1105.0,1094.0,1094.0,1108.9387077905767,1099.8782,1134.955,1104.4084408093509,1646.0,1651.0,1651.0,1662.5603652579737,1714.7092,1699.4678,1688.6347968867994,3134.0,3079.0,3079.0,3063.0944634446505,2984.3347,3013.6785,3023.7145901207628
3,2017-10-18,673.0,666.0,666.0,670.3308887652229,668.8106,684.41406,669.5707483376896,1116.0,1105.0,1105.0,1111.4530825358318,1112.9667,1146.1373,1112.2098786702595,1648.0,1646.0,1646.0,1641.708029539232,1701.8014,1680.1375,1671.7547105703973,3186.0,3134.0,3134.0,3102.5269775388256,3031.6567,3047.713,3067.091857910038
3,2017-10-19,679.0,673.0,673.0,677.9947087831551,675.31665,691.6347,676.6556795868901,1126.0,1116.0,1116.0,1124.5766002917856,1119.828,1165.7942,1122.2023016107364,1643.0,1648.0,1648.0,1652.2420160059846,1704.3254,1695.1155,1678.2837277295548,3145.0,3186.0,3186.0,3142.1898772824684,3059.7302,3078.7744,3100.9600509459215
3,2017-10-20,683.0,679.0,679.0,681.4094451319693,679.03235,696.6002,680.2208968823909,1128.0,1126.0,1126.0,1131.222695936795,1135.3093,1174.6681,1133.266011054335,1642.0,1643.0,1643.0,1634.3441775032115,1692.4026,1693.0144,1663.3733826969183,3187.0,3145.0,3145.0,3055.949636068428,3009.8945,2985.461,3032.922083659214
3,2017-10-23,687.0,683.0,683.0,684.1510420842675,680.8717,698.6467,682.5113730929149,1130.0,1128.0,1128.0,1129.9227740652232,1132.6841,1178.9629,1131.3034280482366,1626.0,1642.0,1642.0,1640.8611656286998,1698.0483,1713.2563,1669.454752736225,3202.0,3187.0,3187.0,3135.9161743867708,2995.2373,3053.6653,3065.5767395371354
3,2017-10-24,690.0,687.0,687.0,686.8701122680098,682.5181,697.12933,684.6941198547081,1129.0,1130.0,1130.0,1130.3925556555523,1134.1395,1176.7622,1132.26604101137,1592.0,1626.0,1626.0,1609.6027333573284,1688.4597,1687.5831,1649.0312250771017,3202.0,3202.0,3202.0,3100.2123543798994,3085.7812,3028.16,3092.9968021899494
3,2017-10-25,688.0,690.0,690.0,689.579919599164,682.4351,697.8136,686.0075196140351,1117.0,1129.0,1129.0,1126.2646719932018,1129.7194,1177.1548,1127.9920161723821,1553.0,1592.0,1592.0,1560.104317648707,1639.378,1622.4839,1599.7411847032597,3182.0,3202.0,3202.0,3092.830788028267,3071.2668,2994.8179,3082.0488168656957
3,2017-10-26,687.0,688.0,688.0,683.8831236719607,681.6648,696.96533,682.7739592969178,1100.0,1117.0,1117.0,1105.939678745209,1108.5693,1161.9312,1107.2545073413544,1517.0,1553.0,1553.0,1520.8842576394316,1558.1865,1566.1199,1539.535390538466,3220.0,3182.0,3182.0,3076.780312117825,2978.6477,2988.113,3027.714008597975
3,2017-10-27,685.0,687.0,687.0,683.173553814722,681.0274,697.07556,682.1004792999391,1081.0,1100.0,1100.0,1088.7727480918786,1097.1705,1150.821,1092.9716401592204,1498.0,1517.0,1517.0,1489.330939320891,1553.5913,1527.101,1521.4611239573205,3217.0,3220.0,3220.0,3152.3415497858555,3057.4724,3057.3455,3104.906980947615
3,2017-10-30,679.0,685.0,685.0,681.1953108704778,681.34906,695.2583,681.2721854645358,1060.0,1081.0,1081.0,1066.5544804882313,1069.6393,1132.3633,1068.0968813573968,1492.0,1498.0,1498.0,1486.309740157848,1518.5835,1524.6405,1502.446618125799,3219.0,3217.0,3217.0,3114.4505215437484,3037.239,3081.0444,3075.8447676078117
3,2017-10-31,673.0,679.0,679.0,673.2345027088211,677.6487,687.6303,675.441592174723,1043.0,1060.0,1060.0,1040.6561072391678,1043.7299,1101.377,1042.1929828188026,1503.0,1492.0,1492.0,1491.0514487189862,1521.9834,1529.8838,1506.517423578243,3137.0,3219.0,3219.0,3129.3080098878854,3047.5247,3109.9575,3088.416334045505
3,2017-11-01,668.0,673.0,673.0,667.2513563692114,674.87524,684.8343,671.0633002549182,1027.0,1043.0,1043.0,1025.3083579362558,1037.72,1087.1786,1031.5141643196903,1539.0,1503.0,1503.0,1514.9319883389421,1540.5718,1550.144,1527.751882841346,3059.0,3137.0,3137.0,3009.346273965009,2977.3225,3042.3777,2993.3343918653172
3,2017-11-02,664.0,668.0,668.0,663.9489047047746,670.0035,684.64514,666.9761918543404,1014.0,1027.0,1027.0,1012.6815892723694,1021.15924,1079.511,1016.9204149975128,1562.0,1539.0,1539.0,1570.2167640863454,1582.7041,1605.2496,1576.4604328244227,3036.0,3059.0,3059.0,2955.593945377819,2963.2798,3000.1543,2959.4368652670346
3,2017-11-03,661.0,664.0,664.0,660.3316547179843,667.84515,674.1332,664.088404263289,1001.0,1014.0,1014.0,1005.2360774919373,1020.76776,1051.9197,1013.001919361203,1567.0,1562.0,1562.0,1575.167152729377,1616.3639,1622.8667,1595.7655221654697,3044.0,3036.0,3036.0,2947.21613355571,2909.2842,2927.1108,2928.250156621605
3,2017-11-06,658.0,661.0,661.0,657.6323893445247,662.80225,670.7637,660.2173177191373,988.0,1001.0,1001.0,993.2302960572832,1007.3993,1045.6887,1000.3147940247354,1558.0,1567.0,1567.0,1564.2834639642529,1598.0435,1585.8354,1581.1634604977514,3101.0,3044.0,3044.0,2962.450221200308,2900.2612,2926.8962,2931.355725834529
3,2017-11-07,654.0,658.0,658.0,655.1720636273974,662.31256,665.09015,658.7423123312768,961.0,988.0,988.0,981.6606991022174,999.4252,1030.2628,990.5429350003275,1515.0,1558.0,1558.0,1548.2940210515117,1574.1178,1559.0447,1561.205909451537,3259.0,3101.0,3101.0,3031.45885635576,2961.9636,2959.603,2996.7112397013175
3,2017-11-08,648.0,654.0,654.0,650.6879924374159,655.3337,661.44476,653.0108358183173,936.0,961.0,961.0,947.2334287549245,971.26495,1007.4437,959.2491911841029,1468.0,1515.0,1515.0,1477.8380230840644,1549.7336,1466.1545,1513.7858328310947,3349.0,3259.0,3259.0,3230.6538948273783,3117.0964,3081.455,3173.8751651871266
3,2017-11-09,644.0,648.0,648.0,643.6749884749038,652.5432,652.6185,648.1091006827644,912.0,936.0,936.0,918.4268816949922,949.9881,983.1238,934.2074899197617,1418.0,1468.0,1468.0,1431.5703083006954,1473.1293,1399.1837,1452.3497903808166,3360.0,3349.0,3349.0,3295.7089571279316,3154.701,3076.2886,3225.2049424311535
3,2017-11-10,642.0,644.0,644.0,640.3293794563375,652.6798,648.82495,646.504594513325,888.0,912.0,912.0,893.44522905132,928.65393,969.88763,911.0495798576912,1387.0,1418.0,1418.0,1373.969258386525,1387.1978,1344.7588,1380.5835061463877,3351.0,3360.0,3360.0,3262.351259462308,3114.1055,3034.755,3188.228364106154
3,2017-11-13,640.0,642.0,642.0,639.3593623697701,642.6104,642.6282,640.9848874837132,872.0,888.0,888.0,870.8104738049249,889.7014,947.25336,880.2559449102749,1346.0,1387.0,1387.0,1362.5832480711458,1367.5394,1345.3738,1365.0613383910418,3209.0,3351.0,3351.0,3253.988555333761,3125.7368,3019.712,3189.8626858700054
3,2017-11-14,637.0,640.0,640.0,636.7459474084301,638.4159,639.69977,637.5809204815588,858.0,872.0,872.0,856.0872151232631,865.704,934.25793,860.8955973077253,1320.0,1346.0,1346.0,1306.2261860489032,1344.377,1305.5316,1325.3015695869517,3108.0,3209.0,3209.0,3064.7741487911408,3042.265,2882.5396,3053.519520684633
3,2017-11-15,634.0,637.0,637.0,632.8493650822261,638.2226,630.94946,635.5359801485349,849.0,858.0,858.0,843.6513428374448,853.28064,913.1626,848.4659912429411,1298.0,1320.0,1320.0,1299.634267709666,1307.8188,1308.2007,1303.726557682958,3084.0,3108.0,3108.0,3041.9753773926186,2930.4353,2847.1208,2986.205340063497
3,2017-11-16,630.0,634.0,634.0,630.7766495618845,637.58167,626.827,634.1791573004734,845.0,849.0,849.0,838.8457303467648,847.72284,906.10803,843.2842848511168,1285.0,1298.0,1298.0,1281.8287862712489,1285.1511,1301.8275,1283.4899546590618,3153.0,3084.0,3084.0,3075.9089066941415,2930.828,2897.3188,3003.3683937767582
3,2017-11-17,628.0,630.0,630.0,626.612769408142,634.141,620.3184,630.3768803095397,850.0,845.0,845.0,838.9978171927868,850.7071,895.26526,844.8524547389716,1280.0,1285.0,1285.0,1277.5049160854994,1299.6041,1305.9604,1288.554521031031,3214.0,3153.0,3153.0,3188.68460272813,3010.223,2969.1362,3099.4537515593775
3,2017-11-20,625.0,628.0,628.0,625.3176412595722,628.3823,619.49866,626.8499827391611,856.0,850.0,850.0,851.5219561331564,856.20294,902.0086,853.8624490138438,1275.0,1280.0,1280.0,1276.5299313238627,1284.2329,1300.6288,1280.3814207400565,3255.0,3214.0,3214.0,3179.4405041340606,3097.429,2960.803,3138.434729606093
3,2017-11-21,624.0,625.0,625.0,622.3894855540747,618.25696,618.0158,620.3232217809436,875.0,856.0,856.0,862.7040820712085,866.66095,907.0006,864.6825158891199,1281.0,1275.0,1275.0,1280.1686700535456,1282.6823,1294.836,1281.425460515054,3298.0,3255.0,3255.0,3215.7997492202744,3072.097,2948.768,3143.9483365241995
3,2017-11-22,622.0,624.0,624.0,623.5904326057056,619.48926,616.9737,621.5398452091029,899.0,875.0,875.0,884.485846818596,899.8351,923.6461,892.1604649132042,1284.0,1281.0,1281.0,1290.015282053456,1289.6326,1308.7625,1289.8239252064154,3420.0,3298.0,3298.0,3267.8128152973104,3088.666,2908.7124,3178.239415461155
3,2017-11-23,620.0,622.0,622.0,621.3790025320811,619.188,613.294,620.2834954066656,914.0,899.0,899.0,912.5192172425969,922.38367,941.06433,917.4514421173922,1295.0,1284.0,1284.0,1285.9153473128172,1309.4087,1300.0052,1297.6620193595336,3453.0,3420.0,3420.0,3403.111629286035,3150.8223,2959.397,3276.9669474555176
3,2017-11-24,619.0,620.0,620.0,619.3074766664691,617.6559,611.0482,618.4816802277658,923.0,914.0,914.0,922.9988332230591,947.17285,947.24457,935.0858423927796,1299.0,1295.0,1295.0,1300.272003159628,1318.8417,1300.2322,1309.5568389821578,3540.0,3453.0,3453.0,3359.0178470347237,3253.2017,2960.7632,3306.109753595487
3,2017-11-27,620.0,619.0,619.0,618.7090799717807,617.2961,612.69226,618.0025807573747,929.0,923.0,923.0,929.8295216282132,946.10614,952.7433,937.9678308824659,1320.0,1299.0,1299.0,1301.0154850461686,1315.8174,1311.7389,1308.4164339293343,3659.0,3540.0,3540.0,3483.5655684953394,3452.4998,3080.6306,3468.0326621773575
3,2017-11-28,622.0,620.0,620.0,621.216419231611,619.1012,612.3988,620.1588077603367,936.0,929.0,929.0,940.3752871484346,950.87103,953.67883,945.6231599316392,1368.0,1320.0,1320.0,1343.1860032422073,1344.6368,1365.1937,1343.91142203126,3740.0,3659.0,3659.0,3633.273374063946,3564.1987,3216.457,3598.736052266348
3,2017-11-29,623.0,622.0,622.0,623.8292521982389,621.0003,616.98663,622.4147786870101,941.0,936.0,936.0,947.4130628565904,959.9806,962.89734,953.6968268384514,1433.0,1368.0,1368.0,1414.9269737163895,1391.6769,1432.4666,1403.301926799601,3848.0,3740.0,3740.0,3705.393781212863,3576.9578,3345.4688,3641.1757724423687
3,2017-11-30,626.0,623.0,623.0,625.1165692983132,620.73505,618.0742,622.925807842516,944.0,941.0,941.0,949.7889597918963,964.58154,963.00433,957.1852513803232,1494.0,1433.0,1433.0,1490.0902875515046,1467.2689,1509.9595,1478.6796042249712,4025.0,3848.0,3848.0,3846.7926913845467,3751.0994,3519.3096,3798.946028309461
3,2017-12-01,626.0,626.0,626.0,629.7262638961143,621.6383,619.57214,625.6822847800884,944.0,944.0,944.0,954.7095501569034,971.58325,965.6567,963.1464010550142,1559.0,1494.0,1494.0,1540.667644548943,1551.6633,1563.9285,1546.165487313534,4129.0,4025.0,4025.0,4068.815001625639,3933.642,3699.9863,4001.2285457346943
3,2017-12-04,628.0,626.0,626.0,628.6794070315232,620.6745,615.0858,624.676953271621,944.0,944.0,944.0,949.1871701254723,965.36633,961.0302,957.2767515666424,1571.0,1559.0,1559.0,1610.8835864946448,1612.8239,1607.5203,1611.8537195168537,4115.0,4129.0,4129.0,4119.384748480707,4039.0872,3799.1575,4079.235953341916
3,2017-12-05,629.0,628.0,628.0,630.3597209062194,621.33246,614.0647,625.8460897011566,945.0,944.0,944.0,947.059794529152,965.47406,963.2007,956.2669272938729,1563.0,1571.0,1571.0,1563.7547005360243,1598.2151,1560.8059,1580.9848942133247,4126.0,4115.0,4115.0,4033.968644220705,3913.3062,3742.646,3973.6373982822274
3,2017-12-06,630.0,629.0,629.0,630.4560986345223,627.6113,611.3402,629.0337133797611,944.0,945.0,945.0,946.5693414155166,967.8523,969.1234,957.2108181686958,1564.0,1563.0,1563.0,1545.1235266363565,1585.0232,1545.8723,1565.0733599978657,4147.0,4126.0,4126.0,4074.8935839574024,3861.9185,3717.5579,3968.406020494326
3,2017-12-07,631.0,630.0,630.0,631.5718536781575,637.5262,609.2375,634.5490188800943,943.0,944.0,944.0,944.8958441481293,965.4627,973.9076,955.1792758338303,1588.0,1564.0,1564.0,1560.1960074715157,1599.8464,1559.1968,1580.0212215091954,4193.0,4147.0,4147.0,4091.14513587364,3849.8015,3708.9785,3970.473324772757
3,2017-12-08,632.0,631.0,631.0,632.4951404702713,636.6386,608.7853,634.5668756550575,939.0,943.0,943.0,950.1094827866266,963.74457,974.5444,956.9270253288602,1624.0,1588.0,1588.0,1614.859918536159,1641.4738,1615.6172,1628.1668367094858,4272.0,4193.0,4193.0,4130.278245422955,3809.134,3731.5452,3969.70613931304
3,2017-12-11,633.0,632.0,632.0,634.6760378530175,636.73804,607.44183,635.7070374811963,942.0,939.0,939.0,939.1784006424002,961.32623,970.03076,950.2523167762782,1672.0,1624.0,1624.0,1650.7689651862352,1703.736,1685.1538,1677.2524635501488,4293.0,4272.0,4272.0,4249.222028244626,3853.5947,3769.9648,4051.408377403563
3,2017-12-12,633.0,633.0,633.0,635.4149878927549,637.9719,605.27295,636.6934558604399,943.0,942.0,942.0,947.6951986782506,969.18335,972.3707,958.4392741438128,1718.0,1672.0,1672.0,1707.0962026518257,1748.2842,1729.669,1727.6901911696627,4211.0,4293.0,4293.0,4204.408702676368,3800.4685,3767.3896,4002.4386042678716
3,2017-12-13,635.0,633.0,633.0,634.4471814718622,637.94934,603.4812,636.1982611460874,944.0,943.0,943.0,945.6217203450555,967.54004,970.3158,956.5808797037778,1714.0,1718.0,1718.0,1749.024118939882,1797.1459,1749.9517,1773.0849964816598,3936.0,4211.0,4211.0,4077.2680729872905,3773.1228,3709.3247,3925.1954378608325
3,2017-12-14,636.0,635.0,635.0,635.8036584281425,638.7225,603.5785,637.2630657863369,942.0,944.0,944.0,944.2306687512863,966.43677,974.9893,955.3337181647057,1677.0,1714.0,1714.0,1689.2252236070399,1702.6648,1691.2224,1695.9450092644574,3777.0,3936.0,3936.0,3711.157035706705,3707.4421,3479.042,3709.29958718929
3,2017-12-15,637.0,636.0,636.0,635.5928417958482,638.1622,603.20593,636.8775061030022,943.0,942.0,942.0,940.8656719442184,962.6735,980.3475,951.7695974467185,1643.0,1677.0,1677.0,1631.0139279534285,1698.1241,1646.53,1664.5690367306206,3656.0,3777.0,3777.0,3645.7751992507565,3478.365,3419.143,3562.0700947425657
3,2017-12-18,636.0,637.0,637.0,636.1868493275193,638.62146,602.46265,637.4041546442284,938.0,943.0,943.0,943.1787081964537,966.0078,987.2068,954.5932603482269,1593.0,1643.0,1643.0,1614.5806724899612,1680.8448,1618.4287,1647.7127605613869,3510.0,3656.0,3656.0,3538.908290377413,3495.982,3379.3198,3517.445111985581
4,2017-12-19,632.0,636.0,636.0,633.8384982273316,635.9018,626.51215,634.8701463304626,933.0,938.0,938.0,930.815934256795,938.1188,971.3025,934.4673543354288,1546.0,1593.0,1593.0,1545.8789136740652,1571.692,1613.7192,1558.7854651378138,3216.0,3510.0,3510.0,3407.1995740774173,3501.0247,3513.0535,3454.112116140271
4,2017-12-20,627.0,632.0,632.0,628.1926044065017,629.71625,616.9151,628.9544259825477,925.0,933.0,933.0,922.3961975591294,928.2382,957.421,925.3172088869866,1445.0,1546.0,1546.0,1498.7121218752532,1512.6227,1558.1152,1505.6674012696578,3115.0,3216.0,3216.0,3046.071620774115,3179.718,3247.63,3112.89481917612
4,2017-12-21,625.0,627.0,627.0,621.5899426532033,623.2847,606.61273,622.4373358285548,914.0,925.0,925.0,910.3984953566594,920.6881,953.3967,915.543302854111,1395.0,1445.0,1445.0,1344.4666151022236,1405.778,1430.4634,1375.1222846018932,2830.0,3115.0,3115.0,3091.750468857928,3071.0745,3183.1096,3081.4124658742767
4,2017-12-22,612.0,625.0,625.0,620.9094581401009,623.95374,601.36774,622.4315967458317,901.0,914.0,914.0,900.6167627762117,909.4975,941.6891,905.0571301674026,1340.0,1395.0,1395.0,1355.914974621003,1365.1927,1399.8833,1360.5538618222204,2281.0,2830.0,2830.0,2679.2827482921266,2845.6313,2887.483,2762.4570479741883
4,2018-01-02,607.0,612.0,612.0,601.222932319931,607.6623,580.6758,604.4426124001999,894.0,901.0,901.0,872.700295983227,882.74115,925.026,877.7207229427854,1332.0,1340.0,1340.0,1290.7193590466818,1309.1628,1329.1676,1299.9411004217784,2426.0,2281.0,2281.0,1994.5715116067245,2210.2422,2317.4224,2102.406849553362
4,2018-01-03,604.0,607.0,607.0,602.0826344840689,604.3544,581.5808,603.2185023006282,884.0,894.0,894.0,885.7875352159725,886.10065,937.8366,885.9440910943144,1365.0,1332.0,1332.0,1340.2652511775889,1306.7246,1357.9371,1323.4949302762943,2715.0,2426.0,2426.0,2618.6490849887086,2562.3086,2767.205,2590.4788393693543
4,2018-01-04,600.0,604.0,604.0,600.5576294023522,604.2464,587.2479,602.4020141640667,884.0,884.0,884.0,875.3456633802668,876.3381,925.7066,875.8418685553678,1400.0,1365.0,1365.0,1404.0062412007371,1396.569,1411.276,1400.28760546365,2791.0,2715.0,2715.0,2877.107221539082,2762.0037,3100.5537,2819.555441824228
4,2018-01-05,594.0,600.0,600.0,595.9883390287009,598.58545,590.7485,597.2868941237255,886.0,884.0,884.0,877.5947466164009,885.61163,923.74493,881.6031899585911,1424.0,1400.0,1400.0,1424.9288588674171,1429.0961,1467.306,1427.0124641016773,2826.0,2791.0,2791.0,2737.4551158226254,2735.1008,3052.7344,2736.2779729503754
4,2018-01-08,592.0,594.0,594.0,588.9834466819594,580.39087,593.4634,584.6871579112922,889.0,886.0,886.0,879.4497694714526,888.16156,922.8973,883.8056647650232,1428.0,1424.0,1424.0,1432.8635544719718,1472.8865,1482.79,1452.8750145406734,2820.0,2826.0,2826.0,2747.9897166033406,2708.063,2957.644,2728.0263524422953
4,2018-01-09,589.0,592.0,592.0,592.4650340845872,582.9863,596.17834,587.7256811047936,898.0,889.0,889.0,887.3462482777459,896.68463,927.1629,892.0154398127011,1404.0,1428.0,1428.0,1421.6418701351204,1439.0732,1477.5237,1430.3575561613102,2677.0,2820.0,2820.0,2740.6498797711724,2672.9324,2775.5469,2706.7911264090235
4,2018-01-10,587.0,589.0,589.0,588.2078873080542,582.36975,593.7999,585.2888191423083,902.0,898.0,898.0,896.4142809470472,907.5319,937.84705,901.973101166883,1371.0,1404.0,1404.0,1374.508415356094,1365.7406,1433.3754,1370.1245079710156,2384.0,2677.0,2677.0,2523.6397113449893,2549.4185,2454.9795,2536.5290841881197
4,2018-01-11,587.0,587.0,587.0,585.8139401250376,582.83777,592.38654,584.3258543398625,907.0,902.0,902.0,899.3506472066417,902.8169,938.51984,901.0837708689459,1348.0,1371.0,1371.0,1337.3086248109087,1343.9181,1381.6492,1340.6133578156105,2296.0,2384.0,2384.0,2177.0223911054522,2289.3625,2130.8125,2233.192469966789
4,2018-01-12,585.0,587.0,587.0,587.4737337864044,585.23645,597.44446,586.3550919908585,908.0,907.0,907.0,910.3697066124865,911.4126,951.1725,910.8911521343682,1340.0,1348.0,1348.0,1332.9339743147723,1337.575,1358.4647,1335.2544627433235,2231.0,2296.0,2296.0,2273.402866327056,2244.7073,2184.0984,2259.0550708588407
4,2018-01-15,583.0,585.0,585.0,584.2303220955977,582.58295,594.4081,583.4066344364708,910.0,908.0,908.0,907.3523679290917,908.95233,942.4602,908.1523497360301,1329.0,1340.0,1340.0,1337.9705225000798,1326.8483,1370.5085,1332.4093945508212,2010.0,2231.0,2231.0,2203.129385208826,2180.5864,2157.574,2191.857905495038
4,2018-01-16,581.0,583.0,583.0,581.9322146342446,572.6201,590.0991,577.2761659108724,910.0,910.0,910.0,907.8878974519293,912.032,939.5637,909.9599399369022,1317.0,1329.0,1329.0,1316.7574104991716,1296.7926,1349.2161,1306.7750065191171,1743.0,2010.0,2010.0,1867.9109858685056,1938.1545,1889.7443,1903.0327634420653
4,2018-01-17,580.0,581.0,581.0,579.9760770704129,569.39246,584.1037,574.6842665625502,910.0,910.0,910.0,906.9165610498918,912.41504,935.9946,909.6658000561958,1311.0,1317.0,1317.0,1304.5843803335574,1295.9305,1315.52,1300.2574611628725,1611.0,1743.0,1743.0,1593.628738963124,1634.5972,1614.5072,1614.1129534659372
4,2018-01-18,584.0,580.0,580.0,580.2939892781758,570.7399,584.042,575.5169592386973,911.0,910.0,910.0,911.4597427771391,911.33093,936.65063,911.3953376971633,1333.0,1311.0,1311.0,1308.411347201674,1299.3867,1313.2535,1303.8990329758371,1493.0,1611.0,1611.0,1543.3210170168131,1500.5463,1489.0793,1521.9336408326253
4,2018-01-19,585.0,584.0,584.0,586.3385476672296,573.58264,591.79095,579.9605946343961,913.0,911.0,911.0,917.1618341696131,912.3585,939.4155,914.7601773387128,1362.0,1333.0,1333.0,1355.7915934534497,1342.7058,1339.1111,1349.2487020001622,1445.0,1493.0,1493.0,1399.8802093376264,1415.4724,1379.2634,1407.6763107235006
4,2018-01-22,586.0,585.0,585.0,585.7869823800713,583.83057,594.4539,584.8087743931607,911.0,913.0,913.0,918.0295149518054,915.77936,941.09204,916.9044364309808,1404.0,1362.0,1362.0,1387.3918042518708,1391.272,1357.814,1389.3318884540604,1525.0,1445.0,1445.0,1396.7283915423482,1375.4226,1377.7253,1386.0754994821116
4,2018-01-23,584.0,586.0,586.0,586.9919526872543,584.0838,599.07874,585.5378769783928,908.0,911.0,911.0,915.8384121680964,910.9843,940.8873,913.4113630664701,1456.0,1404.0,1404.0,1441.822578148221,1430.7314,1384.637,1436.2770117303605,1676.0,1525.0,1525.0,1557.2917550267232,1565.6987,1544.2052,1561.4952427477365
4,2018-01-24,581.0,584.0,584.0,583.8849780665216,571.53644,599.0857,577.7107080274014,904.0,908.0,908.0,910.3567956105916,908.1298,935.47595,909.2433086939677,1481.0,1456.0,1456.0,1501.2620834188626,1481.6086,1404.471,1491.435362998494,1752.0,1676.0,1676.0,1746.4708365645226,1741.0154,1767.2183,1743.743108711949
4,2018-01-25,577.0,581.0,581.0,579.8150339632753,571.50354,596.1531,575.6592870011689,900.0,904.0,904.0,902.0081477419672,906.1028,926.235,904.0554654725461,1492.0,1481.0,1481.0,1492.390853023938,1494.0065,1399.8501,1493.1986613752501,1772.0,1752.0,1752.0,1763.4941981658296,1766.4556,1772.5402,1764.9748822860397
4,2018-01-26,573.0,577.0,577.0,574.617663832765,566.6384,594.3938,570.62804578357,895.0,900.0,900.0,897.2650238099936,899.04083,920.17834,898.1529281647624,1485.0,1492.0,1492.0,1490.7920855833058,1495.3505,1390.7865,1493.0712747252467,1784.0,1772.0,1772.0,1745.2638012811608,1755.0427,1720.7739,1750.153262945268
4,2018-01-29,566.0,573.0,573.0,569.8972097147472,563.66516,593.3164,566.7811854237798,889.0,895.0,895.0,888.9176126657547,891.76337,914.23346,890.3404896824868,1450.0,1485.0,1485.0,1473.0292307651084,1457.5536,1377.0553,1465.291409816148,1748.0,1784.0,1784.0,1754.0133215242486,1780.2498,1696.6632,1767.1315386918118
4,2018-01-30,558.0,566.0,566.0,560.3054834625927,560.63367,585.8814,560.4695752273901,884.0,889.0,889.0,878.5134882816126,885.91284,898.8018,882.2131650392438,1411.0,1450.0,1450.0,1415.0446486974374,1399.8525,1329.5353,1407.4485938799687,1613.0,1748.0,1748.0,1701.359659259986,1679.5046,1623.6935,1690.4321489659305
4,2018-01-31,552.0,558.0,558.0,551.9386730703062,552.85254,572.77167,552.3956060664032,877.0,884.0,884.0,872.3906283848937,879.2738,884.33594,875.8322160479156,1378.0,1411.0,1411.0,1377.7350882594876,1345.9377,1286.4067,1361.8364162000562,1528.0,1613.0,1613.0,1539.723068524193,1540.5162,1445.4448,1540.1196519378777
4,2018-02-01,547.0,552.0,552.0,547.0731727401761,547.99585,565.0071,547.5345111747756,872.0,877.0,877.0,867.122676093601,874.27246,875.502,870.6975685155505,1359.0,1378.0,1378.0,1350.2234613284932,1339.0974,1268.4895,1344.660436718934,1470.0,1528.0,1528.0,1513.3467214941088,1482.9105,1395.9233,1498.1286219775232
4,2018-02-02,543.0,547.0,547.0,543.0102209139768,543.0969,560.2928,543.0535723710509,865.0,872.0,872.0,866.1581412520856,866.9263,874.6054,866.5422053916677,1339.0,1359.0,1359.0,1340.9691300165018,1329.2023,1266.4587,1335.0857002621572,1433.0,1470.0,1470.0,1453.4887696666692,1414.3829,1382.8965,1433.9358521184909
4,2018-02-05,538.0,543.0,543.0,539.1752482433747,537.85095,559.04895,538.5131001959061,857.0,865.0,865.0,860.6738969045842,856.6239,868.23627,858.6488991358858,1316.0,1339.0,1339.0,1314.3999445781956,1322.3718,1251.9019,1318.3858853750353,1519.0,1433.0,1433.0,1429.1748915646626,1409.453,1366.4049,1419.313947247175
4,2018-02-06,532.0,538.0,538.0,534.7372880987784,534.6641,554.39496,534.7007058169673,844.0,857.0,857.0,851.6271576886091,850.0291,863.012,850.8281357290703,1293.0,1316.0,1316.0,1293.9942687903772,1289.0094,1239.0048,1291.5018341022198,1578.0,1519.0,1519.0,1576.3051789721026,1589.5514,1513.0586,1582.9282852868325
4,2018-02-07,529.0,532.0,532.0,528.5536972940915,526.6238,546.63654,527.5887382954833,833.0,844.0,844.0,835.0929529232124,838.1758,845.1683,836.6343670866062,1263.0,1293.0,1293.0,1271.640972437936,1269.4908,1213.2076,1270.5659085822492,1662.0,1578.0,1578.0,1590.0138542373468,1620.6196,1539.129,1605.3167415717985
4,2018-02-08,526.0,529.0,529.0,526.9897101788843,524.3954,545.4371,525.6925479605359,825.0,833.0,833.0,827.3703382428648,828.9057,833.67444,828.1380194632293,1250.0,1263.0,1263.0,1233.6048681652815,1244.0604,1190.5265,1238.8326464849845,1790.0,1662.0,1662.0,1680.8149070951577,1704.9993,1593.2836,1692.9070873366413
4,2018-02-09,520.0,526.0,526.0,523.6753983186163,522.6644,545.37695,523.1699135147769,819.0,825.0,825.0,820.934278615552,823.078,829.418,822.0061407726198,1237.0,1250.0,1250.0,1239.3830844471954,1238.4854,1199.2554,1238.9342180048477,1824.0,1790.0,1790.0,1834.0843714427074,1830.4238,1720.8347,1832.2540997838537
4,2018-02-12,518.0,520.0,520.0,516.1308593537332,517.2805,538.681,516.7056884659291,817.0,819.0,819.0,814.3496908672329,812.4544,821.42883,813.402048802757,1228.0,1237.0,1237.0,1227.3868842158902,1211.3969,1181.7341,1219.3918674009137,1793.0,1824.0,1824.0,1817.4543156550735,1838.3036,1697.8636,1827.8789522611305
4,2018-02-13,516.0,518.0,518.0,516.3416476120902,515.2757,536.973,515.8086717064357,823.0,817.0,817.0,815.8554094571631,813.3783,825.81775,814.6168526778004,1231.0,1228.0,1228.0,1220.7578734494841,1206.6515,1196.2015,1213.7046813536483,1721.0,1793.0,1793.0,1758.8691410833917,1738.8865,1605.0278,1748.8778078463833
4,2018-02-14,515.0,516.0,516.0,515.503943065974,514.94147,531.335,515.2227051755651,832.0,823.0,823.0,826.8432688334622,832.1951,839.60034,829.5191991139967,1251.0,1231.0,1231.0,1235.5425966272626,1213.2809,1216.3237,1224.4117402081624,1663.0,1721.0,1721.0,1684.7048580142286,1652.947,1518.7429,1668.8259397493018
4,2018-02-15,515.0,515.0,515.0,515.3186003608103,516.40967,530.09326,515.8641341647801,837.0,832.0,832.0,839.1274696876465,836.88696,851.1375,838.0072162891357,1273.0,1251.0,1251.0,1271.0474488903199,1259.9287,1247.9237,1265.48807991391,1608.0,1663.0,1663.0,1661.9664009692933,1592.65,1498.0339,1627.308212691678
4,2018-02-16,517.0,515.0,515.0,515.7222591816304,517.13684,528.4416,516.4295500009714,840.0,837.0,837.0,841.5290605324946,843.5169,852.26276,842.5229836353878,1294.0,1273.0,1273.0,1289.253054405891,1292.6074,1273.8352,1290.9302381404455,1597.0,1608.0,1608.0,1609.1739673208847,1560.5538,1475.544,1584.8639001643487
4,2018-02-19,519.0,517.0,517.0,519.433297173488,518.4377,533.4374,518.9354901394784,847.0,840.0,840.0,848.015803320734,844.1462,851.27655,846.0809912599764,1333.0,1294.0,1294.0,1309.6832447123752,1317.9379,1292.1102,1313.8105554616563,1678.0,1597.0,1597.0,1613.0183608192756,1585.6451,1507.3925,1599.331751210419
4,2018-02-20,522.0,519.0,519.0,521.6727985593077,522.1634,539.06195,521.9180948362945,856.0,847.0,847.0,858.3231111669935,851.7875,856.45654,855.0552933764654,1388.0,1333.0,1333.0,1370.1280429626922,1344.3242,1332.061,1357.2261308563461,1717.0,1678.0,1678.0,1760.6776731283446,1719.0392,1682.305,1739.8584288493284
4,2018-02-21,529.0,522.0,522.0,525.6511987224793,526.8882,545.191,526.2696911581147,871.0,856.0,856.0,868.6053883477523,866.54376,867.9535,867.5745752773918,1438.0,1388.0,1388.0,1435.044561011236,1400.1552,1380.8469,1417.5998561892118,1725.0,1717.0,1717.0,1760.6875277439,1742.2925,1748.8446,1751.4900041063252
4,2018-02-22,534.0,529.0,529.0,535.4535657970198,532.9262,556.4001,534.1898871465568,892.0,871.0,871.0,888.7263044469668,879.72437,890.6307,884.2253348406709,1481.0,1438.0,1438.0,1470.3757085889436,1468.7638,1430.8898,1469.5697512671281,1722.0,1725.0,1725.0,1737.5415804436343,1702.5481,1747.6366,1720.0448380733797
4,2018-02-23,538.0,534.0,534.0,539.943823276451,538.9231,565.79944,539.433459489788,919.0,892.0,892.0,911.6218976739727,901.15784,915.4004,906.3898672940177,1504.0,1481.0,1481.0,1505.2654174654092,1492.1852,1459.4873,1498.7252990647357,1680.0,1722.0,1722.0,1733.910728294942,1695.3407,1762.7134,1714.6257132685646
4,2018-02-26,545.0,538.0,538.0,543.7246060210178,543.87335,572.578,543.7989790358995,948.0,919.0,919.0,940.567712667849,930.8204,941.18195,935.6940431015026,1513.0,1504.0,1504.0,1515.8161493961193,1523.3744,1460.582,1519.5952695222784,1595.0,1680.0,1680.0,1675.9979072591475,1652.9132,1717.4907,1664.45555763348
4,2018-02-27,557.0,545.0,545.0,552.6986353932194,551.6542,581.23145,552.1764050989534,973.0,948.0,948.0,970.458792448844,954.67993,966.45856,962.5693620447345,1513.0,1513.0,1513.0,1512.261430628696,1524.7762,1458.219,1518.5188378729417,1560.0,1595.0,1595.0,1560.4956547071079,1524.0634,1612.3439,1542.2795045996477
4,2018-02-28,579.0,557.0,557.0,567.1730527485854,566.2071,592.0432,566.6900725168708,992.0,973.0,973.0,996.3232924676255,987.04456,984.4564,991.6839240658439,1505.0,1513.0,1513.0,1503.9762866945089,1513.3264,1461.112,1508.651351355067,1568.0,1560.0,1560.0,1554.0811297584826,1532.7823,1578.9807,1543.4317391956474
4,2018-03-01,586.0,579.0,579.0,592.6568646267916,580.6204,602.8886,586.6386434950364,1004.0,992.0,992.0,1017.6627970650583,999.60535,998.5648,1008.6340718723729,1500.0,1505.0,1505.0,1486.7391259359947,1495.2744,1456.9839,1491.0067699992474,1592.0,1568.0,1568.0,1574.1965992182422,1560.0471,1574.8203,1567.1218591794336
4,2018-03-02,590.0,586.0,586.0,591.2754184377302,593.3379,596.75085,592.3066545313651,1006.0,1004.0,1004.0,1013.956317500242,1010.6072,990.00464,1012.2817476173085,1502.0,1500.0,1500.0,1494.3277777953235,1505.3724,1412.8895,1499.8501071593805,1597.0,1592.0,1592.0,1653.142757952367,1603.7336,1598.8911,1628.438200265246
4,2018-03-05,595.0,590.0,590.0,595.1443903657282,594.63586,598.749,594.8901273117704,1013.0,1006.0,1006.0,1008.3400378703342,1016.5777,984.3818,1012.4588678121202,1528.0,1502.0,1502.0,1505.8222466231464,1512.9363,1403.0176,1509.3792629600107,1587.0,1597.0,1597.0,1639.082792157336,1610.852,1560.9546,1624.967421469293
4,2018-03-06,599.0,595.0,595.0,602.1193971739273,594.94385,603.44794,598.5316224150886,1020.0,1013.0,1013.0,1019.4369523799047,1024.0287,990.8055,1021.732819451671,1553.0,1528.0,1528.0,1552.6467196428057,1534.8909,1431.4108,1543.7687943917153,1495.0,1587.0,1587.0,1607.397162970841,1587.0387,1513.2373,1597.2179296299519
4,2018-03-07,607.0,599.0,599.0,604.2011437569349,603.78986,604.52075,603.9954998569831,1026.0,1020.0,1020.0,1023.5075276938136,1029.1119,996.38,1026.309733085188,1590.0,1553.0,1553.0,1568.6073807986709,1550.2928,1444.9414,1559.4501137391792,1489.0,1495.0,1495.0,1465.3141559043386,1452.9203,1414.253,1459.1172219951382
4,2018-03-08,611.0,607.0,607.0,611.214288894969,607.0234,614.48224,609.1188326799063,1032.0,1026.0,1026.0,1034.2654944510512,1029.8715,1015.92474,1032.0684772059944,1615.0,1590.0,1590.0,1616.3702460515494,1591.1743,1489.1981,1603.7722812288998,1479.0,1489.0,1489.0,1523.2349717485015,1473.5037,1425.2742,1498.3693169289381
4,2018-03-09,615.0,611.0,611.0,613.5142942626172,612.8026,620.1504,613.1584532836523,1040.0,1032.0,1032.0,1036.503790760929,1033.6979,1026.2849,1035.1008333687457,1624.0,1615.0,1615.0,1626.5873955463499,1610.6338,1506.9014,1618.610592304425,1425.0,1479.0,1479.0,1497.8651168351964,1471.9843,1444.087,1484.9246848824419
4,2018-03-12,617.0,615.0,615.0,617.6877088310747,617.7199,630.54034,617.7038092495218,1049.0,1040.0,1040.0,1043.9015659784834,1047.6018,1034.0085,1045.7516863095543,1623.0,1624.0,1624.0,1620.6296566064689,1598.6344,1493.7006,1609.6320280102657,1362.0,1425.0,1425.0,1414.815640225091,1387.4216,1417.6385,1401.118635542233
4,2018-03-13,622.0,617.0,617.0,618.9447267060226,617.4434,636.8492,618.1940735580895,1061.0,1049.0,1049.0,1050.551255735814,1057.5891,1042.9592,1054.0701835319696,1623.0,1623.0,1623.0,1612.5631944142588,1595.1146,1478.5164,1603.8389092188481,1312.0,1362.0,1362.0,1362.8312926117474,1324.587,1369.7952,1343.70916437228
4,2018-03-14,626.0,622.0,622.0,626.3887476155788,630.27826,644.35864,628.3335034464612,1077.0,1061.0,1061.0,1067.2365490887291,1062.1476,1056.8242,1064.6920660482708,1619.0,1623.0,1623.0,1615.8765357041943,1599.6898,1479.6876,1607.783177520066,1238.0,1312.0,1312.0,1318.4648639002921,1301.6581,1327.0442,1310.0614724774898
4,2018-03-15,627.0,626.0,626.0,629.1164779458984,630.49255,646.89453,629.804515828418,1091.0,1077.0,1077.0,1084.047409069092,1079.7819,1066.6917,1081.9146347103274,1618.0,1619.0,1619.0,1608.4919777717537,1594.4631,1454.9612,1601.4775562686893,1203.0,1238.0,1238.0,1254.4650180392903,1208.6267,1277.0376,1231.5458635118325
4,2018-03-16,629.0,627.0,627.0,628.8059795600464,629.77106,647.31116,629.2885183444763,1099.0,1091.0,1091.0,1095.8806803554435,1095.9908,1077.606,1095.935762541003,1621.0,1618.0,1618.0,1613.9362088133792,1593.3649,1445.8005,1603.650538488721,1171.0,1203.0,1203.0,1277.9248629925298,1191.9343,1268.9248,1234.9295945822023
4,2018-03-19,630.0,629.0,629.0,631.7389159705474,633.07166,651.4973,632.4052856219924,1109.0,1099.0,1099.0,1101.1617467965748,1103.1133,1081.2788,1102.1375140232874,1615.0,1621.0,1621.0,1620.5057707852895,1598.2872,1455.4183,1609.396501115301,1112.0,1171.0,1171.0,1207.4011602334963,1170.4988,1240.4285,1188.9499697651856
4,2018-03-20,634.0,630.0,630.0,632.5682271593734,635.76294,652.1438,634.1655833062491,1117.0,1109.0,1109.0,1111.156058724273,1113.3673,1083.0656,1112.2616841472927,1606.0,1615.0,1615.0,1603.2998426799277,1588.803,1435.4268,1596.0514105977763,1109.0,1112.0,1112.0,1123.2816062496545,1061.3745,1170.7576,1092.3280589842022
4,2018-03-21,639.0,634.0,634.0,637.6261737764358,642.0052,655.23114,639.8156808823585,1122.0,1117.0,1117.0,1121.5142391790912,1131.0917,1091.0413,1126.3029569918895,1593.0,1606.0,1606.0,1591.9796011676576,1570.1713,1415.7917,1581.0754329080476,1129.0,1109.0,1109.0,1169.0756925810324,1126.3374,1183.3115,1147.7065474623912
4,2018-03-22,641.0,639.0,639.0,642.5691382666054,643.6848,659.9194,643.1269763598652,1121.0,1122.0,1122.0,1124.035218356496,1130.7786,1097.4282,1127.4068914048105,1587.0,1593.0,1593.0,1575.6386843073817,1570.3461,1403.0684,1572.9923768216595,1157.0,1129.0,1129.0,1184.5247003252334,1163.0104,1220.9956,1173.767538150898
4,2018-03-23,645.0,641.0,641.0,643.5943487626189,642.4834,663.1951,643.0388736000594,1116.0,1121.0,1121.0,1119.6114606463727,1128.7432,1095.0127,1124.1773123544363,1575.0,1587.0,1587.0,1576.2253071211733,1566.9546,1403.1687,1571.5899484824618,1197.0,1157.0,1157.0,1193.1835260842183,1179.4344,1260.929,1186.3089871632028
4,2018-03-26,648.0,645.0,645.0,648.3103624108608,644.419,668.2416,646.3646843792585,1106.0,1116.0,1116.0,1114.2993314145176,1109.6356,1089.4664,1111.9674757658527,1552.0,1575.0,1575.0,1555.773128830208,1551.7311,1393.5898,1553.7521039658852,1191.0,1197.0,1197.0,1217.9193159433923,1249.7684,1295.797,1233.84387428029
4,2018-03-27,650.0,648.0,648.0,650.7276400846453,649.67957,668.68036,650.2036027571664,1093.0,1106.0,1106.0,1100.7030272271718,1104.315,1072.8815,1102.508984316711,1520.0,1552.0,1552.0,1521.641335744434,1504.3136,1365.6854,1512.9774671886232,1065.0,1191.0,1191.0,1180.1005428796716,1201.2731,1259.0112,1190.686807084367
4,2018-03-28,652.0,650.0,650.0,650.9772659560352,654.7116,664.99915,652.844437421377,1080.0,1093.0,1093.0,1082.14257033936,1086.6509,1051.193,1084.3967246228049,1495.0,1520.0,1520.0,1482.1086333423461,1479.4365,1334.6302,1480.7725783899232,1010.0,1065.0,1065.0,985.4897316797552,1028.3665,1111.9121,1006.92809337894
4,2018-03-29,650.0,652.0,652.0,652.2555456437198,653.7409,665.9619,652.9982257027193,1067.0,1080.0,1080.0,1070.0233479222534,1061.5538,1043.4178,1065.788590465033,1455.0,1495.0,1495.0,1471.3415861989438,1462.7389,1318.4875,1467.0402389002531,924.0,1010.0,1010.0,1035.1948388381347,982.07965,1066.1313,1008.6372448585205
4,2018-04-03,648.0,650.0,650.0,647.7153682649866,651.2147,660.10614,649.4650449723371,1056.0,1067.0,1067.0,1051.7959570985056,1033.4849,1028.4827,1042.640410189878,1397.0,1455.0,1455.0,1415.558162148025,1395.4152,1301.6975,1405.4866616404188,841.0,924.0,924.0,900.2861220355172,881.6756,993.67993,890.9808600900242
4,2018-04-04,644.0,648.0,648.0,645.0453429294492,651.41907,656.16064,648.2322051561309,1042.0,1056.0,1056.0,1039.899133639878,1033.5828,1014.5513,1036.7409486558765,1343.0,1397.0,1397.0,1339.9326057254407,1344.6577,1256.1257,1342.2951602845953,809.0,841.0,841.0,794.07269878926,811.94135,935.8437,803.0070220020518
4,2018-04-05,643.0,644.0,644.0,639.3278529263087,641.86017,650.09045,640.59401069167,1032.0,1042.0,1042.0,1024.2097628626682,1016.49725,999.1981,1020.3535081403185,1317.0,1343.0,1343.0,1297.3445684951146,1295.6469,1215.8784,1296.4957095405261,824.0,809.0,809.0,832.2755558344929,809.2317,924.0397,820.753622643809
4,2018-04-06,638.0,643.0,643.0,639.693962026379,635.7574,649.2165,637.7256736401426,1024.0,1032.0,1032.0,1023.3816864885756,1016.994,993.10675,1020.1878525216316,1315.0,1317.0,1317.0,1301.884113030813,1284.3606,1210.6652,1293.122354366969,854.0,824.0,824.0,892.3558383963617,850.9296,961.7427,871.6427324306028
4,2018-04-09,636.0,638.0,638.0,632.6668057618484,633.1307,644.5408,632.8987410156899,1016.0,1024.0,1024.0,1015.4874033351925,1011.62054,985.8307,1013.5539738843931,1319.0,1315.0,1315.0,1322.288395393581,1309.9812,1226.3463,1316.1347982827278,930.0,854.0,854.0,942.9443887714792,895.05133,1024.0791,918.9978596689427
4,2018-04-10,634.0,636.0,636.0,632.5627093403127,634.00085,640.07874,633.2817819162501,1014.0,1016.0,1016.0,1010.8957101611121,1006.1269,975.8981,1008.511301125478,1325.0,1319.0,1319.0,1325.8564178215015,1309.6458,1227.0631,1317.7510848873133,940.0,930.0,930.0,1047.3282004504372,1010.4725,1134.0668,1028.9003367974842
4,2018-04-11,630.0,634.0,634.0,631.6903216632435,633.69434,642.98047,632.6923288003718,1014.0,1014.0,1014.0,1013.9872762873764,1007.49713,981.27026,1010.7422038175164,1335.0,1325.0,1325.0,1331.4542511712825,1314.1993,1255.7677,1322.8267959957975,982.0,940.0,940.0,994.7930503150111,965.3638,1159.6381,980.0784099231305
4,2018-04-12,628.0,630.0,630.0,627.7179538076053,627.1244,634.5718,627.4211717280214,1013.0,1014.0,1014.0,1015.6123874161876,1012.91754,977.7464,1014.2649644600469,1351.0,1335.0,1335.0,1346.8224371754134,1320.0316,1232.6604,1333.4270266931753,1038.0,982.0,982.0,1068.468806883151,991.26886,1227.9822,1029.8688333732161
4,2018-04-13,626.0,628.0,628.0,626.7559688534196,625.3666,635.33057,626.0612730009286,1016.0,1013.0,1013.0,1016.6027439643502,1012.95013,986.8238,1014.776439120847,1359.0,1351.0,1351.0,1364.4113711528835,1358.5933,1265.727,1361.5023164358167,1061.0,1038.0,1038.0,1150.8042165111315,1096.1908,1299.424,1123.4975062047845
4,2018-04-16,626.0,626.0,626.0,625.7922899681029,622.50073,634.50964,624.146511194989,1018.0,1016.0,1016.0,1020.5972254099336,1021.659,994.5846,1021.1281109959824,1353.0,1359.0,1359.0,1362.5095486694045,1352.6431,1246.663,1357.5763075378272,1152.0,1061.0,1061.0,1115.7566678847584,1103.3827,1281.332,1109.569679157223
4,2018-04-17,626.0,626.0,626.0,625.6140345694372,624.016,635.99054,624.8150128901873,1022.0,1018.0,1018.0,1024.4678378405856,1020.7491,1002.1482,1022.6084611566209,1329.0,1353.0,1353.0,1346.5866600988957,1345.9404,1232.4373,1346.2635448931978,1402.0,1152.0,1152.0,1280.0539768215335,1218.8566,1385.2285,1249.455272102173
4,2018-04-18,623.0,626.0,626.0,625.1121936890088,623.49176,635.92255,624.3019769714575,1022.0,1022.0,1022.0,1028.0029902502124,1023.70593,1009.7649,1025.8544614337,1306.0,1329.0,1329.0,1309.7577063235096,1301.1278,1188.5161,1305.4427569703485,1668.0,1402.0,1402.0,1649.501091844181,1542.672,1769.6385,1596.0865444572469
4,2018-04-19,621.0,623.0,623.0,621.156491239565,621.7807,632.64465,621.4685959615794,1025.0,1022.0,1022.0,1021.3898360195647,1024.2845,1009.6941,1022.8371909590011,1289.0,1306.0,1306.0,1294.7909313698178,1282.3975,1166.4337,1288.594196153659,1915.0,1668.0,1668.0,1898.2535472692434,1837.641,2106.2834,1867.9472692400905
4,2018-04-20,621.0,621.0,621.0,620.3226820460727,617.6308,636.6769,618.9767401929582,1027.0,1025.0,1025.0,1027.4837116452154,1024.628,1018.9095,1026.055881701514,1281.0,1289.0,1289.0,1276.6043134366255,1278.6091,1175.2563,1277.6067221480002,2009.0,1915.0,1915.0,2106.102949598831,2068.6323,2325.1675,2087.3676369087907
4,2018-04-23,617.0,621.0,621.0,621.7642258823823,618.98535,643.29944,620.3747887224412,1030.0,1027.0,1027.0,1028.4989234846623,1025.384,1023.8733,1026.9414783438938,1269.0,1281.0,1281.0,1275.8690834910565,1284.8986,1187.1819,1280.3838215306846,2130.0,2009.0,2009.0,2096.762901414229,2099.9102,2310.06,2098.3365288321147
4,2018-04-24,614.0,617.0,617.0,614.8286469872778,613.4672,640.4519,614.1479355541858,1037.0,1030.0,1030.0,1030.3819810450627,1030.1432,1025.8381,1030.2625847608126,1264.0,1269.0,1269.0,1260.7070873472524,1261.1385,1188.7383,1260.9228185759698,2314.0,2130.0,2130.0,2280.459484666141,2284.3782,2443.8691,2282.418829247133
4,2018-04-25,610.0,614.0,614.0,612.8035563126197,615.3372,639.64026,614.0703877754504,1040.0,1037.0,1037.0,1042.5683484464384,1044.3378,1036.6974,1043.453058500563,1272.0,1264.0,1264.0,1268.6376168174236,1271.4965,1192.1394,1270.0670383891807,2306.0,2314.0,2314.0,2487.419695302996,2511.3093,2658.2559,2499.3645107374355
4,2018-04-26,605.0,610.0,610.0,608.3495359198865,606.1928,637.093,607.2711729892401,1042.0,1040.0,1040.0,1042.4896291440068,1040.866,1034.6521,1041.677797970441,1275.0,1272.0,1272.0,1284.9126843615,1277.7404,1209.5618,1281.3265204034062,2251.0,2306.0,2306.0,2365.3666880787646,2391.484,2583.3535,2378.425287398757
4,2018-04-27,603.0,605.0,605.0,602.2076516854661,604.88824,632.68005,603.5479481571862,1045.0,1042.0,1042.0,1041.9668982335675,1040.8527,1030.9235,1041.40977968319,1276.0,1275.0,1275.0,1278.290125793055,1298.5742,1215.7427,1288.4321722715276,2173.0,2251.0,2251.0,2279.985344784751,2298.5205,2449.6504,2289.2529262986254
4,2018-04-30,601.0,603.0,603.0,601.616136260928,601.9836,632.1226,601.7998589019484,1043.0,1045.0,1045.0,1047.4097600736836,1050.7365,1029.4688,1049.073105134498,1271.0,1276.0,1276.0,1278.2639524277051,1297.5969,1214.4905,1287.930438127915,2136.0,2173.0,2173.0,2190.084120449474,2144.7446,2332.6968,2167.414374677862
4,2018-05-01,597.0,601.0,601.0,599.7204083408917,601.9979,629.19836,600.8591665727896,1043.0,1043.0,1043.0,1044.7850970653096,1035.4644,1020.8154,1040.12472626703,1271.0,1271.0,1271.0,1269.4543241743058,1266.3455,1205.7556,1267.8998915793404,2197.0,2136.0,2136.0,2177.457381865958,2161.1677,2282.9792,2169.312553237666
4,2018-05-02,591.0,597.0,597.0,594.9667468936863,579.9697,624.24,587.4682367280932,1047.0,1043.0,1043.0,1045.6990987490904,1038.7167,1019.35394,1042.207886776889,1266.0,1271.0,1271.0,1278.6732009935322,1278.0094,1195.6478,1278.3413002037973,2308.0,2197.0,2197.0,2281.944301778763,2230.9995,2425.1519,2256.4719067487567
4,2018-05-03,589.0,591.0,591.0,587.9172400935605,580.016,617.86334,583.966615652249,1050.0,1047.0,1047.0,1049.1111262733964,1048.4541,1022.0199,1048.7826139179483,1265.0,1266.0,1266.0,1267.957989069324,1270.067,1188.6643,1269.0125028354432,2337.0,2308.0,2308.0,2417.0689461947923,2508.1475,2550.025,2462.608203566146
4,2018-05-04,585.0,589.0,589.0,588.3426362289952,583.88,618.221,586.1113205559038,1051.0,1050.0,1050.0,1053.2932082544173,1049.4539,1026.671,1051.3735328381463,1257.0,1265.0,1265.0,1268.1567630443024,1277.7496,1187.1313,1272.9531984166824,2482.0,2337.0,2337.0,2368.9449547149243,2396.2751,2533.5454,2382.6100505996496
4,2018-05-08,585.0,585.0,585.0,583.3099490397777,581.26385,615.7517,582.2869020101232,1048.0,1051.0,1051.0,1052.0465778184691,1049.7861,1029.8271,1050.9163553154845,1253.0,1257.0,1257.0,1257.9487362859795,1260.5715,1181.9316,1259.2601347445523,2616.0,2482.0,2482.0,2581.85754990174,2623.8315,2681.0537,2602.8445464352453
4,2018-05-09,584.0,585.0,585.0,585.7328470105352,583.9694,617.27814,584.851134198627,1052.0,1048.0,1048.0,1054.704452688226,1043.982,1028.448,1049.3432541761442,1246.0,1253.0,1253.0,1259.6624095579002,1262.446,1169.0178,1261.0542272398875,2565.0,2616.0,2616.0,2712.6117072291636,2719.6506,2802.27,2716.1311709973943
4,2018-05-10,584.0,584.0,584.0,584.3638602416905,574.803,611.8224,579.5834193786577,1053.0,1052.0,1052.0,1060.1123650182594,1051.12,1030.39,1055.6161800677235,1245.0,1246.0,1246.0,1245.5493619953572,1248.0521,1162.2356,1246.8007430093974,2630.0,2565.0,2565.0,2553.8381862858664,2557.9524,2677.2344,2555.8952894319955
4,2018-05-11,585.0,584.0,584.0,585.5313575469341,575.55695,611.3353,580.5441516738576,1055.0,1053.0,1053.0,1058.7451823791134,1053.4979,1036.492,1056.1215535919005,1240.0,1245.0,1245.0,1250.1840120628667,1253.9867,1163.3755,1252.085353199402,2635.0,2630.0,2630.0,2694.009564039604,2733.271,2749.3135,2713.640280066677
4,2018-05-14,586.0,585.0,585.0,587.189231261585,585.7657,613.5416,586.4774586483707,1053.0,1055.0,1055.0,1060.3872941600234,1055.5255,1043.009,1057.956403427668,1237.0,1240.0,1240.0,1238.3250963240916,1227.7902,1163.7217,1233.057628728452,2602.0,2635.0,2635.0,2630.36828685226,2661.4072,2736.6548,2645.88775670738
4,2018-05-15,587.0,586.0,586.0,588.0507793605834,585.5767,612.5764,586.8137502759948,1056.0,1053.0,1053.0,1055.0225102976542,1049.4722,1039.6545,1052.247339133202,1237.0,1237.0,1237.0,1236.8714516210982,1222.5336,1159.5182,1229.702510478518,2407.0,2602.0,2602.0,2572.4017990578686,2552.185,2680.1948,2562.2934288258093
4,2018-05-16,589.0,587.0,587.0,588.8838027707118,585.3299,609.5507,587.1068488951215,1064.0,1056.0,1056.0,1058.84685840489,1054.7399,1039.3496,1056.7933632844763,1239.0,1237.0,1237.0,1238.7566028094311,1219.707,1156.9644,1229.2318170297156,2106.0,2407.0,2407.0,2308.130006931423,2387.2556,2442.095,2347.692811082899
4,2018-05-17,590.0,589.0,589.0,591.9512231553466,585.97186,607.25616,588.9615429741577,1069.0,1064.0,1064.0,1070.7311106594789,1059.2083,1043.8752,1064.969681306302,1241.0,1239.0,1239.0,1241.8554514616503,1218.4086,1163.9358,1230.132010398794,2053.0,2106.0,2106.0,1985.2524737953718,2040.9042,2096.179,2013.0783243000296
4,2018-05-18,591.0,590.0,590.0,592.2695476068368,586.13226,610.859,589.2009053952153,1071.0,1069.0,1069.0,1075.5235779154814,1071.6249,1052.2025,1073.5742279225844,1243.0,1241.0,1241.0,1246.4481446512532,1241.0078,1181.0522,1243.7279785756266,1957.0,2053.0,2053.0,2092.1823215454688,2016.5463,2174.8083,2054.364293096953
4,2018-05-21,590.0,591.0,591.0,592.9634537224447,585.4274,610.261,589.1954414608317,1074.0,1071.0,1071.0,1075.756430057728,1073.0248,1051.3528,1074.3906051655827,1239.0,1243.0,1243.0,1250.260745398314,1253.2079,1178.9576,1251.7343155702506,1854.0,1957.0,1957.0,1931.5708547957147,1858.6971,2070.2727,1895.133999175201
4,2018-05-22,591.0,590.0,590.0,590.1859643378607,584.3431,604.5129,587.264521475571,1074.0,1074.0,1074.0,1077.5730827985712,1073.902,1047.2993,1075.7375301688169,1222.0,1239.0,1239.0,1238.9964246608097,1223.8016,1171.0781,1231.3990302014986,1759.0,1854.0,1854.0,1824.9159031126308,1781.2367,1896.6342,1803.0762987242842
4,2018-05-23,590.0,591.0,591.0,592.14351050767,584.5585,603.3462,588.3509910936788,1074.0,1074.0,1074.0,1078.0335476395098,1072.6743,1046.4852,1075.35393202288,1202.0,1222.0,1222.0,1210.7310006712005,1193.7982,1140.6055,1202.264609222319,1551.0,1759.0,1759.0,1722.6026212190134,1658.8673,1737.9036,1690.734965394663
4,2018-05-24,587.0,590.0,590.0,589.5929608020933,583.1846,596.36694,586.3887655572967,1071.0,1074.0,1074.0,1074.165973303182,1072.7527,1039.586,1073.4593294250285,1187.0,1202.0,1202.0,1187.3608707887024,1183.0488,1117.0093,1185.2048494568512,1395.0,1551.0,1551.0,1467.2011532789459,1510.828,1425.2927,1489.0145781043166
4,2018-05-25,586.0,587.0,587.0,585.4888876021175,581.6325,591.702,583.5606974631681,1068.0,1071.0,1071.0,1068.82931635154,1068.3363,1037.0004,1068.5828100312388,1163.0,1187.0,1187.0,1177.5050039801022,1162.4447,1106.7538,1169.9748530642698,1324.0,1395.0,1395.0,1353.2414458292747,1325.5458,1275.9254,1339.393611098231
4,2018-05-29,584.0,586.0,586.0,585.0773848632866,582.8475,592.2311,583.9624290039089,1064.0,1068.0,1068.0,1066.662769306648,1067.5358,1037.6766,1067.0992679541052,1149.0,1163.0,1163.0,1140.94391971385,1144.636,1096.6705,1142.7899530209875,1276.0,1324.0,1324.0,1313.4050208981848,1292.8811,1235.3832,1303.143062206905
4,2018-05-30,583.0,584.0,584.0,582.8551873844724,571.54315,591.09155,577.1991696199706,1063.0,1064.0,1064.0,1064.1406741460992,1046.8983,1034.1874,1055.5194947878933,1160.0,1149.0,1149.0,1144.5075190233047,1124.676,1086.191,1134.5917722069648,1401.0,1276.0,1276.0,1297.7742177618818,1255.6356,1201.8348,1276.7049189395348
4,2018-05-31,583.0,583.0,583.0,581.5621140693847,572.9572,594.9509,577.2596642124267,1061.0,1063.0,1063.0,1063.334568485828,1053.1292,1041.0913,1058.2318594382264,1192.0,1160.0,1160.0,1175.9624213193358,1167.7922,1116.9625,1171.8773288237303,1602.0,1401.0,1401.0,1533.0978492366748,1490.714,1434.1041,1511.9059192472437
4,2018-06-01,583.0,583.0,583.0,582.5235779409863,572.07367,597.38104,577.29862368729,1061.0,1061.0,1061.0,1062.5117278572861,1050.3939,1039.8491,1056.4528243778618,1217.0,1192.0,1192.0,1223.962849393143,1216.825,1154.0188,1220.393900282509,1712.0,1602.0,1602.0,1775.6153401379897,1782.3221,1819.6907,1778.9687418463386
4,2018-06-04,584.0,583.0,583.0,583.0659565991377,572.14996,599.3879,577.607959989022,1065.0,1061.0,1061.0,1061.4220174273873,1054.5358,1038.3872,1057.978892014475,1250.0,1217.0,1217.0,1235.091907660228,1234.4034,1179.8794,1234.74767502152,1835.0,1712.0,1712.0,1817.1385867618892,1779.3043,1959.9242,1798.2214540254759
4,2018-06-05,583.0,584.0,584.0,585.0256333568694,572.82477,604.7101,578.9252007116379,1065.0,1065.0,1065.0,1068.8371013882775,1055.3673,1053.0266,1062.102205479295,1290.0,1250.0,1250.0,1279.8174949171325,1271.9791,1216.1128,1275.8983104468475,2088.0,1835.0,1835.0,1963.8386793235243,1930.6306,2162.1492,1947.2346472789495
4,2018-06-06,583.0,583.0,583.0,583.4740397654225,573.8477,608.8699,578.6608785252894,1072.0,1065.0,1065.0,1066.4159313921816,1055.3547,1066.6848,1060.8853338601534,1344.0,1290.0,1290.0,1325.9399607479554,1331.9176,1264.481,1328.928781643509,2220.0,2088.0,2088.0,2292.679916365595,2201.6094,2507.8018,2247.1446456827975
4,2018-06-07,584.0,583.0,583.0,584.8424579742941,573.01984,617.7648,578.9311472000377,1075.0,1072.0,1072.0,1077.4922606208738,1072.6316,1089.4929,1075.0619262088744,1418.0,1344.0,1344.0,1390.5682174827377,1385.39,1335.5406,1387.9791160655877,2151.0,2220.0,2220.0,2329.019659444965,2333.7131,2660.1626,2331.3663971052947
4,2018-06-08,586.0,584.0,584.0,586.538625144236,574.1773,619.49896,580.3579661365711,1078.0,1075.0,1075.0,1079.8900151772182,1075.3185,1091.4543,1077.6042483112653,1451.0,1418.0,1418.0,1476.5324614139931,1434.5521,1409.5731,1455.5422927187153,2091.0,2151.0,2151.0,2159.5830188956024,2148.8564,2545.685,2154.219732104051
4,2018-06-11,588.0,586.0,586.0,588.8176324633774,585.83673,623.926,587.3271817102043,1084.0,1078.0,1078.0,1081.9505929519446,1075.5905,1093.9841,1078.7705235267535,1474.0,1451.0,1451.0,1466.1841397530293,1463.4088,1430.2063,1464.796476614796,2068.0,2091.0,2091.0,2146.612249603471,2012.8712,2478.494,2079.741732711892
4,2018-06-12,591.0,588.0,588.0,590.4081850822987,586.06433,629.19464,588.236258068493,1088.0,1084.0,1084.0,1088.739425657384,1089.1752,1101.2457,1088.9572982779107,1488.0,1474.0,1474.0,1485.7457895247753,1488.7323,1440.2786,1487.2390446647314,2091.0,2068.0,2068.0,2152.6083899859996,2013.8153,2506.7407,2083.2118488015935
4,2018-06-13,592.0,591.0,591.0,593.8811736909739,589.31805,635.0053,591.5996139450963,1089.0,1088.0,1088.0,1092.2438075182038,1107.6085,1105.0009,1099.926164013008,1498.0,1488.0,1488.0,1493.4219466571421,1488.6505,1443.5594,1491.0362296762273,2184.0,2091.0,2091.0,2186.4512573686998,2071.707,2564.2798,2129.07914430935
4,2018-06-14,593.0,592.0,592.0,593.6030986054693,587.7508,637.4591,590.6769460312503,1091.0,1089.0,1089.0,1089.0997745778363,1120.4482,1100.196,1104.7740083826682,1495.0,1498.0,1498.0,1502.0110559300056,1528.4479,1435.6833,1515.229465953284,2223.0,2184.0,2184.0,2308.9217143672677,2270.7332,2711.2446,2289.8274343320713
4,2018-06-15,595.0,593.0,593.0,594.5355895832708,588.51483,640.55817,591.5252105631198,1092.0,1091.0,1091.0,1091.1158804949969,1120.3759,1097.4368,1105.7458674935922,1482.0,1495.0,1495.0,1479.8393081303348,1490.7789,1433.3805,1485.3091193971986,2228.0,2223.0,2223.0,2276.4083088747407,2302.2297,2671.5356,2289.319022601433
4,2018-06-18,594.0,595.0,595.0,596.5680018651057,588.8835,643.8984,592.7257428759121,1093.0,1092.0,1092.0,1090.3874074806022,1119.7949,1092.2076,1105.091164677801,1458.0,1482.0,1482.0,1461.864576081883,1450.7821,1413.2677,1456.323340287035,2187.0,2228.0,2228.0,2246.8839636639464,2248.2964,2571.9907,2247.590175191348
4,2018-06-19,593.0,594.0,594.0,593.595998976119,587.97595,639.26056,590.7859755622783,1094.0,1093.0,1093.0,1089.0818851738115,1120.4984,1082.6022,1104.7901491298744,1419.0,1458.0,1458.0,1429.6730536905163,1420.7374,1373.1188,1425.2052402241643,2090.0,2187.0,2187.0,2182.5278483803086,2156.7039,2426.3188,2169.615852901092
4,2018-06-20,592.0,593.0,593.0,592.3312435251951,587.8454,633.74396,590.0883207372069,1094.0,1094.0,1094.0,1089.275789558975,1119.4249,1077.1777,1104.3503581583936,1382.0,1419.0,1419.0,1379.9668713512333,1355.3011,1322.1912,1367.6340094060854,2038.0,2090.0,2090.0,2065.081561042816,2011.7667,2234.9631,2038.4241423378141
4,2018-06-21,593.0,592.0,592.0,591.5072023082654,587.73376,630.00073,589.6204834783514,1092.0,1094.0,1094.0,1090.0459594871195,1119.5366,1077.0487,1104.7912902904347,1355.0,1382.0,1382.0,1346.174434479017,1337.4457,1288.0056,1341.8100565949771,2011.0,2038.0,2038.0,2047.0362866767746,2002.2853,2197.6133,2024.6607824985435
4,2018-06-22,592.0,593.0,593.0,592.7998038301212,587.1295,629.0661,589.9646602158418,1085.0,1092.0,1092.0,1088.4376802657898,1115.1582,1076.6685,1101.797941695395,1339.0,1355.0,1355.0,1329.3837819710295,1329.8429,1270.5221,1329.6133387394211,2001.0,2011.0,2011.0,2043.7061305701427,2006.0161,2197.0757,2024.8611219256964
4,2018-06-25,589.0,592.0,592.0,590.1995616892237,586.5094,624.0424,588.3544805516431,1078.0,1085.0,1085.0,1078.7016496992749,1083.7379,1065.0927,1081.2197823691686,1321.0,1339.0,1339.0,1326.8158592847644,1328.4193,1255.0515,1327.617585404101,1986.0,2001.0,2001.0,2047.5982771430413,1979.6605,2213.1187,2013.6293998019894
4,2018-06-26,585.0,589.0,589.0,586.6311320409961,584.32104,617.1377,585.4760884814356,1067.0,1078.0,1078.0,1070.8089529532097,1061.1539,1052.5486,1065.9814418086362,1324.0,1321.0,1321.0,1306.8629337631485,1287.9495,1237.4004,1297.4061983268866,1942.0,1986.0,1986.0,2055.1684725089094,1967.9874,2203.94,2011.577949633361
4,2018-06-27,583.0,585.0,585.0,582.2201645246807,581.17584,609.6239,581.6980034049185,1055.0,1067.0,1067.0,1056.1176838992365,1041.9716,1036.511,1049.044620758212,1331.0,1324.0,1324.0,1333.4297485117158,1314.0305,1246.9423,1323.7301330449204,2025.0,1942.0,1942.0,2008.6451533491554,1906.7673,2118.1794,1957.7062436667652
4,2018-06-28,581.0,583.0,583.0,581.8163439062962,573.3664,610.6925,577.5913689746325,1042.0,1055.0,1055.0,1045.860349094091,1036.3484,1028.3696,1041.104368882983,1336.0,1331.0,1331.0,1337.2295211230444,1320.6896,1268.725,1328.9595481591784,2170.0,2025.0,2025.0,2124.863268879504,2120.2485,2246.4207,2122.555902017877
4,2018-06-29,575.0,581.0,581.0,579.3369395632194,568.9406,613.1602,574.1387761780941,1034.0,1042.0,1042.0,1033.9585575315994,1019.8747,1016.3254,1026.9166261779092,1338.0,1336.0,1336.0,1337.9953304455885,1314.7987,1277.9158,1326.397018250138,2304.0,2170.0,2170.0,2273.7803314300277,2264.061,2429.1064,2268.9206832931386
4,2018-07-02,571.0,575.0,575.0,571.1996193395789,563.728,608.49036,567.4638233416645,1025.0,1034.0,1034.0,1025.844194422202,1028.073,1010.0008,1026.9585962345386,1336.0,1338.0,1338.0,1342.308185268808,1343.5779,1289.2174,1342.9430330640917,2478.0,2304.0,2304.0,2376.896959961288,2491.652,2557.207,2434.2745297853317
4,2018-07-03,569.0,571.0,571.0,568.5150817413587,561.4785,606.55,564.9967986831793,1017.0,1025.0,1025.0,1018.5903087004843,1015.2578,1006.7627,1016.9240606002422,1334.0,1336.0,1336.0,1338.8609979224025,1319.5359,1284.5013,1329.1984432971387,2743.0,2478.0,2478.0,2564.332478810843,2630.6526,2718.004,2597.492533350734
4,2018-07-04,565.0,569.0,569.0,567.8332361472967,563.41125,607.8667,565.6222455150546,1005.0,1017.0,1017.0,1014.0595826484309,1007.06805,1010.292,1010.5638184238248,1339.0,1334.0,1334.0,1335.2287365568252,1320.1459,1301.7887,1327.6873052901315,3013.0,2743.0,2743.0,2872.4423417516555,2862.8484,2954.9507,2867.6453652117652
4,2018-07-05,563.0,565.0,565.0,562.9017980217639,558.74963,604.6952,560.8257159054132,999.0,1005.0,1005.0,999.6819391129713,988.1777,1000.1122,993.9298062264075,1347.0,1339.0,1339.0,1347.8248600895931,1338.9387,1321.1522,1343.381790396359,3086.0,3013.0,3013.0,3116.7206710651717,3096.7258,3195.0806,3106.7232505716484
4,2018-07-06,562.0,563.0,563.0,561.898029092214,563.6014,602.02466,562.7497042433727,997.0,999.0,999.0,998.834642696622,996.47046,995.7504,997.6525508404985,1367.0,1347.0,1347.0,1356.758488834645,1351.2642,1329.1156,1354.0113244954475,3016.0,3086.0,3086.0,3086.2879444465098,3170.9275,3224.7407,3128.6077173404424
4,2018-07-09,560.0,562.0,562.0,562.379553375634,564.7624,599.08124,563.5709717561764,994.0,997.0,997.0,996.516479775748,1003.11755,996.7886,999.8170167433427,1431.0,1367.0,1367.0,1389.8396342489373,1393.074,1330.9121,1391.4568044291561,2792.0,3016.0,3016.0,2992.820212000306,2978.6252,3145.8862,2985.7227280704656
4,2018-07-10,558.0,560.0,560.0,561.0127835246948,557.19836,594.58856,559.1055738912537,992.0,994.0,994.0,994.5943894052631,987.71106,992.91125,991.1527244877877,1498.0,1431.0,1431.0,1496.2423010298744,1492.7622,1387.5754,1494.5022540305622,2793.0,2792.0,2792.0,2736.873869071835,2689.3218,2931.6995,2713.0978232077923
4,2018-07-11,558.0,558.0,558.0,558.9837012434868,556.838,596.978,557.9108569693997,994.0,992.0,992.0,994.1166777489675,983.00476,998.84235,988.5607192455775,1517.0,1498.0,1498.0,1557.5965610563026,1545.0061,1461.2778,1551.3013322859638,3041.0,2793.0,2793.0,2914.5204763429133,2751.247,3105.942,2832.883773327707
4,2018-07-12,559.0,558.0,558.0,560.0832294639939,558.7315,604.329,559.4073679058251,995.0,994.0,994.0,1001.5012211919468,986.6913,1009.9836,994.0962526858171,1527.0,1517.0,1517.0,1523.650519152115,1531.175,1481.7429,1527.41278399012,3156.0,3041.0,3041.0,3255.256228282188,3101.1194,3435.6294,3178.1878065239066
4,2018-07-13,559.0,559.0,559.0,560.2555258053997,560.4805,608.96014,560.368027795278,998.0,995.0,995.0,999.0024154811791,998.50635,1013.29065,998.7543815687145,1529.0,1527.0,1527.0,1528.048880254547,1532.7683,1501.8301,1530.408595400711,3238.0,3156.0,3156.0,3231.3911852288957,3281.0112,3509.1614,3256.201207848823
4,2018-07-16,561.0,559.0,559.0,559.7525984417807,561.07666,609.25464,560.4146292990154,1003.0,998.0,998.0,1001.0437523354283,1007.3969,1015.9872,1004.220331978261,1530.0,1529.0,1529.0,1530.6190326819678,1521.1539,1498.9529,1525.8864816730152,3335.0,3238.0,3238.0,3291.5774753426012,3307.566,3564.5408,3299.5716966556756
4,2018-07-17,561.0,561.0,561.0,563.6605430127403,566.53485,614.2036,565.0976970434795,1008.0,1003.0,1003.0,1009.1280913556216,1011.31104,1028.5553,1010.2195632559358,1529.0,1530.0,1530.0,1529.8230448107179,1525.6078,1523.0443,1527.7154164483277,3230.0,3335.0,3335.0,3426.8536650481037,3462.945,3605.817,3444.8993667037394
4,2018-07-18,561.0,561.0,561.0,563.0492325861765,569.25714,610.4617,566.1531868497289,1016.0,1008.0,1008.0,1009.453435284777,1018.5887,1027.3248,1014.0210596834041,1538.0,1529.0,1529.0,1522.6992130296712,1527.7998,1532.3933,1525.2495088585856,3130.0,3230.0,3230.0,3186.941369795246,3141.192,3439.015,3164.066632163248
4,2018-07-19,560.0,561.0,561.0,563.0537456310005,569.6775,604.1948,566.3656179326878,1023.0,1016.0,1016.0,1019.5299484560288,1032.4238,1028.1273,1025.9768882905144,1557.0,1538.0,1538.0,1544.9974176878322,1549.7833,1536.4089,1547.3903714415724,3205.0,3130.0,3130.0,3101.13773757102,3115.4846,3362.9648,3108.3111783558224
4,2018-07-20,560.0,560.0,560.0,562.1801415147016,564.97455,597.7502,563.5773449272726,1028.0,1023.0,1023.0,1028.2656030028209,1033.9088,1030.4982,1031.0872082396918,1566.0,1557.0,1557.0,1577.0459650515772,1550.5891,1555.3987,1563.8175381898511,3304.0,3205.0,3205.0,3294.8347159288014,3227.4543,3437.8188,3261.144530815963
4,2018-07-23,559.0,560.0,560.0,562.2340096157586,565.98505,596.09937,564.1095280012387,1030.0,1028.0,1028.0,1033.211708489903,1036.2268,1030.9885,1034.719257565264,1581.0,1566.0,1566.0,1574.024849977623,1556.6147,1550.3904,1565.3197980356865,3461.0,3304.0,3304.0,3381.998796195997,3427.8057,3518.1675,3404.9022301292484
4,2018-07-24,556.0,559.0,559.0,560.2713303570782,565.00104,593.5354,562.6361839773672,1033.0,1030.0,1030.0,1033.4430268799806,1034.5201,1029.6543,1033.9815842407716,1588.0,1581.0,1581.0,1598.4492823070605,1599.6155,1550.2153,1599.0323804113427,3462.0,3461.0,3461.0,3563.1333949115738,3557.3882,3638.0298,3560.260789252662
4,2018-07-25,554.0,556.0,556.0,555.9151504695741,560.2085,587.5282,558.0618232816621,1034.0,1033.0,1033.0,1033.4593457427395,1043.7091,1029.1111,1038.584226094026,1583.0,1588.0,1588.0,1592.4061186986996,1590.9623,1553.7979,1591.6841994860686,3303.0,3462.0,3462.0,3456.6202348751613,3540.7856,3582.1157,3498.7029397032056
4,2018-07-26,553.0,554.0,554.0,554.0916865604585,560.5676,581.29144,557.3296567567918,1035.0,1034.0,1034.0,1030.2827308320452,1043.1488,1027.0586,1036.7157672714914,1588.0,1583.0,1583.0,1574.0995984924757,1589.169,1536.4962,1581.6342719024879,3197.0,3303.0,3303.0,3214.5204672486234,3308.8914,3369.579,3261.705912335249
4,2018-07-27,551.0,553.0,553.0,554.0802826176345,562.37604,577.92175,558.2281601076454,1035.0,1035.0,1035.0,1034.4315118587933,1044.2046,1028.4797,1039.3180508512717,1587.0,1588.0,1588.0,1591.8286887801596,1589.8325,1538.8438,1590.8306041557048,3280.0,3197.0,3197.0,3159.7496353756014,3126.4504,3297.7021,3143.100037414363
4,2018-07-30,549.0,551.0,551.0,551.8147636413365,556.9287,575.4177,554.3717372894182,1035.0,1035.0,1035.0,1035.1484655415486,1042.0122,1032.3807,1038.5803362863994,1570.0,1587.0,1587.0,1592.4441637572445,1588.6355,1537.2357,1590.5398309020597,3471.0,3280.0,3280.0,3354.2472927996805,3335.6765,3410.8354,3344.9619032357778
4,2018-07-31,547.0,549.0,549.0,549.597866672976,556.5351,574.1867,553.0664809439099,1036.0,1035.0,1035.0,1034.6525017238273,1042.291,1037.8013,1038.4717586744136,1539.0,1570.0,1570.0,1557.2326748055257,1541.7681,1519.1047,1549.5003706058878,3515.0,3471.0,3471.0,3541.4490904322965,3492.7708,3537.0542,3517.1099211927108
4,2018-08-01,544.0,547.0,547.0,547.4700640179815,553.0107,574.1389,550.2403725851626,1032.0,1036.0,1036.0,1033.8341940900093,1042.7222,1041.3567,1038.2781810293795,1491.0,1539.0,1539.0,1511.2047637844285,1521.5068,1487.5403,1516.3557998609642,3534.0,3515.0,3515.0,3476.083430680397,3656.267,3525.2566,3566.1752602620736
4,2018-08-02,543.0,544.0,544.0,543.1498146805958,550.6757,570.78625,546.9127674477197,1030.0,1032.0,1032.0,1025.4432778672945,1024.202,1039.8859,1024.822652117241,1447.0,1491.0,1491.0,1450.0371838421847,1438.0988,1434.6287,1444.0679693624986,3632.0,3534.0,3534.0,3510.3974248693676,3658.9536,3497.5928,3584.675519075309
4,2018-08-03,542.0,543.0,543.0,543.9462301033641,549.9413,574.1891,546.9437571415258,1030.0,1030.0,1030.0,1027.6933094984845,1028.2855,1047.5148,1027.9894159797109,1420.0,1447.0,1447.0,1415.8958652007257,1411.2856,1404.7996,1413.590754865988,3654.0,3632.0,3632.0,3673.5455532540777,3694.2234,3584.688,3683.8844709629766
4,2018-08-06,541.0,542.0,542.0,542.9907979761466,548.832,576.7323,545.9113840954951,1032.0,1030.0,1030.0,1027.5863984493487,1032.0228,1050.0255,1029.8046127988932,1386.0,1420.0,1420.0,1408.6184966233307,1388.0042,1402.0615,1398.3113235069777,3550.0,3654.0,3654.0,3640.6728020494375,3663.5264,3626.6553,3652.0995846184687
4,2018-08-07,541.0,541.0,541.0,542.0523826691026,548.6323,575.2179,545.3423534439263,1035.0,1032.0,1032.0,1030.0056414697524,1033.4777,1049.2817,1031.7416513012824,1365.0,1386.0,1386.0,1363.3764193437332,1363.1023,1365.1859,1363.2393571328041,3483.0,3550.0,3550.0,3478.667240183706,3542.7944,3547.2512,3510.730836888728
4,2018-08-08,543.0,541.0,541.0,543.2173525038264,548.00195,574.9131,545.6096528144133,1036.0,1035.0,1035.0,1035.5610546994083,1041.4,1053.4592,1038.4805395567355,1349.0,1365.0,1365.0,1353.7027032650985,1357.5105,1354.9875,1355.6066006559868,3472.0,3483.0,3483.0,3460.7754866149094,3509.4893,3517.6519,3485.132372213705
4,2018-08-09,542.0,543.0,543.0,546.2374067920439,548.8132,578.2672,547.5252890893813,1039.0,1036.0,1036.0,1039.6582311089508,1042.79,1056.202,1041.2241350857253,1339.0,1349.0,1349.0,1342.930281036127,1354.3884,1350.0745,1348.659354385251,3480.0,3472.0,3472.0,3495.3920811862927,3507.5037,3548.6328,3501.447871647834
4,2018-08-10,543.0,542.0,542.0,543.3140906939188,543.35046,575.3375,543.3322772805532,1040.0,1039.0,1039.0,1041.8457681501252,1041.7327,1054.6311,1041.789217082875,1339.0,1339.0,1339.0,1336.990708602932,1337.4619,1347.7,1337.226311332716,3536.0,3480.0,3480.0,3499.5344930328283,3617.1277,3546.119,3558.3310892898517
4,2018-08-13,543.0,543.0,543.0,545.5925394027679,545.44403,576.7484,545.5182850822433,1042.0,1040.0,1040.0,1043.376233886248,1041.7928,1057.7682,1042.5845402829677,1362.0,1339.0,1339.0,1345.5315197574794,1350.9098,1359.321,1348.2206548982708,3587.0,3536.0,3536.0,3550.9666246090364,3669.4016,3595.3923,3610.1841179685807
4,2018-08-14,543.0,543.0,543.0,546.3181356785507,545.48376,576.2484,545.9009501634941,1045.0,1042.0,1042.0,1047.7231898899774,1044.5908,1057.5549,1046.1570051012386,1403.0,1362.0,1362.0,1387.6144703980872,1408.4347,1395.9402,1398.0245813904498,3560.0,3587.0,3587.0,3593.241637514706,3680.584,3624.4033,3636.912810944853
4,2018-08-15,544.0,543.0,543.0,546.6272544768854,545.83014,576.3909,546.2286968185208,1050.0,1045.0,1045.0,1049.7166444658294,1055.9907,1057.5203,1052.8536835610398,1447.0,1403.0,1403.0,1439.5381180864053,1450.6084,1447.882,1445.0732582619526,3476.0,3560.0,3560.0,3515.9000310373913,3608.238,3582.9263,3562.069034073383
4,2018-08-16,545.0,544.0,544.0,547.9144377506732,548.94336,578.0792,548.4288985628366,1056.0,1050.0,1050.0,1057.231754576144,1058.2452,1061.3903,1057.7384969169784,1485.0,1447.0,1447.0,1481.905769974638,1502.2561,1491.786,1492.0809367451316,3454.0,3476.0,3476.0,3434.077019435632,3465.9448,3524.1855,3450.010921827191
4,2018-08-17,543.0,545.0,545.0,548.8969710622832,550.7841,579.9404,549.8405448573135,1062.0,1056.0,1056.0,1063.4702508122448,1060.5717,1069.1528,1062.020953042841,1506.0,1485.0,1485.0,1514.007032929852,1521.6295,1523.953,1517.8182747657072,3424.0,3454.0,3454.0,3471.346731611848,3545.348,3538.9546,3508.3473160012363
4,2018-08-20,543.0,543.0,543.0,545.2488377821239,548.5085,578.5072,546.8786608344213,1069.0,1062.0,1062.0,1066.5390389901677,1061.755,1070.8203,1064.14702193649,1530.0,1506.0,1506.0,1522.8435275738711,1555.2455,1525.094,1539.0445054861543,3426.0,3424.0,3424.0,3412.61919059852,3511.9937,3521.5457,3462.306421471135
4,2018-08-21,548.0,543.0,543.0,546.071073293636,551.286,580.69684,548.6785420179117,1078.0,1069.0,1069.0,1075.936823038107,1077.3842,1078.3296,1076.6604891557722,1560.0,1530.0,1530.0,1555.0713025350933,1562.0933,1538.1016,1558.5822821269217,3371.0,3426.0,3426.0,3458.6661354703165,3494.1975,3569.3965,3476.4318226179707
4,2018-08-22,547.0,548.0,548.0,554.0387973975077,560.50525,588.4486,557.2720232104725,1087.0,1078.0,1078.0,1089.9323229882748,1083.1519,1092.5122,1086.5420892285124,1607.0,1560.0,1560.0,1583.2983092178426,1586.5175,1579.3396,1584.9078826362652,3232.0,3371.0,3371.0,3361.527713553769,3291.4792,3532.0276,3326.503480800322
4,2018-08-23,551.0,547.0,547.0,550.0213394275411,556.9578,584.8656,553.4895820672862,1095.0,1087.0,1087.0,1094.0575469174591,1118.9896,1087.9261,1106.5235854704483,1630.0,1607.0,1607.0,1644.8667085923053,1648.7987,1607.4705,1646.8327073234964,3164.0,3232.0,3232.0,3196.154361113473,3131.5312,3405.313,3163.8428055567365
4,2018-08-24,554.0,551.0,551.0,556.256064594711,561.5388,589.1731,558.897441477043,1110.0,1095.0,1095.0,1103.650302355175,1131.5502,1102.541,1117.6002366268062,1643.0,1630.0,1630.0,1635.7050570881102,1630.6388,1630.6222,1633.1719255167113,3088.0,3164.0,3164.0,3170.7926718070657,3125.558,3350.7983,3148.175388637908
4,2018-08-28,556.0,554.0,554.0,559.4170508884799,565.66754,591.5992,562.5422961961931,1121.0,1110.0,1110.0,1122.6082933311013,1143.6046,1115.706,1133.106453794457,1639.0,1643.0,1643.0,1643.5066957406448,1619.8857,1629.8984,1631.6962189640724,2994.0,3088.0,3088.0,3097.4914502666943,3097.5378,3294.7532,3097.5146460317847
4,2018-08-29,559.0,556.0,556.0,561.2449128753699,565.7178,595.3585,563.481343156435,1128.0,1121.0,1121.0,1129.9584297301906,1173.2345,1122.4075,1151.5964634002517,1608.0,1639.0,1639.0,1631.6053214801973,1616.8314,1623.8077,1624.2183711893174,2826.0,2994.0,2994.0,2981.040023630292,2974.9016,3194.6572,2977.9708174792086
4,2018-08-30,562.0,559.0,559.0,563.1582837904161,566.574,597.5907,564.8661291998956,1132.0,1128.0,1128.0,1131.6763784032723,1174.5195,1121.8262,1153.0979548266362,1571.0,1608.0,1608.0,1573.4536782993248,1562.3186,1578.9778,1567.8861409074748,2732.0,2826.0,2826.0,2756.2224682002916,2648.3047,2945.0444,2702.263577850146
4,2018-08-31,563.0,562.0,562.0,566.6398002389078,575.0858,597.5182,570.8628078342977,1133.0,1132.0,1132.0,1133.6000890403925,1161.0103,1122.2915,1147.3051714733213,1540.0,1571.0,1571.0,1535.4822121965435,1544.9941,1529.8167,1540.2381764107718,2672.0,2732.0,2732.0,2701.927350857799,2653.9163,2817.0154,2677.921805311712
4,2018-09-03,564.0,563.0,563.0,565.9541602282119,577.49634,597.0518,571.7252490594185,1135.0,1133.0,1133.0,1132.9338969031487,1156.659,1120.1709,1144.796477260168,1517.0,1540.0,1540.0,1515.5580886189819,1506.1117,1489.7972,1510.8348914774597,2535.0,2672.0,2672.0,2665.680687779124,2631.7817,2755.4678,2648.731213030187
4,2018-09-04,565.0,564.0,564.0,567.8879447295332,576.5866,596.73596,572.2372768081259,1135.0,1135.0,1135.0,1132.4088241667935,1155.5383,1118.5093,1143.9735771224591,1504.0,1517.0,1517.0,1493.6601131608431,1496.9321,1489.0493,1495.2961210335466,2410.0,2535.0,2535.0,2437.0428304319435,2446.3325,2552.0125,2441.6876749815965
4,2018-09-05,565.0,565.0,565.0,567.8276498328541,576.81775,593.0714,572.3226994281458,1135.0,1135.0,1135.0,1137.7382734614075,1154.7699,1116.9775,1146.2540854611725,1516.0,1504.0,1504.0,1484.3870821692599,1501.9055,1458.4001,1493.1462998736924,2424.0,2410.0,2410.0,2376.2322211244737,2350.8547,2451.4932,2363.5434787262993
4,2018-09-06,568.0,565.0,565.0,568.1329764830392,577.1004,593.15607,572.6166896575353,1134.0,1135.0,1135.0,1135.9450396255256,1166.9332,1121.8113,1151.439133582294,1528.0,1516.0,1516.0,1537.2229127818364,1535.632,1478.1052,1536.4274353948244,2411.0,2424.0,2424.0,2497.4490634682716,2462.3022,2569.6072,2479.875654781011
4,2018-09-07,569.0,568.0,568.0,572.1009584093043,580.506,595.8729,576.3034699273085,1136.0,1134.0,1134.0,1136.6652382026023,1164.6979,1124.5298,1150.6815570895824,1544.0,1528.0,1528.0,1538.6080681421508,1539.607,1491.4146,1539.1075619031067,2363.0,2411.0,2411.0,2441.752610734312,2427.327,2554.133,2434.5397575155935
4,2018-09-10,572.0,569.0,569.0,571.3092994192572,578.784,593.4988,575.0466480006442,1135.0,1136.0,1136.0,1136.2973050141163,1165.7177,1122.2322,1151.007478190652,1556.0,1544.0,1544.0,1555.4747461476668,1551.4011,1496.6953,1553.437934597271,2191.0,2363.0,2363.0,2352.801880893888,2338.0576,2469.795,2345.4297490406943
4,2018-09-11,576.0,572.0,572.0,575.5086846202396,582.3905,593.97144,578.9495937749635,1134.0,1135.0,1135.0,1133.5147644196618,1165.2981,1114.449,1149.4064300613934,1550.0,1556.0,1556.0,1559.459897846404,1551.3739,1488.6199,1555.4168996067956,2074.0,2191.0,2191.0,2092.6183257091106,2093.8171,2176.9387,2093.217732190493
4,2018-09-12,581.0,576.0,576.0,580.0701938758313,586.00604,596.36035,583.03811817815,1132.0,1134.0,1134.0,1132.1913732093633,1164.046,1113.3828,1148.118696858588,1534.0,1550.0,1550.0,1536.5593911742735,1535.7794,1461.6221,1536.169405059793,1980.0,2074.0,2074.0,2026.6147957974438,1980.2502,2018.9081,2003.4325199690343
4,2018-09-13,588.0,581.0,581.0,585.8074870589494,586.5167,600.3506,586.162105345881,1134.0,1132.0,1132.0,1130.8612334566171,1163.6821,1112.9749,1147.2716811814335,1523.0,1534.0,1534.0,1512.5484869387647,1519.185,1434.2405,1515.8667727662573,1900.0,1980.0,1980.0,1928.2040081466646,1884.4681,1918.3243,1906.3360738975512
4,2018-09-14,596.0,588.0,588.0,593.1943913078311,596.2318,608.4443,594.7131014156344,1138.0,1134.0,1134.0,1137.0972461924189,1154.709,1119.3046,1145.9031152837094,1518.0,1523.0,1523.0,1511.5540232060127,1505.2668,1417.0432,1508.410434454569,1853.0,1900.0,1900.0,1882.6384345208069,1833.2396,1853.9534,1857.9390292721223
4,2018-09-17,600.0,596.0,596.0,602.5966826670708,598.76263,617.7274,600.6796584722073,1151.0,1138.0,1138.0,1142.6509822922987,1154.2,1129.6917,1148.425466732087,1525.0,1518.0,1518.0,1515.846154932451,1522.5182,1416.169,1519.1821717045068,1826.0,1853.0,1853.0,1855.009049477188,1817.6013,1818.9707,1836.3051839182815
4,2018-09-18,604.0,600.0,600.0,605.1366546806831,607.486,627.4011,606.3113388149509,1159.0,1151.0,1151.0,1159.091942067031,1170.8057,1147.7083,1164.9488030647653,1530.0,1525.0,1525.0,1536.8358217553332,1532.8724,1425.4319,1534.8541291393853,1850.0,1826.0,1826.0,1865.674439931684,1777.9913,1839.9863,1821.8328864697482
4,2018-09-19,612.0,604.0,604.0,609.7234767367916,609.73193,635.3473,609.7277051652708,1169.0,1159.0,1159.0,1164.9635980671392,1194.3634,1153.245,1179.6635006937258,1557.0,1530.0,1530.0,1532.8996331218173,1524.5437,1433.0859,1528.7216671468461,1838.0,1850.0,1850.0,1912.9629922088166,1886.326,1858.7244,1899.644521006752
4,2018-09-20,617.0,612.0,612.0,620.2670306440282,616.7762,647.0841,618.5216073630297,1175.0,1169.0,1169.0,1180.8296837924029,1207.4741,1164.7202,1194.1519024430763,1586.0,1557.0,1557.0,1579.5814950811643,1556.7839,1465.8032,1568.1827153140198,1840.0,1838.0,1838.0,1880.2453817029343,1846.7429,1843.2922,1863.4941508124048
4,2018-09-21,622.0,617.0,617.0,623.063137712381,622.857,654.7427,622.9600661706436,1185.0,1175.0,1175.0,1183.2736418615802,1207.0369,1168.3943,1195.1552535479777,1609.0,1586.0,1586.0,1611.2254080001485,1598.9204,1492.5187,1605.0729090781992,1864.0,1840.0,1840.0,1912.1615871142203,1882.7408,1859.9308,1897.4512159203914
4,2018-09-24,622.0,622.0,622.0,627.9995616709001,630.5957,661.70654,629.2976323979501,1190.0,1185.0,1185.0,1195.6585263149286,1223.735,1182.594,1209.6967558332456,1639.0,1609.0,1609.0,1625.838512492261,1613.6052,1499.2996,1619.721868550818,1868.0,1864.0,1864.0,1962.6868100077124,1903.3789,1935.0662,1933.0328581288563
4,2018-09-25,626.0,622.0,622.0,624.713545652654,629.0008,663.50446,626.8571695548426,1194.0,1190.0,1190.0,1191.7429215154107,1218.3523,1186.481,1205.0476082186428,1677.0,1639.0,1639.0,1664.565700564755,1629.8893,1516.946,1647.2274913956587,1910.0,1868.0,1868.0,1967.6304307382372,1904.2041,1922.1666,1935.9172661503685
4,2018-09-26,627.0,626.0,626.0,631.117332420763,631.01434,671.45526,631.0658378412409,1195.0,1194.0,1194.0,1200.3056150940492,1230.8584,1201.1447,1215.5820067657746,1689.0,1677.0,1677.0,1707.5424532649129,1674.9573,1545.9102,1691.249864327769,1949.0,1910.0,1910.0,2024.8719104653087,1972.202,1989.957,1998.536968416248
4,2018-09-27,629.0,627.0,627.0,629.2543385018726,629.2559,675.0559,629.2551294560144,1194.0,1195.0,1195.0,1195.6402260433088,1226.0782,1202.062,1210.8592365568106,1695.0,1689.0,1689.0,1690.0585560609493,1663.9196,1544.3223,1676.989055862506,2000.0,1949.0,1949.0,2051.6761864839873,1972.6295,2029.1625,2012.152851542775
4,2018-09-28,630.0,629.0,629.0,631.2896004644692,632.69165,678.62354,631.9906254275471,1193.0,1194.0,1194.0,1194.4499710391644,1226.1533,1203.2932,1210.3016456758323,1692.0,1695.0,1695.0,1691.8843162838662,1652.7258,1534.1204,1672.3050731809956,2061.0,2000.0,2000.0,2107.40735737938,2030.1796,2088.8848,2068.7934614045334
4,2018-10-01,631.0,630.0,630.0,631.4919930383633,634.53815,680.1626,633.0150700055098,1189.0,1193.0,1193.0,1191.3556018450784,1226.0579,1201.2804,1208.7067315866016,1678.0,1692.0,1692.0,1694.887642384877,1647.966,1508.6794,1671.4267923838447,2148.0,2061.0,2061.0,2179.3327882185963,2087.9058,2191.4673,2133.6192749686734
4,2018-10-02,633.0,631.0,631.0,632.8612145340592,634.4021,680.96857,633.6316570717171,1190.0,1189.0,1189.0,1185.7333802516278,1213.7793,1197.0062,1199.7563385633139,1679.0,1678.0,1678.0,1663.9838536921948,1636.3456,1500.8435,1650.1647173734411,2199.0,2148.0,2148.0,2246.297070899762,2210.3062,2269.0793,2228.301611621756
4,2018-10-03,634.0,633.0,633.0,635.4113060961876,635.1293,683.41644,635.2702892785626,1192.0,1190.0,1190.0,1190.4873268611314,1216.9305,1197.6676,1203.7089344266594,1706.0,1679.0,1679.0,1680.0450184491942,1643.1617,1496.3927,1661.6033808066284,2148.0,2199.0,2199.0,2284.2939572379623,2206.871,2321.8105,2245.582525493981
4,2018-10-04,637.0,634.0,634.0,636.4170319719277,642.8078,681.7163,639.6124161324483,1197.0,1192.0,1192.0,1191.8863575804774,1225.2814,1195.7021,1208.5838648253948,1727.0,1706.0,1706.0,1733.88891184885,1668.1749,1531.4944,1701.0319193033313,2081.0,2148.0,2148.0,2198.4972205825566,2143.3108,2200.1006,2170.9040057990906
4,2018-10-05,639.0,637.0,637.0,641.1387589238242,645.5691,684.29706,643.3539253603496,1201.0,1197.0,1197.0,1200.9667383647452,1239.5283,1200.1699,1220.2475293386226,1749.0,1727.0,1727.0,1740.2491965406703,1691.182,1551.8767,1715.7156016883039,2042.0,2081.0,2081.0,2130.8268231601005,1976.4337,2104.0168,2053.6302694902065
4,2018-10-08,643.0,639.0,639.0,642.5620471715963,655.34467,686.05884,648.95335634947,1203.0,1201.0,1201.0,1203.353018302637,1238.0901,1201.7867,1220.721553096631,1747.0,1749.0,1749.0,1767.3933875975983,1742.4532,1572.7327,1754.9233173339553,1961.0,2042.0,2042.0,2117.2818064402795,1983.0187,2080.843,2050.1502415990462
4,2018-10-09,647.0,643.0,643.0,647.7225486231982,658.37134,687.69806,653.0469432569116,1205.0,1203.0,1203.0,1205.400666547856,1247.3424,1196.6194,1226.3715368872092,1749.0,1747.0,1747.0,1734.178203474395,1741.4849,1576.5745,1737.8315333778226,1949.0,1961.0,1961.0,1969.779707112013,1898.867,2012.7196,1934.323325235694
5,2018-10-10,652.0,647.0,647.0,650.9638239502284,647.9636,691.6678,649.4637234985516,1207.0,1205.0,1205.0,1208.9058407222878,1202.475,1232.8722,1205.6904081541127,1763.0,1749.0,1749.0,1754.5796959583963,1763.7544,1708.7759,1759.1670452448232,2005.0,1949.0,1949.0,2006.522030489031,1945.2039,2044.9309,1975.862943955453
5,2018-10-11,657.0,652.0,652.0,656.6658792684173,665.11255,689.9896,660.8892140482711,1204.0,1207.0,1207.0,1212.3705250272892,1210.2472,1236.9226,1211.3088587050509,1775.0,1763.0,1763.0,1780.0422677483616,1765.3884,1715.4606,1772.7153477413683,2169.0,2005.0,2005.0,2115.883936454962,2069.885,2206.9607,2092.8844731102936
5,2018-10-12,661.0,657.0,657.0,660.6565449959076,666.11304,688.8342,663.3847910526413,1200.0,1204.0,1204.0,1207.422265914658,1197.1389,1229.6802,1202.2805909651415,1779.0,1775.0,1775.0,1783.402063272701,1765.2714,1714.3173,1774.3367127886943,2189.0,2169.0,2169.0,2303.8226444056286,2286.1162,2441.8184,2294.9694276715645
5,2018-10-15,663.0,661.0,661.0,663.7747366399324,667.9867,695.2749,665.8807154879349,1196.0,1200.0,1200.0,1201.0639485600855,1193.3846,1221.3055,1197.2242960573865,1793.0,1779.0,1779.0,1776.841230726673,1744.9392,1722.508,1760.890219855524,2164.0,2189.0,2189.0,2209.2080285481716,2204.006,2408.5151,2206.6070660318983
5,2018-10-16,665.0,663.0,663.0,664.2091262364919,672.77216,696.3026,668.4906409991054,1192.0,1196.0,1196.0,1195.063633885728,1190.1759,1215.6714,1192.6197686030202,1796.0,1793.0,1793.0,1808.8447931077362,1748.86,1727.2734,1778.8523892296494,2106.0,2164.0,2164.0,2194.3811153533898,2163.4944,2346.5828,2178.9377500595074
5,2018-10-17,668.0,665.0,665.0,665.9659315639798,675.9989,697.89465,670.9824164655836,1181.0,1192.0,1192.0,1189.9748381692389,1185.539,1206.1014,1187.7568892994632,1789.0,1796.0,1796.0,1798.3910429012622,1796.9702,1720.3813,1797.680628872506,2176.0,2106.0,2106.0,2124.788357703258,2053.0864,2238.0962,2088.937391742254
5,2018-10-18,670.0,668.0,668.0,668.994244807669,678.1963,697.60486,673.5952669350845,1170.0,1181.0,1181.0,1175.876012773746,1171.0208,1191.6558,1173.4483823634355,1775.0,1789.0,1789.0,1783.8845726721856,1748.3544,1707.0193,1766.1194713946866,2230.0,2176.0,2176.0,2261.488309205527,2280.1606,2348.929,2270.8244768683885
5,2018-10-19,671.0,670.0,670.0,669.2788088909554,676.83826,699.10144,673.0585328634464,1163.0,1170.0,1170.0,1164.6673517436238,1161.0381,1173.9578,1162.852718840562,1756.0,1775.0,1775.0,1759.5216052086842,1732.472,1688.8762,1745.996825553561,2296.0,2230.0,2230.0,2257.8709958172353,2255.5046,2396.798,2256.687817244555
5,2018-10-22,673.0,671.0,671.0,669.5729147650209,677.689,699.82837,673.6309703219636,1156.0,1163.0,1163.0,1158.8754590301849,1160.6661,1165.4973,1159.7707983627488,1715.0,1756.0,1756.0,1741.8236388528594,1728.4866,1674.9843,1735.1551055592422,2363.0,2296.0,2296.0,2332.245813218372,2373.6768,2443.5142,2352.961285515436
5,2018-10-23,675.0,673.0,673.0,672.4970111107959,681.7498,702.3102,677.1234140026636,1144.0,1156.0,1156.0,1151.490154894007,1157.0521,1164.1279,1154.2711394587222,1669.0,1715.0,1715.0,1683.7234828883006,1671.9067,1644.137,1677.8151105847753,2388.0,2363.0,2363.0,2409.8877863038515,2437.1772,2493.0483,2423.5325161988007
5,2018-10-24,676.0,675.0,675.0,673.8713752223321,681.7836,703.8902,677.8275027967129,1132.0,1144.0,1144.0,1135.8730040603778,1130.7385,1153.8365,1133.3057647255014,1622.0,1669.0,1669.0,1632.0192597977225,1626.9011,1604.6082,1629.4601914222987,2353.0,2388.0,2388.0,2407.9057397175725,2395.455,2488.898,2401.6804089212865
5,2018-10-25,675.0,676.0,676.0,673.5247409128021,683.80927,702.9602,678.6670030247604,1117.0,1132.0,1132.0,1122.2669044523248,1115.678,1137.5669,1118.9724414839748,1583.0,1622.0,1622.0,1585.8120178044987,1592.9844,1562.1544,1589.3981964022494,2526.0,2353.0,2353.0,2359.477137105837,2373.2578,2429.0574,2366.3674748029184
5,2018-10-26,675.0,675.0,675.0,671.9054775544793,673.10016,694.01605,672.5028181229427,1106.0,1117.0,1117.0,1106.6628479453746,1104.4471,1117.952,1105.5549957500311,1556.0,1583.0,1583.0,1558.9274068927798,1550.3291,1527.7239,1554.62825422764,2607.0,2526.0,2526.0,2698.3643031419715,2670.2544,2667.2698,2684.3093488366108
5,2018-10-29,675.0,675.0,675.0,672.8833010610842,674.1816,693.9025,673.532440325464,1087.0,1106.0,1106.0,1097.651112765061,1096.5797,1107.4023,1097.1154123395618,1530.0,1556.0,1556.0,1542.3443298791735,1529.7522,1517.4515,1536.0482635723993,2630.0,2607.0,2607.0,2672.6315228837557,2674.4595,2702.0168,2673.545497770003
5,2018-10-30,671.0,675.0,675.0,672.592084066905,672.1857,694.52454,672.3889070236869,1073.0,1087.0,1087.0,1073.599245684731,1071.884,1081.3456,1072.7416394439279,1524.0,1530.0,1530.0,1515.019788697036,1497.6278,1509.5151,1506.3237981571117,2596.0,2630.0,2630.0,2675.2154635647935,2644.8457,2658.1013,2660.0305833448965
5,2018-10-31,668.0,671.0,671.0,667.473910868257,665.5009,690.32324,666.4874131978004,1061.0,1073.0,1073.0,1062.076522472542,1062.6548,1062.9008,1062.365653814396,1526.0,1524.0,1524.0,1530.2841178796443,1523.5693,1512.9395,1526.9267269085722,2530.0,2596.0,2596.0,2628.839422582694,2503.4636,2567.6052,2566.1515228147846
5,2018-11-01,666.0,668.0,668.0,664.6820505196629,665.17896,688.3103,664.9305027988939,1051.0,1061.0,1061.0,1050.866044351785,1061.3741,1050.3555,1056.1200949297986,1530.0,1526.0,1526.0,1535.1734339828263,1529.5541,1533.065,1532.363755565632,2502.0,2530.0,2530.0,2546.8787371533435,2475.872,2479.6753,2511.3754037329218
5,2018-11-02,665.0,666.0,666.0,663.2956093212331,665.539,685.9148,664.4173053930384,1041.0,1051.0,1051.0,1044.0916811244592,1053.5543,1041.3463,1048.8230012067609,1531.0,1530.0,1530.0,1538.6090205266019,1537.1488,1547.3195,1537.8789121187697,2397.0,2502.0,2502.0,2562.2842265062422,2461.2976,2478.2266,2511.790916964059
5,2018-11-05,663.0,665.0,665.0,662.0870041366553,666.3563,684.5823,664.2216636894213,1033.0,1041.0,1041.0,1033.5136395099312,1026.8196,1029.6877,1030.166609794028,1528.0,1531.0,1531.0,1537.0077958519964,1538.6654,1547.6819,1537.836600562717,2296.0,2397.0,2397.0,2394.613359355728,2320.3472,2369.425,2357.480263662239
5,2018-11-06,660.0,663.0,663.0,659.8104559293151,665.59015,680.2571,662.7003024275482,1021.0,1033.0,1033.0,1027.5144340221038,1023.4776,1023.7248,1025.4960170598802,1511.0,1528.0,1528.0,1528.794657469602,1532.6808,1528.2405,1530.7377218012073,1968.0,2296.0,2296.0,2288.892503081573,2211.7815,2266.3147,2250.3369986110993
5,2018-11-07,658.0,660.0,660.0,655.8583600423628,659.831,676.1669,657.8446768473533,1013.0,1021.0,1021.0,1011.0139105331455,1012.08417,1008.4361,1011.5490390068071,1496.0,1511.0,1511.0,1492.5783325054217,1504.2499,1490.2164,1498.4141052175546,1747.0,1968.0,1968.0,1846.1490654856257,1897.5491,1894.4739,1871.8490688756253
5,2018-11-08,656.0,658.0,658.0,655.1128280556859,654.8126,668.5497,654.9627250629992,1003.0,1013.0,1013.0,1006.2309173039237,1005.89374,1009.5305,1006.0623275484462,1495.0,1496.0,1496.0,1485.6319742290084,1481.2686,1462.5883,1483.4502644582542,1461.0,1747.0,1747.0,1728.3280397488118,1630.1925,1724.5769,1679.260272315812
5,2018-11-09,654.0,656.0,656.0,653.3998076676114,653.96313,663.3908,653.6814712166182,994.0,1003.0,1003.0,995.3463237509493,992.2986,1002.8957,993.8224538676621,1496.0,1495.0,1495.0,1495.0096215563392,1490.032,1463.1875,1492.520801989107,1398.0,1461.0,1461.0,1377.432119499273,1381.0233,1515.7529,1379.2277174644803
5,2018-11-12,653.0,654.0,654.0,651.3540435901957,653.90875,657.5176,652.631398015801,986.0,994.0,994.0,988.3021231455344,986.4531,999.3028,987.3776240727673,1498.0,1496.0,1496.0,1501.9563800687633,1490.605,1463.3457,1496.2806802687567,1153.0,1398.0,1398.0,1475.7126754631333,1360.3181,1523.5505,1418.0153953487543
5,2018-11-13,652.0,653.0,653.0,651.8262641995277,652.319,654.10706,652.0726169630451,982.0,986.0,986.0,978.1551632642679,974.1602,986.691,976.1576902747121,1484.0,1498.0,1498.0,1494.844020122486,1503.8148,1458.4004,1499.3294197292116,940.0,1153.0,1153.0,1021.7356026887439,1125.3577,1316.9067,1073.5466343521844
5,2018-11-14,649.0,652.0,652.0,650.774609157985,650.51624,652.76044,650.6454222547737,970.0,982.0,982.0,978.4589122210639,971.2443,988.81555,974.8516179757663,1466.0,1484.0,1484.0,1469.12652473452,1464.5981,1407.8033,1466.862334632885,1007.0,940.0,940.0,879.9724626014171,924.71765,1149.626,902.3450569843023
5,2018-11-15,646.0,649.0,649.0,645.3066248837132,647.8014,644.9597,646.5540082426378,969.0,970.0,970.0,961.2092925938915,960.14185,968.99927,960.6755691485082,1453.0,1466.0,1466.0,1453.918853163682,1441.2208,1396.1931,1447.5698391794972,1057.0,1007.0,1007.0,1176.2604143000967,1097.6725,1273.6791,1136.9664498258296
5,2018-11-16,645.0,646.0,646.0,642.614356370331,644.3384,642.9518,643.4763676382905,964.0,969.0,969.0,966.555603790019,972.9594,971.8506,969.7575077055563,1437.0,1453.0,1453.0,1444.8668198893265,1436.873,1377.6382,1440.8699333821633,1050.0,1057.0,1057.0,1151.315134307086,1125.5148,1322.0767,1138.4149524074492
5,2018-11-19,644.0,645.0,645.0,642.6916161135213,644.4086,644.4598,643.5501232423076,963.0,964.0,964.0,960.2726917713189,958.2771,966.1696,959.274895690347,1416.0,1437.0,1437.0,1420.7578822204307,1428.2053,1371.894,1424.4816022430277,1002.0,1050.0,1050.0,1093.3812351098843,1081.8602,1290.6674,1087.6207323010358
5,2018-11-20,642.0,644.0,644.0,641.5391096455912,644.7511,643.6718,643.1451041392019,959.0,963.0,963.0,959.9131347702998,959.1019,968.08905,959.5075317406187,1393.0,1416.0,1416.0,1395.4298306879791,1387.4464,1354.5089,1391.4381209103958,1056.0,1002.0,1002.0,1023.7126235319031,984.1996,1227.0269,1003.9561042464203
5,2018-11-21,638.0,642.0,642.0,638.1712022212569,639.23804,635.34503,638.7046196653159,956.0,959.0,959.0,954.8723320843125,951.227,957.2107,953.049660915203,1378.0,1393.0,1393.0,1376.0030719206943,1360.0623,1332.2527,1368.0326638900347,1089.0,1056.0,1056.0,1175.8003545435895,1137.9469,1268.6461,1156.873626978826
5,2018-11-22,635.0,638.0,638.0,633.3125324639241,634.8032,628.42114,634.057877560087,952.0,956.0,956.0,952.3147659146314,947.5938,951.4834,949.9542884748938,1376.0,1378.0,1378.0,1367.0289422373241,1358.015,1325.4331,1362.521978442881,1358.0,1089.0,1089.0,1170.893376665681,1132.8113,1295.4824,1151.852327981278
5,2018-11-23,633.0,635.0,635.0,631.1276949648743,633.37067,613.3976,632.2491807343903,947.0,952.0,952.0,949.1791239937013,944.9227,938.21136,947.0509267429444,1389.0,1376.0,1376.0,1378.892180175345,1367.3015,1330.7915,1373.09684692361,1789.0,1358.0,1358.0,1589.8312396614476,1555.2659,1557.77,1572.5485544010362
5,2018-11-26,631.0,633.0,633.0,628.9619149733585,628.55536,605.7904,628.7586369300386,943.0,947.0,947.0,945.8770483981926,940.43536,933.0294,943.1562060838619,1416.0,1389.0,1389.0,1408.3071922705203,1409.9309,1358.3142,1409.1190502368227,2170.0,1789.0,1789.0,2063.2599792520173,1965.3405,2055.0857,2014.30021667679
5,2018-11-27,629.0,631.0,631.0,627.3663500903741,628.2863,611.88696,627.8263330041714,942.0,943.0,943.0,941.2566282337818,936.7143,929.11035,938.9854613336878,1444.0,1416.0,1416.0,1445.7282598641202,1437.0266,1421.7946,1441.3774355961227,2121.0,2170.0,2170.0,2379.087120879375,2279.405,2453.076,2329.246075088125
5,2018-11-28,628.0,629.0,629.0,625.1573802760415,626.8534,627.3845,626.0053869153645,945.0,942.0,942.0,941.3584224689206,942.7936,939.1243,942.0760007852416,1455.0,1444.0,1444.0,1467.4363349141888,1466.5092,1460.0957,1466.972745093813,1950.0,2121.0,2121.0,2085.059405391764,2144.4907,2267.9932,2114.775064024007
5,2018-11-29,626.0,628.0,628.0,626.0851439906868,624.6754,631.47375,625.3802795148747,944.0,945.0,945.0,946.2221034876176,946.17004,952.0337,946.196073716465,1463.0,1455.0,1455.0,1459.5918842972717,1477.5383,1446.0751,1468.5651071876982,1755.0,1950.0,1950.0,1921.202224229423,1843.5632,1984.8217,1882.3827283256492
5,2018-11-30,626.0,626.0,626.0,623.0799458290604,623.68353,625.0879,623.381739271952,945.0,944.0,944.0,941.8521195073185,942.70593,950.3082,942.279026062253,1469.0,1463.0,1463.0,1467.6157561296254,1467.292,1426.8025,1467.4538741585627,1638.0,1755.0,1755.0,1753.383575254823,1642.2676,1746.8574,1697.8255766899115
5,2018-12-03,625.0,626.0,626.0,624.3865244200267,624.5644,623.89233,624.4754582549352,949.0,945.0,945.0,945.2718809404588,944.77026,954.72046,945.0210723061668,1474.0,1469.0,1469.0,1473.6987897086424,1465.4463,1423.2983,1469.5725393855712,1739.0,1638.0,1638.0,1671.0406992214716,1552.0146,1631.708,1611.5276738294858
5,2018-12-04,625.0,625.0,625.0,623.264006707778,621.4068,618.39624,622.3354030120921,950.0,949.0,949.0,951.3394361460024,951.81244,960.3484,951.575937555423,1472.0,1474.0,1474.0,1477.0135929332746,1473.9998,1452.0748,1475.5066743963248,1925.0,1739.0,1739.0,1902.9900190105823,1809.8052,1832.0842,1856.3975973959161
5,2018-12-05,625.0,625.0,625.0,623.5834210699877,622.0795,616.946,622.8314749392907,951.0,950.0,950.0,952.5303720049101,953.10077,959.75696,952.8155705239394,1473.0,1472.0,1472.0,1466.5811009918411,1464.0249,1464.6757,1465.3030016677956,2080.0,1925.0,1925.0,2083.0947116338275,2011.557,2134.859,2047.3258592348825
5,2018-12-06,625.0,625.0,625.0,624.1318922064736,622.0827,617.61456,623.1072974215962,953.0,951.0,951.0,954.3400350720467,952.98206,953.6298,953.6610453680546,1469.0,1473.0,1473.0,1471.1376495605462,1461.3578,1473.4026,1466.247718823242,2197.0,2080.0,2080.0,2179.371212588697,2116.257,2321.3225,2147.814146333411
5,2018-12-07,624.0,625.0,625.0,623.2948222890924,621.9016,621.6464,622.5982168086086,955.0,953.0,953.0,956.4890756690146,953.3769,953.6197,954.9329838794292,1464.0,1469.0,1469.0,1463.8877410302584,1458.0247,1471.9003,1460.9561996166917,2244.0,2197.0,2197.0,2321.436930655049,2264.8887,2462.9883,2293.1628012650244
5,2018-12-10,623.0,624.0,624.0,621.779726749376,621.46265,622.6169,621.6211866168755,958.0,955.0,955.0,958.5098292397013,953.1399,957.2309,955.8248609089131,1454.0,1464.0,1464.0,1459.0927755818138,1455.3057,1453.3054,1457.199219822157,2183.0,2244.0,2244.0,2287.1852982511405,2267.536,2410.9602,2277.360593461508
5,2018-12-11,622.0,623.0,623.0,621.5538947672368,620.6535,626.94293,621.1036990926027,963.0,958.0,958.0,962.0707737557049,954.4742,960.6172,958.2724779423056,1445.0,1454.0,1454.0,1440.977858443643,1435.2982,1450.0392,1438.1380381085403,2153.0,2183.0,2183.0,2155.4734325107484,2105.4744,2253.1145,2130.4738988725617
5,2018-12-12,621.0,622.0,622.0,620.0701290439772,621.0579,626.27734,620.5640257036292,968.0,963.0,963.0,968.1492953764375,956.5386,968.2873,962.3439347975938,1459.0,1445.0,1445.0,1434.3181835085893,1430.4807,1440.3951,1432.3994481996071,2180.0,2153.0,2153.0,2176.4701927771616,2142.0986,2180.8164,2159.284412794831
5,2018-12-13,617.0,621.0,621.0,619.4412692281002,619.94824,625.9672,619.6947557078001,974.0,968.0,968.0,973.9250709084165,973.61536,973.9573,973.7702136768645,1478.0,1459.0,1459.0,1472.0120895956456,1479.666,1473.1184,1475.8390526103228,2383.0,2180.0,2180.0,2248.932738546519,2182.7585,2267.4512,2215.8456417341968
5,2018-12-14,614.0,617.0,617.0,614.0922723742864,615.8458,619.9883,614.9690487847995,978.0,974.0,974.0,979.4835477853071,980.3914,980.6772,979.9374831211692,1490.0,1478.0,1478.0,1494.360812873744,1493.212,1489.9021,1493.7864245032783,2433.0,2383.0,2383.0,2560.955887412596,2505.0405,2559.517,2532.998207378173
5,2018-12-17,611.0,614.0,614.0,611.2360125421817,613.6182,625.77295,612.427118819919,977.0,978.0,978.0,980.7023413816444,984.72864,983.00665,982.7154895384784,1494.0,1490.0,1490.0,1496.762234729917,1498.855,1506.1123,1497.8086075993335,2393.0,2433.0,2433.0,2474.5258451271993,2507.5652,2556.5469,2491.045515337037
5,2018-12-18,607.0,611.0,611.0,607.821662522762,607.24384,629.9832,607.5327489859903,979.0,977.0,977.0,977.0179915918154,979.9879,977.23663,978.502953315439,1492.0,1494.0,1494.0,1492.3237884247096,1486.3096,1508.3418,1489.3166793686048,2264.0,2393.0,2393.0,2400.0117941106123,2359.1418,2443.583,2379.576819906869
5,2018-12-19,602.0,607.0,607.0,603.0821160051194,605.9762,627.94006,604.5291561470909,979.0,979.0,979.0,979.943257337542,981.7274,977.8318,980.8353371648648,1473.0,1492.0,1492.0,1489.3250728318342,1481.1052,1489.2332,1485.2151487206047,2071.0,2264.0,2264.0,2237.4302034386087,2243.146,2250.2026,2240.2880997661796
5,2018-12-20,597.0,602.0,602.0,596.8831579381465,599.7099,623.13367,598.2965289202451,977.0,979.0,979.0,976.6617111436562,979.82294,974.2093,978.2423240776875,1437.0,1473.0,1473.0,1454.8113703785564,1438.4534,1456.9464,1446.6323697595908,1913.0,2071.0,2071.0,2026.505879451114,2003.4857,2020.6989,2014.9957986122758
5,2018-12-21,596.0,597.0,597.0,591.8100989355984,595.95526,616.129,593.8826800830336,975.0,977.0,977.0,971.94822173423,975.214,968.3652,973.5811054960212,1421.0,1437.0,1437.0,1405.7794875862423,1405.5298,1404.311,1405.6546363712462,1905.0,1913.0,1913.0,1899.1166667472694,1859.5897,1918.6923,1879.3531942134784
5,2018-12-24,588.0,596.0,596.0,593.7319677323013,592.14624,613.143,592.9391039833381,967.0,975.0,975.0,974.6104362513902,971.64484,968.51245,973.1276363385857,1391.0,1421.0,1421.0,1412.9086621362862,1399.3898,1407.4467,1406.1492163220494,1987.0,1905.0,1905.0,1950.7622454611665,1956.1906,2084.9443,1953.4763986094895
5,2019-01-02,578.0,588.0,588.0,582.3544243612284,584.21405,602.2499,583.2842373270986,958.0,967.0,967.0,959.2655063307097,958.30005,949.30457,958.7827775794174,1365.0,1391.0,1391.0,1370.9835184322578,1357.891,1365.9137,1364.4372548215977,1963.0,1987.0,1987.0,2057.068539248967,2064.3987,2251.1692,2060.733610444796
5,2019-01-03,571.0,578.0,578.0,571.1717032114782,575.2621,592.40137,573.2168940862078,946.0,958.0,958.0,947.8641414873978,947.67725,940.60443,947.7706937905739,1331.0,1365.0,1365.0,1346.480402272487,1345.5868,1322.4694,1346.0335971323373,2003.0,1963.0,1963.0,1915.8502506511875,1991.2588,2132.507,1953.5545198568439
5,2019-01-04,563.0,571.0,571.0,564.7801944049602,565.5861,588.78296,565.1831575052145,933.0,946.0,946.0,938.3642116026908,934.99854,928.16595,936.6813733794704,1300.0,1331.0,1331.0,1300.252636762835,1304.7781,1295.367,1302.515356467355,2016.0,2003.0,2003.0,2059.312407285028,2082.5264,2119.7117,2070.919387236264
5,2019-01-07,556.0,563.0,563.0,557.4880584728431,558.4172,582.6646,557.9526168829059,918.0,933.0,933.0,921.1570489314357,922.1311,917.88513,921.6440762235304,1257.0,1300.0,1300.0,1281.7394375351294,1279.0714,1260.893,1280.405424333971,2117.0,2016.0,2016.0,2000.5090218389537,2046.1036,2071.07,2023.306329767133
5,2019-01-08,546.0,556.0,556.0,549.4028519953499,552.1644,575.6593,550.7836403531437,893.0,918.0,918.0,907.2296279164868,909.63995,903.0361,908.434790764884,1218.0,1257.0,1257.0,1223.9788133142488,1238.0154,1215.4401,1230.997097086812,2078.0,2117.0,2117.0,2139.907537675293,2220.6924,2150.562,2180.2999602438967
5,2019-01-09,536.0,546.0,546.0,538.146888661034,543.0373,568.35596,540.5920905707515,870.0,893.0,893.0,875.2476180113173,882.11804,872.7079,878.6828300017523,1170.0,1218.0,1218.0,1191.3228407953607,1196.8602,1166.8267,1194.091535143774,1987.0,2078.0,2078.0,2016.590340033536,2005.8301,2034.1191,2011.210209079268
5,2019-01-10,524.0,536.0,536.0,528.5691383516884,534.5042,561.2972,531.5366748887348,842.0,870.0,870.0,851.497961744623,856.32935,854.4282,853.913653723874,1137.0,1170.0,1170.0,1130.923024283335,1141.5045,1120.5566,1136.2137704424488,1966.0,1987.0,1987.0,1916.5368681159975,1910.3462,1912.0801,1913.4415297611238
5,2019-01-11,511.0,524.0,524.0,515.3905724888106,516.7808,549.39343,516.0856976213583,814.0,842.0,842.0,822.1132825467441,827.74695,829.7953,824.9301153944658,1118.0,1137.0,1137.0,1116.615615975831,1111.6802,1089.5637,1114.1478958785406,1952.0,1966.0,1966.0,1944.5385414710358,1964.4666,1912.0353,1954.5025471027054
5,2019-01-14,499.0,511.0,511.0,501.37621009643476,506.6773,538.09344,504.0267586126705,785.0,814.0,814.0,793.2667897532701,800.0734,809.4442,796.6701075231194,1104.0,1118.0,1118.0,1113.227971092975,1108.2252,1083.6796,1110.7265954097688,1831.0,1952.0,1952.0,1929.7667873357234,1937.5355,1910.7399,1933.6511548983303
5,2019-01-15,483.0,499.0,499.0,489.93463686037035,492.7193,524.2,491.3269680883883,755.0,785.0,785.0,764.3345809819206,780.2188,787.4082,772.2766960085385,1079.0,1104.0,1104.0,1096.696111251749,1104.6996,1062.6595,1100.6978481063434,1748.0,1831.0,1831.0,1717.3382281085173,1720.9673,1752.044,1719.1527566323837
5,2019-01-16,466.0,483.0,483.0,471.2753110397937,477.96378,504.65268,474.61954333727965,729.0,755.0,755.0,732.4028481516818,746.5023,765.69586,739.4525837438097,1045.0,1079.0,1079.0,1061.4788270047761,1061.3352,1034.6975,1061.4070160414506,1868.0,1748.0,1748.0,1687.557610381521,1644.3137,1689.041,1665.935665542323
5,2019-01-17,451.0,466.0,466.0,453.2457866202373,459.06677,483.92633,456.15627954058743,701.0,729.0,729.0,708.4175005512419,723.4054,745.42975,715.9114480295273,1018.0,1045.0,1045.0,1022.9292081084841,1023.85785,989.4949,1023.3935286147889,2037.0,1868.0,1868.0,1929.8832568508271,1943.8918,1818.1761,1936.887551276976
5,2019-01-18,442.0,451.0,451.0,438.9617011061853,448.4218,469.51352,443.6917575355145,680.0,701.0,701.0,681.4473072157177,697.01385,723.67145,689.2305810980932,991.0,1018.0,1018.0,1001.9193365541613,994.8125,971.3892,998.3659182770807,2024.0,2037.0,2037.0,2080.988337833677,2061.8174,1963.3323,2071.4028603230886
5,2019-01-21,432.0,442.0,442.0,433.2996215069712,439.3585,460.37396,436.3290557486028,660.0,680.0,680.0,666.9437135244625,673.7614,708.8624,670.3525635493406,950.0,991.0,991.0,970.9738591601006,967.5668,953.0328,969.270315810519,1892.0,2024.0,2024.0,1922.0594135963538,1968.9731,1893.7306,1945.516279063802
5,2019-01-22,423.0,432.0,432.0,422.88684872772853,426.5396,450.9135,424.7132302720674,638.0,660.0,660.0,645.7772102121171,657.5675,694.93353,651.6723575474648,893.0,950.0,950.0,911.4964957491159,907.7962,884.7001,909.6463496811986,1775.0,1892.0,1892.0,1751.5701534397083,1804.2576,1707.0316,1777.9138608995418
5,2019-01-23,409.0,423.0,423.0,414.92931354037523,415.46872,439.48877,415.19901651139855,607.0,638.0,638.0,623.0532274535146,633.79785,667.1492,628.4255395080073,828.0,893.0,893.0,843.366346296523,862.05566,851.69055,852.7110051795115,1726.0,1775.0,1775.0,1666.8955080244584,1678.2959,1636.0161,1672.5957032309793
5,2019-01-24,395.0,409.0,409.0,398.5586389539104,405.57065,423.47903,402.0646435736349,576.0,607.0,607.0,584.1493005415737,603.9102,629.25336,594.029758913365,748.0,828.0,828.0,774.7070487851863,812.3936,793.2553,793.5503322539213,1730.0,1726.0,1726.0,1667.5769406294667,1655.1674,1612.3344,1661.372149513952
5,2019-01-25,384.0,395.0,395.0,384.6270311530565,391.68762,410.25104,388.15732661168454,552.0,576.0,576.0,554.1190973101959,573.4825,592.6196,563.8007901101761,687.0,748.0,748.0,679.7214690729152,728.1101,733.98804,703.9157882473951,1631.0,1730.0,1730.0,1698.8930482804021,1678.845,1634.406,1688.8690094917636
5,2019-01-28,368.0,384.0,384.0,374.4091412328444,378.4524,399.91217,376.4307669054847,526.0,552.0,552.0,533.9479981601842,549.02313,570.077,541.4855652422015,644.0,687.0,687.0,642.0123009838336,666.9016,695.2857,654.4569561559792,1508.0,1631.0,1631.0,1539.9233746737716,1523.6953,1553.434,1531.809343586886
5,2019-01-29,347.0,368.0,368.0,355.22117199342387,367.9718,384.26923,361.5964868756182,498.0,526.0,526.0,506.18079353915925,538.35425,547.26,522.2675207930172,612.0,644.0,644.0,620.9320606616292,618.982,674.1514,619.9570276452678,1295.0,1508.0,1508.0,1431.663205652509,1460.3043,1446.4426,1445.9837634707858
5,2019-01-30,328.0,347.0,347.0,330.3960731757996,347.14517,369.0693,338.7706226474701,472.0,498.0,498.0,476.0980182590647,527.00977,529.13306,501.55389194203235,574.0,612.0,612.0,594.5615855010897,588.4024,663.341,591.481995143123,1116.0,1295.0,1295.0,1170.331135168803,1253.2117,1260.4126,1211.771402545339
5,2019-01-31,311.0,328.0,328.0,312.8501147776557,327.70667,354.58426,320.2783899083591,450.0,472.0,472.0,453.66675320343745,508.94516,511.62643,481.3059565577734,560.0,574.0,574.0,545.8961118879972,559.2202,654.2711,552.5581633658736,1014.0,1116.0,1116.0,1018.2876508791793,1051.6707,1132.0609,1034.979152588027
5,2019-02-01,301.0,311.0,311.0,296.9544105593336,312.09784,339.71588,304.5261249574012,438.0,450.0,450.0,434.44239637780686,491.3221,496.04413,462.8822547074581,552.0,560.0,560.0,562.260278838793,553.2671,658.24115,557.7636843412715,984.0,1014.0,1014.0,945.1929351744773,940.13257,1099.2909,942.6627517669261
5,2019-02-04,294.0,301.0,301.0,290.3558245439359,305.03232,332.6921,297.69407132958514,423.0,438.0,438.0,431.3668378226312,473.7681,483.24466,452.56746737322965,553.0,552.0,552.0,561.7612837757656,549.9093,650.89746,555.835292766789,972.0,984.0,984.0,969.954992042811,927.59515,1110.2478,948.7750729257024
5,2019-02-05,294.0,294.0,294.0,285.72390271660066,291.6332,320.41278,288.6785559725581,415.0,423.0,423.0,414.92770772265226,460.94058,464.41965,437.93414499902144,553.0,553.0,553.0,571.1773412434837,559.229,645.3199,565.2031725748668,929.0,972.0,972.0,941.9013329684938,931.24133,1088.2375,936.5713329881531
5,2019-02-06,290.0,294.0,294.0,292.1134050464354,292.85535,315.41046,292.4843758630615,414.0,415.0,415.0,414.7543445469497,452.66293,447.28748,433.70863894827954,561.0,553.0,553.0,568.9038221468813,562.14233,636.15405,565.5230780656282,846.0,929.0,929.0,865.8418803615886,893.7405,1023.61365,879.7911794386068
5,2019-02-07,290.0,290.0,290.0,287.9172346400695,292.04846,302.29102,289.982848277066,415.0,414.0,414.0,420.1732974840916,452.73462,436.64227,436.4539583123583,574.0,561.0,561.0,580.6146397594953,576.7594,621.0659,578.6870195867789,792.0,846.0,846.0,706.0291597654783,794.89056,878.3534,750.459861865161
5,2019-02-08,292.0,290.0,290.0,292.46293575185706,293.01932,292.81586,292.74112668940506,429.0,415.0,415.0,423.5161447958559,453.99744,425.66052,438.7567906596467,586.0,574.0,574.0,596.692950157782,582.4976,615.0338,589.5952848933441,736.0,792.0,792.0,670.7058021283613,736.31964,808.1607,703.5127216208213
5,2019-02-11,296.0,292.0,292.0,297.1553061124827,296.22916,291.7885,296.6922313033117,454.0,429.0,429.0,446.8046024526399,453.86227,439.95975,450.33343831128093,600.0,586.0,586.0,605.763087495505,589.7605,628.7324,597.76179277119,711.0,736.0,736.0,590.8959938676485,706.0203,758.4066,648.4581592873399
5,2019-02-12,302.0,296.0,296.0,303.36557818004667,303.8206,297.5741,303.5930826691249,478.0,454.0,454.0,481.7992575724891,462.90128,466.6165,472.35026660362735,611.0,600.0,600.0,622.1459527925599,615.5648,642.8289,618.8553860642487,707.0,711.0,711.0,603.045178636858,670.22375,740.1786,636.6344667598353
5,2019-02-13,311.0,302.0,302.0,309.3917476145101,313.991,304.03162,311.6913724644816,526.0,478.0,478.0,506.3359325107313,490.90472,487.72595,498.6203283159125,619.0,611.0,611.0,631.575773507815,624.35297,645.84753,627.9643699082044,729.0,707.0,707.0,622.4042367703457,670.5604,742.1827,646.4823307875166
5,2019-02-14,315.0,311.0,311.0,322.17503559600823,319.02444,322.82355,320.5997400880432,560.0,526.0,526.0,572.2711596977779,526.6587,542.2555,549.4649255520139,624.0,619.0,619.0,635.1120911457842,614.58527,695.97565,624.8486786295327,727.0,729.0,729.0,653.0901158244199,779.9837,835.3448,716.5369097188506
5,2019-02-15,322.0,315.0,315.0,323.1066521150518,325.57486,325.6361,324.3407558670962,594.0,560.0,560.0,594.0463900776422,551.65094,575.65564,572.8486650095242,628.0,624.0,624.0,637.6171858027153,624.23773,694.777,630.9274588681545,713.0,727.0,727.0,642.9125953761713,753.7862,825.9773,698.3493946119138
5,2019-02-18,335.0,322.0,322.0,332.07285182026607,329.1828,332.07397,330.62782605661744,625.0,594.0,594.0,625.9304526514433,580.63367,612.4758,603.2820598218154,639.0,628.0,628.0,639.909521363046,628.473,698.8168,634.1912719119917,650.0,713.0,713.0,623.8799011050355,676.3286,814.1816,650.1042571931428
5,2019-02-19,345.0,335.0,335.0,349.08502733611607,337.57455,344.19937,343.32979088973775,649.0,625.0,625.0,652.6614154610476,619.22314,662.80493,635.9422799961487,649.0,639.0,639.0,652.7551959246844,653.927,729.1846,653.3410989389047,578.0,650.0,650.0,552.3019025058702,600.62805,749.7988,576.4649771318414
5,2019-02-20,353.0,345.0,345.0,355.5404851967552,350.1928,351.07025,352.86664762767447,686.0,649.0,649.0,669.9339541291014,654.4111,680.05615,662.1725129532226,657.0,649.0,649.0,660.1998545966132,656.1579,732.38904,658.178876272916,570.0,578.0,578.0,506.1086928765501,583.28894,646.9606,544.6988166531188
5,2019-02-21,359.0,353.0,353.0,362.5979945662076,356.42957,358.48148,359.51377999794755,707.0,686.0,686.0,711.0502973511345,684.41766,722.8159,697.7339804626766,666.0,657.0,657.0,664.2058642873162,668.5163,750.875,666.3610803370175,545.0,570.0,570.0,552.8094088798505,578.72534,674.0067,565.7673753383627
5,2019-02-22,366.0,359.0,359.0,368.001477324432,361.21063,358.1936,364.6060548243254,721.0,707.0,707.0,721.8553372405643,718.1427,734.8277,719.9990187179384,685.0,666.0,666.0,675.3731143504016,672.7863,739.8505,674.0797151341851,520.0,545.0,545.0,492.04452607242365,558.0146,627.4758,525.0295567373837
5,2019-02-25,372.0,366.0,366.0,375.39481767562785,370.39633,362.99786,372.8955747313686,729.0,721.0,721.0,731.3361200884851,728.3932,742.84314,729.8646542825238,713.0,685.0,685.0,706.0825856657351,707.95215,747.4978,707.0173670516176,522.0,520.0,520.0,487.1726009044148,483.21606,582.7711,485.1943326787699
5,2019-02-26,382.0,372.0,372.0,378.9811094295475,375.8854,364.4313,377.43325796184405,738.0,729.0,729.0,738.0186984257721,736.298,744.5051,737.1583360292923,752.0,713.0,713.0,743.6553003936549,740.08795,757.50824,741.8716260269056,500.0,522.0,522.0,520.648831206011,506.05362,562.4332,513.3512252953883
5,2019-02-27,388.0,382.0,382.0,391.3034699425383,384.388,372.85217,387.8457352154098,749.0,738.0,738.0,750.1312038802894,749.2026,755.58704,749.6668897819416,813.0,752.0,752.0,790.5209895476448,777.4137,802.9578,783.9673429183537,459.0,500.0,500.0,485.15945211468215,482.16617,540.7069,483.6628101637864
5,2019-02-28,393.0,388.0,388.0,396.46985364961665,395.01,377.93738,395.7399317076208,759.0,749.0,749.0,759.0744857066178,765.6803,768.06714,762.3773917790902,863.0,813.0,813.0,869.3436144981206,855.25336,874.1135,862.2984857158572,383.0,459.0,459.0,439.9402109667226,466.1741,528.21436,453.05715687496286
5,2019-03-01,397.0,393.0,393.0,400.7813735646873,397.53467,384.60315,399.15802076671866,767.0,759.0,759.0,767.6870583737765,769.8403,774.69604,768.7636646849351,900.0,863.0,863.0,898.8965244166102,890.1264,916.6819,894.511464112602,355.0,383.0,383.0,349.6689887455668,403.16843,480.6001,376.41870762961935
5,2019-03-04,407.0,397.0,397.0,403.82920892493826,399.56412,388.95523,401.69666317828944,776.0,767.0,767.0,772.1838512482165,778.958,785.04395,775.5709295303582,924.0,900.0,900.0,922.6146579560867,911.4552,943.8035,917.0349290756997,299.0,355.0,355.0,363.1335559754293,405.2085,487.0149,384.17102603458966
5,2019-03-05,413.0,407.0,407.0,417.09300220168853,409.96185,409.19357,413.5274276145161,783.0,776.0,776.0,783.074079887181,788.6191,797.244,785.8465797385124,938.0,924.0,924.0,929.9928318681482,933.46674,984.57275,931.729783853996,270.0,299.0,299.0,276.701833875994,345.96805,448.45312,311.33494098584856
5,2019-03-06,418.0,413.0,413.0,419.3450154925996,420.3894,419.94363,419.8672098947373,790.0,783.0,783.0,787.4005278408704,789.8397,800.68225,788.6201247602789,926.0,938.0,938.0,939.0919500887182,945.4681,999.8208,942.2800143509997,236.0,270.0,270.0,288.6113898054132,341.6701,417.26965,315.14074739294097
5,2019-03-07,421.0,418.0,418.0,424.0894160565892,423.06186,424.7027,423.5756375937243,790.0,790.0,790.0,793.1747862487931,796.87854,801.5199,795.0266631439279,894.0,926.0,926.0,900.821498853177,907.3242,972.1916,904.0728588015885,235.0,236.0,236.0,210.02011381401826,329.0484,372.6101,269.53425734646225
5,2019-03-08,424.0,421.0,421.0,425.28410013499115,422.65475,425.00964,423.9694273868315,790.0,790.0,790.0,786.6793524713376,786.58405,794.76306,786.6316989407469,866.0,894.0,894.0,854.3751656686866,865.66583,907.0159,860.0204990941089,250.0,235.0,235.0,234.38243866350172,333.05154,363.16602,283.7169914264774
5,2019-03-11,429.0,424.0,424.0,428.5404580594721,426.15485,429.33972,427.34765212543914,789.0,790.0,790.0,788.0876111163682,786.26715,792.3273,787.1773809976372,839.0,866.0,866.0,840.804413887253,845.5896,880.42053,843.1970067483139,278.0,250.0,250.0,251.87279564047503,338.62256,381.06592,295.2476771171125
5,2019-03-12,430.0,429.0,429.0,432.55230732132173,432.2184,439.72998,432.38536081398115,789.0,789.0,789.0,788.7022346796415,785.6751,789.6005,787.1886722714614,823.0,839.0,839.0,812.5846766438024,818.3153,872.2179,815.4499921304949,327.0,278.0,278.0,313.9566977428317,380.91232,422.7024,347.4345103704393
5,2019-03-13,434.0,430.0,430.0,431.24699046850884,430.33167,441.09738,430.78932775378564,786.0,789.0,789.0,788.3528305090284,784.6894,788.44977,786.5211112994361,841.0,823.0,823.0,806.1395807095909,810.2664,870.5035,808.2029995833111,403.0,327.0,327.0,383.70489084698306,390.89008,472.79736,387.2974832652884
5,2019-03-14,437.0,434.0,434.0,437.0969421782802,434.99506,443.44443,436.04599916531197,786.0,786.0,786.0,786.3659289716692,782.0971,786.488,784.2315179526315,883.0,841.0,841.0,856.2930508617947,864.37317,913.6809,860.3331099035536,520.0,403.0,403.0,471.9213018111616,485.48236,599.8606,478.70183132550267
5,2019-03-15,440.0,437.0,437.0,440.0917540822462,438.96814,445.11307,439.52994686534186,787.0,786.0,786.0,787.0491532151974,786.05225,787.33813,786.5506996544736,905.0,883.0,883.0,913.2706975260835,909.53955,974.6902,911.4051241536667,476.0,520.0,520.0,601.9804737008981,546.0003,799.0867,573.9903894383397
5,2019-03-18,443.0,440.0,440.0,442.75419232732145,441.82834,445.8753,442.29126547518416,789.0,787.0,787.0,786.908020854191,787.40137,797.4549,787.1546940208455,922.0,905.0,905.0,904.0644056496949,922.3631,999.4033,913.2137518971131,421.0,476.0,476.0,427.01772102435757,485.09286,718.0548,456.055293007296
5,2019-03-19,446.0,443.0,443.0,445.6040887257961,445.83014,449.51752,445.7171139429762,796.0,789.0,789.0,787.4771036616784,789.1902,801.03906,788.3336446042767,962.0,922.0,922.0,922.1952264825629,937.4019,1016.3765,929.7985714932346,399.0,421.0,421.0,390.7273377224835,424.18814,642.453,407.4577392958121
5,2019-03-20,449.0,446.0,446.0,449.2481969706373,447.73087,453.4,448.48953122457647,813.0,796.0,796.0,800.2840493559494,800.61804,814.5405,800.4510456740684,1009.0,962.0,962.0,991.1079966956198,997.1017,1062.3363,994.1048406329662,288.0,399.0,399.0,439.0028110307021,427.50983,643.8928,433.2563188454292
5,2019-03-21,455.0,449.0,449.0,453.913660057385,450.59668,457.60754,452.2551698724425,826.0,813.0,813.0,822.4010036239262,820.3351,831.1403,821.3680433158693,1027.0,1009.0,1009.0,1033.12125259197,1042.6992,1099.1086,1037.910235670985,251.0,288.0,288.0,218.20503109415426,347.3769,611.88025,282.790961591999
5,2019-03-22,458.0,455.0,455.0,460.79274563490947,460.34256,465.4164,460.5676527246813,830.0,826.0,826.0,830.9300453834837,836.3847,842.2021,833.6573749866637,1036.0,1027.0,1027.0,1017.8173428152903,1042.6912,1112.107,1030.2542524623327,230.0,251.0,251.0,286.9570648047502,338.68567,600.6212,312.82136687503134
5,2019-03-25,463.0,458.0,458.0,461.12802585518,462.11758,465.02737,461.6228050418478,833.0,830.0,830.0,829.2803922466508,837.5557,843.90784,833.4180586721535,1053.0,1036.0,1036.0,1025.7272460791603,1032.7811,1111.4318,1029.2541870044238,190.0,230.0,230.0,270.8553291026499,334.41425,570.97754,302.6347873540593
5,2019-03-26,466.0,463.0,463.0,468.11275425573666,468.25854,472.9005,468.18564958880586,831.0,833.0,833.0,836.3624060460974,840.23706,847.7713,838.2997332964862,1056.0,1053.0,1053.0,1061.966516857617,1059.7694,1145.7178,1060.8679630186523,178.0,190.0,190.0,191.59827952772662,319.40634,497.99658,255.5023105402305
5,2019-03-27,467.0,466.0,466.0,469.2733685418655,469.69193,472.13483,469.4826467953468,823.0,831.0,831.0,828.5323361601913,828.4971,840.7048,828.5147032363457,1087.0,1056.0,1056.0,1041.1875985853699,1054.164,1127.0885,1047.6757695075287,167.0,178.0,178.0,188.21929299597605,312.85883,439.72815,250.5390593397849
5,2019-03-28,464.0,467.0,467.0,469.03054284337287,467.54727,470.91434,468.2889072859442,813.0,823.0,823.0,818.5559646558536,817.77,831.81793,818.1629920935518,1102.0,1087.0,1087.0,1106.0358809398442,1108.3674,1147.2317,1107.2016562902345,150.0,167.0,167.0,177.7008743278402,320.35434,396.88013,249.0276069637248
5,2019-03-29,461.0,464.0,464.0,463.2232821204979,463.37714,462.31726,463.30020917548336,807.0,813.0,813.0,806.7032887394776,802.5968,820.0082,804.650045248645,1110.0,1102.0,1102.0,1099.7215238586132,1123.6534,1139.3455,1111.6874831207128,122.0,150.0,150.0,139.16945674873477,315.072,361.2119,227.12072385776582
5,2019-04-01,455.0,461.0,461.0,461.36509592067125,457.7339,459.03717,459.5494913197106,795.0,807.0,807.0,802.3639733264254,799.49457,813.8574,800.9292705987596,1120.0,1110.0,1110.0,1102.8311727240373,1124.9637,1137.5681,1113.8974589206123,92.0,122.0,122.0,73.97361374961702,313.5863,329.5536,193.77995873027726
5,2019-04-02,448.0,455.0,455.0,453.3564731753971,449.8529,453.4323,451.6046892244173,775.0,795.0,795.0,784.3099791843057,783.1184,802.1069,783.7141936937153,1127.0,1120.0,1120.0,1114.4703998857537,1136.1766,1126.046,1125.3235178139707,104.0,92.0,92.0,35.66553050971925,318.54916,300.26526,177.1073471640393
5,2019-04-03,437.0,448.0,448.0,442.657503588612,444.1665,437.09973,443.41200374743096,757.0,775.0,775.0,759.6882649336609,758.64844,778.0786,759.1683512168304,1124.0,1127.0,1127.0,1126.923297003917,1128.299,1072.9536,1127.6111235996148,210.0,104.0,104.0,182.10311066628014,368.37686,326.13452,275.2399861192729
5,2019-04-04,432.0,437.0,437.0,428.6298817762446,434.03815,433.43658,431.3340143744504,742.0,757.0,757.0,739.9748708640068,746.2344,757.14496,743.1046229320034,1114.0,1124.0,1124.0,1088.9606401437316,1116.4092,958.8485,1102.6849099156157,276.0,210.0,210.0,232.99249419755483,413.61853,646.22705,323.30551223549617
5,2019-04-05,425.0,432.0,432.0,424.616760210588,428.8231,438.18103,426.71992490509865,733.0,742.0,742.0,729.0112178559872,733.7713,763.0385,731.3912595627592,1101.0,1114.0,1114.0,1086.0632567385578,1106.2557,970.1727,1096.1594970216227,312.0,276.0,276.0,411.31743344247775,413.59903,727.77765,412.4582314917467
5,2019-04-08,419.0,425.0,425.0,416.70281533159016,419.9988,437.57797,418.35081257302164,726.0,733.0,733.0,720.151392024133,723.8072,763.3138,721.9792909827696,1085.0,1101.0,1101.0,1076.992522728482,1100.6802,969.8729,1088.836349254866,375.0,312.0,312.0,437.5921371440156,405.8671,780.1639,421.7296165456406
5,2019-04-09,411.0,419.0,419.0,413.5037212551546,415.95187,435.70288,414.7277975172257,718.0,726.0,726.0,710.7684940768576,719.4821,758.1834,715.1253053880382,1074.0,1085.0,1085.0,1055.4031188344952,1074.5426,953.3652,1064.9728606867789,428.0,375.0,375.0,501.06363840256586,498.5069,837.43915,499.78526768761105
5,2019-04-10,406.0,411.0,411.0,404.48863073795127,408.8578,426.61877,406.6732094119444,715.0,718.0,718.0,704.1000709319881,713.06525,748.3112,708.5826587570097,1071.0,1074.0,1074.0,1046.955951824013,1065.8948,959.8437,1056.425363607319,423.0,428.0,428.0,530.6876421098921,505.51782,890.66095,518.1027321877585
5,2019-04-11,403.0,406.0,406.0,401.15522558119227,404.93384,422.98535,403.04453173590866,711.0,715.0,715.0,712.9490257541944,704.50714,745.2711,708.7280834337378,1073.0,1071.0,1071.0,1055.9124180468932,1074.3561,978.84326,1065.134248574228,418.0,423.0,423.0,523.3084993821415,440.5768,886.58813,481.94265606314104
5,2019-04-12,399.0,403.0,403.0,398.821682984826,403.8481,419.79218,401.33489849924894,714.0,711.0,711.0,711.0334518791458,704.5692,742.8806,707.8013328731666,1092.0,1073.0,1073.0,1062.7820242806654,1079.3689,981.1271,1071.0754603825203,445.0,418.0,418.0,534.4647300665181,438.4052,869.395,486.4349712344309
5,2019-04-15,397.0,399.0,399.0,395.2774529011358,400.23233,403.45187,397.7548916117007,718.0,714.0,714.0,722.0038787351785,710.0913,729.7211,716.0475936644643,1119.0,1092.0,1092.0,1101.381025463155,1107.2166,1056.3848,1104.2987890987652,459.0,445.0,445.0,498.672444451076,482.8794,783.59875,490.775919491163
5,2019-04-16,394.0,397.0,397.0,394.89884366284286,394.85736,394.8606,394.8781022513433,726.0,718.0,718.0,728.324331886721,719.6587,733.08624,723.9915116464855,1147.0,1119.0,1119.0,1133.5465761198834,1138.1824,1104.8063,1135.8644745833792,463.0,459.0,459.0,512.1139074984646,499.0169,701.7223,505.56540711837295
5,2019-04-17,390.0,394.0,394.0,392.62903391622547,390.68195,387.19757,391.65548985850336,732.0,726.0,726.0,737.8538976638436,729.12427,743.8921,733.4890826209843,1162.0,1147.0,1147.0,1158.1744773477094,1164.1184,1147.7576,1161.1464427754172,490.0,463.0,463.0,499.32426340050733,491.8708,645.43066,495.59752598736304
5,2019-04-18,391.0,390.0,390.0,387.81579715998146,388.7231,380.61926,388.26945558682667,751.0,732.0,732.0,742.8017025501225,740.65643,747.50415,741.7290678277957,1171.0,1162.0,1162.0,1158.6873423120371,1180.6525,1161.9113,1169.6699040661747,572.0,490.0,490.0,525.6551963824161,525.1593,639.001,525.4072490701143
5,2019-04-23,392.0,391.0,391.0,391.3515202955777,393.449,386.27313,392.40026271126544,773.0,751.0,751.0,772.4763293325173,768.5296,771.18713,770.5029656916493,1177.0,1171.0,1171.0,1169.8530251242837,1184.7134,1178.9661,1177.2832020152669,648.0,572.0,572.0,691.7769356595829,628.43744,747.30084,660.1071873122133
5,2019-04-24,391.0,392.0,392.0,393.0837967187589,394.78278,386.54898,393.93328629883257,781.0,773.0,773.0,794.176856356721,784.69415,796.1,789.4355045943762,1182.0,1177.0,1177.0,1170.3858201625817,1177.3156,1173.0322,1173.850685960197,691.0,648.0,648.0,706.6984931626296,736.93964,805.0916,721.8190646965492
5,2019-04-25,389.0,391.0,391.0,390.3891375016158,393.33975,385.0695,391.8644448494407,780.0,781.0,781.0,792.8807902585385,787.88745,798.6673,790.3841207152068,1186.0,1182.0,1182.0,1174.4972237423144,1176.9216,1170.9639,1175.7094273008447,783.0,691.0,691.0,720.2315232689613,748.04456,791.30023,734.1380394665118
5,2019-04-26,386.0,389.0,389.0,388.14798049977264,390.5819,382.2697,389.3649448397301,777.0,780.0,780.0,787.4999674449166,773.84827,789.15533,780.6741170232395,1189.0,1186.0,1186.0,1176.334737114327,1175.2001,1162.3025,1175.7674051782574,884.0,783.0,783.0,852.4954597975087,881.1334,850.12506,866.8144413245357
5,2019-04-29,384.0,386.0,386.0,385.3715440606726,386.2708,376.96216,385.8211785244769,768.0,777.0,777.0,785.0078213884401,772.30145,780.6902,778.6546370125794,1188.0,1189.0,1189.0,1180.837377265825,1176.8447,1155.0773,1178.8410519141626,1276.0,884.0,884.0,931.8670851062872,945.4039,920.65857,938.6354773675966
5,2019-04-30,386.0,384.0,384.0,384.2925763831734,386.19284,378.87088,385.2427084796726,763.0,768.0,768.0,770.1051794316284,760.3279,760.62195,765.2165301455017,1187.0,1188.0,1188.0,1173.788543915345,1175.3053,1110.957,1174.5469208834538,1389.0,1276.0,1276.0,1467.3943444756055,1383.3834,1288.7378,1425.388883663584
5,2019-05-01,384.0,386.0,386.0,387.5228278307402,390.56207,383.08954,389.0424502923232,755.0,763.0,763.0,765.8294632337872,758.69446,767.43915,762.2619606207999,1189.0,1187.0,1187.0,1171.8603191624288,1174.4966,1128.7168,1173.1784505968394,1420.0,1389.0,1389.0,1388.2863982306358,1497.6694,1339.7938,1442.9779159121929
5,2019-05-02,382.0,384.0,384.0,383.7621569450407,386.26007,387.8762,385.011113872911,752.0,755.0,755.0,753.7450591313348,747.1357,766.9597,750.4403701418393,1190.0,1189.0,1189.0,1186.36117814648,1178.1152,1122.1366,1182.2382062607398,1290.0,1420.0,1420.0,1507.4835341455007,1455.4623,1398.8413,1481.4729072094692
5,2019-05-03,382.0,382.0,382.0,382.88537863974005,383.63452,393.4536,383.25995006205756,761.0,752.0,752.0,748.4716080757875,746.4776,772.8726,747.4746040867219,1189.0,1190.0,1190.0,1174.7393372633053,1176.553,1115.8951,1175.646157889465,1119.0,1290.0,1290.0,1261.9067479652726,1267.5387,1281.5912,1264.7227221271676
5,2019-05-07,382.0,382.0,382.0,385.49610322494004,384.76157,400.11487,385.1288346935247,770.0,761.0,761.0,767.0480526011783,767.4193,784.3574,767.2336820623079,1188.0,1189.0,1189.0,1172.8055612119147,1173.7836,1116.4427,1173.294565273926,1159.0,1119.0,1119.0,1092.8972409483563,1060.537,1169.638,1076.717114126522
5,2019-05-08,382.0,382.0,382.0,384.66068504969445,385.1406,398.4738,384.90063976605813,776.0,770.0,770.0,780.0797178268316,777.85504,789.4897,778.967379665369,1193.0,1188.0,1188.0,1178.121344614545,1175.2864,1110.889,1176.703860783835,1270.0,1159.0,1159.0,1244.736326441849,1166.0732,1257.905,1205.4047843146745
5,2019-05-09,382.0,382.0,382.0,383.38808445080826,384.86044,400.03735,384.1242637830213,779.0,776.0,776.0,785.8030138175634,785.4939,790.82086,785.6484551509692,1198.0,1193.0,1193.0,1190.4089774911565,1194.7389,1115.5211,1192.5739345463594,1371.0,1270.0,1270.0,1394.1748334121735,1374.7295,1473.0295,1384.4521627998367
5,2019-05-10,382.0,382.0,382.0,383.946176924764,385.23767,395.87677,384.59192391160076,782.0,779.0,779.0,790.555956227582,782.93945,793.55035,786.747704676291,1211.0,1198.0,1198.0,1192.877443184151,1203.2158,1152.1622,1198.0466317483256,1405.0,1371.0,1371.0,1441.7163595642905,1480.7325,1609.9745,1461.2244517548015
5,2019-05-13,381.0,382.0,382.0,384.6255672306952,385.13467,393.69318,384.8801206514804,783.0,782.0,782.0,795.0477213870352,783.94403,796.2627,789.495876074377,1229.0,1211.0,1211.0,1216.1868527594502,1212.449,1184.6969,1214.3179136844126,1462.0,1405.0,1405.0,1426.0411529384683,1443.4272,1601.7499,1434.7341995161091
5,2019-05-14,381.0,381.0,381.0,382.87766113802513,381.62753,395.1895,382.25259704850475,784.0,783.0,783.0,794.0001781409246,777.95184,793.0796,785.9760107013217,1243.0,1229.0,1229.0,1242.214935098344,1236.678,1202.3335,1239.4464568069845,1417.0,1462.0,1462.0,1546.156607291898,1503.5884,1653.1162,1524.8724930990738
5,2019-05-15,383.0,381.0,381.0,383.7350663488791,380.66608,397.5735,382.2005715045177,783.0,784.0,784.0,793.4800882716288,786.1737,798.7158,789.8268971631582,1252.0,1243.0,1243.0,1244.3705174315112,1249.0881,1210.9481,1246.729326098568,1428.0,1417.0,1417.0,1388.1787039706958,1398.6652,1546.5663,1393.4219325517543
5,2019-05-16,385.0,383.0,383.0,386.57219376308296,386.78784,400.46332,386.680017779979,780.0,783.0,783.0,791.4656584133986,779.06714,798.2461,785.2663985426368,1255.0,1252.0,1252.0,1247.4080261942297,1255.9343,1230.7267,1251.6711761830525,1463.0,1428.0,1428.0,1435.1398421652366,1437.1167,1524.7566,1436.1282706919933
5,2019-05-17,386.0,385.0,385.0,388.19739694282197,390.30905,401.8877,389.25322422824695,778.0,780.0,780.0,787.0538921734247,773.46387,790.57825,780.2588796804623,1256.0,1255.0,1255.0,1245.158709229181,1252.2085,1224.009,1248.6836026614656,1470.0,1463.0,1463.0,1475.2837982755725,1500.2867,1525.8373,1487.7852707198176
5,2019-05-20,388.0,386.0,386.0,388.36682161743295,388.67538,400.83005,388.52110306945866,777.0,778.0,778.0,784.890917406627,774.2697,787.4134,779.5803158810479,1258.0,1256.0,1256.0,1247.1388467363254,1252.4452,1216.2372,1249.7920185830064,1501.0,1470.0,1470.0,1464.0642795090002,1447.3018,1485.9993,1455.6830186607501
5,2019-05-21,389.0,388.0,388.0,391.902990358896,394.00418,402.0928,392.95358563354955,778.0,777.0,777.0,781.9790670413948,775.16815,786.11664,778.5736094484319,1268.0,1258.0,1258.0,1255.1808130950988,1252.0994,1217.0897,1253.6400891647368,1537.0,1501.0,1501.0,1528.3301276038383,1559.7776,1508.0182,1544.0538577472316
5,2019-05-22,391.0,389.0,389.0,392.71825095093106,392.97385,402.08902,392.84604869323897,779.0,778.0,778.0,783.3342706686141,776.2411,790.32294,779.7876797679007,1287.0,1268.0,1268.0,1273.9031636783627,1271.3224,1228.0692,1272.6127756868377,1558.0,1537.0,1537.0,1563.1108379704494,1589.6879,1536.2051,1576.3993520906934
5,2019-05-23,393.0,391.0,391.0,394.8244086189534,396.36362,404.03943,395.5940127811564,778.0,779.0,779.0,784.6402495978226,776.54114,793.52277,780.5906936465676,1304.0,1287.0,1287.0,1298.8447094679022,1310.3065,1248.2721,1304.5756140112949,1545.0,1558.0,1558.0,1563.5532053091135,1587.2142,1552.5808,1575.3837193537756
5,2019-05-24,394.0,393.0,393.0,396.2462742496862,396.5233,406.72467,396.38477958089777,771.0,778.0,778.0,784.0762266748469,775.3704,789.85626,779.7233245190641,1322.0,1304.0,1304.0,1313.406792347037,1320.7756,1256.5322,1317.091213556331,1585.0,1545.0,1545.0,1547.9193458950367,1548.6577,1527.3342,1548.2885303693934
5,2019-05-28,395.0,394.0,394.0,396.7162000008442,395.08847,405.1449,395.9023352299143,763.0,771.0,771.0,774.4473206124192,763.27454,779.5093,768.8609283726158,1337.0,1322.0,1322.0,1334.2656970007708,1346.7682,1267.4486,1340.5169427386668,1659.0,1585.0,1585.0,1620.5164933013261,1660.7394,1570.4369,1640.6279365920693
5,2019-05-29,397.0,395.0,395.0,397.59400305499116,397.84335,403.6405,397.71867816323777,756.0,763.0,763.0,766.4688963746778,761.42285,769.61487,763.9458739685889,1340.0,1337.0,1337.0,1344.543437375288,1358.6516,1271.9017,1351.5975243517064,1623.0,1659.0,1659.0,1682.8243224740982,1731.6726,1649.2164,1707.2484649479866
5,2019-05-30,398.0,397.0,397.0,400.48701370332054,399.38782,404.8528,399.93741554306655,752.0,756.0,756.0,759.1496538139647,754.30945,765.65356,756.7295510280761,1335.0,1340.0,1340.0,1336.5073685469429,1336.3894,1263.436,1336.448386421909,1620.0,1623.0,1623.0,1583.8796108527329,1597.5972,1589.2357,1590.7383894107415
5,2019-05-31,401.0,398.0,398.0,401.1904852973217,398.03137,405.16876,399.61092868381706,748.0,752.0,752.0,755.9331483835375,750.2735,764.9441,753.1033234593469,1325.0,1335.0,1335.0,1325.172028658646,1324.2772,1260.1537,1324.7246251691668,1650.0,1620.0,1620.0,1597.248459015789,1600.1749,1591.2152,1598.7116928868008
5,2019-06-03,403.0,401.0,401.0,405.1419312302671,403.4419,408.04218,404.29191288075856,739.0,748.0,748.0,752.4427441716653,750.97504,762.64105,751.7088903963795,1304.0,1325.0,1325.0,1315.4722342476416,1310.7214,1251.2153,1313.0968348972583,1739.0,1650.0,1650.0,1629.179987137378,1671.6815,1630.8019,1650.4307528460326
5,2019-06-04,405.0,403.0,403.0,405.6019549928393,405.33755,408.55966,405.46975496223996,731.0,739.0,739.0,739.8403970201905,736.259,752.92206,738.0496845940796,1285.0,1304.0,1304.0,1284.7663361655898,1286.217,1226.2615,1285.4916885906073,1806.0,1739.0,1739.0,1763.1434035940795,1791.192,1729.3082,1777.1677100978209
5,2019-06-05,408.0,405.0,405.0,407.54891840692665,409.38174,411.88477,408.46533139584614,726.0,731.0,731.0,732.7019246595355,731.3409,745.71436,732.0214030035959,1246.0,1285.0,1285.0,1269.5055553841407,1271.6611,1206.274,1270.5833440983204,1826.0,1806.0,1806.0,1826.133396613402,1861.3773,1808.1436,1843.7553579746698
5,2019-06-06,412.0,408.0,408.0,411.19425297517023,412.193,413.9337,411.69362306961636,719.0,726.0,726.0,728.344625062387,726.6375,742.8274,727.4910686347091,1213.0,1246.0,1246.0,1211.3307574709045,1233.1195,1172.2483,1222.2251321534209,1862.0,1826.0,1826.0,1851.4998233639353,1830.8263,1808.9087,1841.163058654624
5,2019-06-07,411.0,412.0,412.0,415.4644237987093,417.11557,417.71426,416.2899969335343,717.0,719.0,719.0,718.6864312989384,719.6224,738.4578,719.1544033936098,1187.0,1213.0,1213.0,1185.833937736975,1176.0818,1149.8019,1180.957862423175,1848.0,1862.0,1862.0,1893.96900552422,1911.1953,1852.9133,1902.58215901211
5,2019-06-10,414.0,411.0,411.0,411.872007133209,412.67938,414.95346,412.2756947287139,714.0,717.0,717.0,717.5600159596328,715.21515,739.107,716.3875824427071,1166.0,1187.0,1187.0,1169.477310569425,1160.7843,1140.9579,1165.1308061636187,1798.0,1848.0,1848.0,1832.6394028283376,1862.0634,1821.5554,1847.3513786602625
5,2019-06-11,416.0,414.0,414.0,417.17783058154174,416.67847,415.97748,416.92814868920834,712.0,714.0,714.0,717.1075347117985,710.31366,736.61865,713.7105971898836,1149.0,1166.0,1166.0,1150.5815466089302,1151.6976,1131.965,1151.1395892224339,1746.0,1798.0,1798.0,1766.461735485013,1753.3134,1747.4954,1759.8875449886002
5,2019-06-12,419.0,416.0,416.0,418.53455077909075,419.62625,417.15262,419.08040099989694,710.0,712.0,712.0,714.4868566612274,709.9441,734.1384,712.2154742290512,1137.0,1149.0,1149.0,1134.5753073752414,1134.7705,1125.3632,1134.6729075938706,1718.0,1746.0,1746.0,1723.4481701613145,1668.4343,1694.0237,1695.9412481665947
5,2019-06-13,420.0,419.0,419.0,422.2924879337854,422.21393,419.41205,422.25320807822084,716.0,710.0,710.0,713.7018567328083,711.0669,730.5076,712.3843756320291,1131.0,1137.0,1137.0,1133.060946573596,1129.3578,1121.2538,1131.2093673297668,1800.0,1718.0,1718.0,1731.5728830108205,1685.2357,1681.3356,1708.404300392129
5,2019-06-14,422.0,420.0,420.0,421.85044563706276,422.07608,422.621,421.9632629796642,720.0,716.0,716.0,724.5896079052857,727.0305,734.8695,725.8100627417053,1125.0,1131.0,1131.0,1134.1895610141023,1115.2257,1134.0499,1124.7076345109574,1826.0,1800.0,1800.0,1893.7266759170739,1862.5049,1858.2506,1878.115779364787
5,2019-06-17,428.0,422.0,422.0,425.31914927906377,424.95825,422.701,425.1387006160944,728.0,720.0,720.0,727.0004178204671,724.0955,739.5561,725.5479689199992,1117.0,1125.0,1125.0,1126.6151010003357,1112.8508,1132.5732,1119.7329655392305,1956.0,1826.0,1826.0,1862.7123807653975,1850.3153,1880.0608,1856.5138441912925
5,2019-06-18,432.0,428.0,428.0,433.44941335032996,435.63318,429.9855,434.5412960306337,736.0,728.0,728.0,740.4974432614027,734.85284,747.92035,737.6751437498419,1110.0,1117.0,1117.0,1119.4200522986796,1106.8512,1136.1663,1113.135624293871,2051.0,1956.0,1956.0,2069.0215703466115,2027.0519,2079.9258,2048.0367251147118
5,2019-06-19,437.0,432.0,432.0,436.1198771235263,435.0942,434.35297,435.6070424435991,743.0,736.0,736.0,746.5392161745236,747.3396,756.23157,746.9394078919493,1101.0,1110.0,1110.0,1110.7453573127707,1106.5544,1129.7212,1108.6499003360727,2080.0,2051.0,2051.0,2117.4359076889664,2120.7073,2163.2522,2119.071591539796
5,2019-06-20,440.0,437.0,437.0,441.5259733834518,441.33847,438.9025,441.4322219212181,751.0,743.0,743.0,754.1103278460145,758.60016,763.646,756.3552432687104,1096.0,1101.0,1101.0,1100.002401893612,1103.8976,1116.4374,1101.9499924507122,2278.0,2080.0,2080.0,2106.969397939801,2079.7307,2125.3142,2093.3500554152133
5,2019-06-21,442.0,440.0,440.0,444.0255063714422,443.77423,443.2392,443.8998686642367,756.0,751.0,751.0,761.592350350045,765.9785,768.5233,763.7854329875224,1111.0,1096.0,1096.0,1099.926987410583,1088.8295,1124.272,1094.3782275920103,2363.0,2278.0,2278.0,2421.468816869784,2367.358,2372.7197,2394.413363513017
5,2019-06-24,442.0,442.0,442.0,445.56862062176043,446.52896,446.00754,446.0487909017005,765.0,756.0,756.0,764.4089488682042,765.53156,770.54407,764.9702520219928,1150.0,1111.0,1111.0,1136.4377955220468,1132.6389,1142.8547,1134.538355768836,2389.0,2363.0,2363.0,2424.0225186771886,2461.6052,2428.6467,2442.813871643282
5,2019-06-25,442.0,442.0,442.0,444.39002264761416,446.6474,444.50757,445.51871127497895,774.0,765.0,765.0,774.9168239706224,777.38983,782.6606,776.1533277567955,1191.0,1150.0,1150.0,1194.5778903868486,1182.7444,1206.0604,1188.6611375762368,2440.0,2389.0,2389.0,2428.4530904329536,2384.952,2441.9478,2406.702497364914
5,2019-06-26,443.0,442.0,442.0,444.7247104167742,446.81866,446.36453,445.7716874837777,783.0,774.0,774.0,784.1166183615125,782.02466,792.30634,783.0706382823187,1243.0,1191.0,1191.0,1232.2144952438616,1218.1952,1254.5919,1225.2048428367746,2465.0,2440.0,2440.0,2510.7780593154926,2514.415,2470.4036,2512.5965491889965
5,2019-06-27,442.0,443.0,443.0,446.00103089466455,447.5538,450.08945,446.7774166924495,787.0,783.0,783.0,793.3568881878718,791.3441,801.5085,792.3505021994047,1286.0,1243.0,1243.0,1294.8178806815258,1271.9159,1301.5435,1283.3668871181067,2488.0,2465.0,2465.0,2529.4195853068986,2513.8528,2485.7554,2521.636184255012
5,2019-06-28,441.0,442.0,442.0,443.17206561005514,444.0422,450.62317,443.607135710301,792.0,787.0,787.0,793.7948850723371,794.5668,800.2436,794.1808287666373,1317.0,1286.0,1286.0,1322.0556843043241,1315.2241,1329.491,1318.639902699037,2557.0,2488.0,2488.0,2546.8531136865827,2512.0645,2488.0417,2529.458783405791
5,2019-07-01,439.0,441.0,441.0,442.92327917768273,440.20187,450.3648,441.5625764784898,796.0,792.0,792.0,800.6580499276627,801.616,803.17114,801.137038879847,1370.0,1317.0,1317.0,1347.755813043655,1351.1495,1343.5735,1349.4526745882338,2717.0,2557.0,2557.0,2636.408148162348,2642.7407,2547.6704,2639.574435409299
5,2019-07-02,440.0,439.0,439.0,440.9498541882023,437.4835,451.31598,439.2166720892184,803.0,796.0,796.0,805.3677808554041,801.87964,806.4708,803.6237097636396,1433.0,1370.0,1370.0,1426.7445451683222,1415.5979,1393.1487,1421.1712227794737,2939.0,2717.0,2717.0,2870.4224220581036,2844.2024,2728.0098,2857.3124073181143
5,2019-07-03,443.0,440.0,440.0,443.83672562981,440.46875,452.80182,442.152737814905,814.0,803.0,803.0,816.8359801329087,819.7346,817.9273,818.2852996367669,1569.0,1433.0,1433.0,1495.1247906698813,1483.0608,1448.7283,1489.0927908427532,3298.0,2939.0,2939.0,3098.7591549594285,3046.2637,2957.6006,3072.5114134172145
5,2019-07-04,448.0,443.0,443.0,449.38840056188985,447.02505,459.25253,448.20672774676524,820.0,814.0,814.0,835.2257113467458,827.6733,834.8661,831.4494950776698,1665.0,1569.0,1569.0,1705.7650862665228,1593.0498,1560.6157,1649.4074454770114,3346.0,3298.0,3298.0,3559.615828975813,3343.9385,3322.214,3451.7771527691566
5,2019-07-05,454.0,448.0,448.0,454.3220682523478,453.51297,464.04218,453.91751911152545,829.0,820.0,820.0,834.0588836173475,834.2403,837.3044,834.1495895137518,1695.0,1665.0,1665.0,1734.5825192334353,1673.9714,1609.3875,1704.276977390155,3260.0,3346.0,3346.0,3359.9738595491135,3389.8242,3313.2734,3374.8990391495568
5,2019-07-08,458.0,454.0,454.0,460.16059859865203,460.488,468.0734,460.3243025952245,835.0,829.0,829.0,842.1492335040696,844.61005,849.2111,843.3796399453942,1739.0,1695.0,1695.0,1699.0255027202504,1693.0476,1604.3549,1696.0365550710626,3343.0,3260.0,3260.0,3199.3140750799544,3216.5605,3152.1562,3207.937310977477
5,2019-07-09,463.0,458.0,458.0,464.7086477762362,463.89664,472.48166,464.3026423695634,845.0,835.0,835.0,847.7170075504831,853.21576,855.14105,850.4663834139135,1791.0,1739.0,1739.0,1776.6079325738042,1743.7543,1622.4612,1760.1811025173708,3361.0,3343.0,3343.0,3423.1108005758642,3380.453,3228.8406,3401.7818407176196
5,2019-07-10,468.0,463.0,463.0,470.6077635593264,471.43457,476.4258,471.0211669359132,860.0,845.0,845.0,859.952335548817,860.9075,869.33636,860.429903125971,1881.0,1791.0,1791.0,1836.187530618492,1763.0305,1651.6433,1799.6090240983085,3416.0,3361.0,3361.0,3374.9774053254623,3352.339,3237.0017,3363.6582583267937
5,2019-07-11,472.0,468.0,468.0,476.88728830345934,476.7148,482.86423,476.80105076794064,879.0,860.0,860.0,879.9369120950466,877.75287,886.7798,878.8448903736952,1945.0,1881.0,1881.0,1955.4553923229619,1842.5184,1715.7458,1898.9869124700747,3541.0,3416.0,3416.0,3468.1475364012376,3373.9453,3325.5132,3421.046424450619
5,2019-07-12,472.0,472.0,472.0,480.07695360488236,479.43542,489.9982,479.75618920478496,888.0,879.0,879.0,898.74909378677,900.79205,906.94385,899.7705735047132,1992.0,1945.0,1945.0,1985.7829972227573,1913.5013,1752.5839,1949.6421699980974,3724.0,3541.0,3541.0,3606.6936966947437,3634.06,3407.274,3620.3768776442466
5,2019-07-15,477.0,472.0,472.0,476.81097275490424,475.1517,489.64584,475.9813378178818,905.0,888.0,888.0,898.2547634770476,901.1186,908.2229,899.6866773928207,2052.0,1992.0,1992.0,2023.8747452942507,1955.1559,1777.3159,1989.5153145416566,3968.0,3724.0,3724.0,3788.3427303210447,3656.8508,3498.6133,3722.596780199585
5,2019-07-16,481.0,477.0,477.0,484.6814060902783,484.80704,494.16473,484.74422172189696,928.0,905.0,905.0,926.4121792149738,924.5033,929.23083,925.4577375567056,2085.0,2052.0,2052.0,2100.8534326408335,1988.8668,1830.2935,2044.860126964948,4095.0,3968.0,3968.0,4061.0044401273935,3959.95,3689.2393,4010.4771956496343
5,2019-07-17,486.0,481.0,481.0,487.7129859401779,489.41318,500.21014,488.5630817152061,953.0,928.0,928.0,950.8187722290588,950.6716,953.0725,950.7451710266388,2134.0,2085.0,2085.0,2109.4191948505754,1969.9857,1856.5205,2039.7024563120065,4256.0,4095.0,4095.0,4102.27505831839,4009.1716,3760.3213,4055.7233445888824
5,2019-07-18,492.0,486.0,486.0,493.66313285580026,493.5495,506.81625,493.60631618375953,982.0,953.0,953.0,977.3697059343674,977.39734,978.89496,977.3835224007775,2170.0,2134.0,2134.0,2175.319086012439,1993.3009,1890.7344,2084.309994666376,4379.0,4256.0,4256.0,4280.223421266618,4054.408,3850.0996,4167.315690125497
5,2019-07-19,497.0,492.0,492.0,499.78298082172284,500.90518,511.21777,500.34408135324423,1002.0,982.0,982.0,1007.2686589544742,999.5603,1005.4243,1003.4144808444246,2201.0,2170.0,2170.0,2195.381704680387,1991.7417,1917.3816,2093.5617019495685,4438.0,4379.0,4379.0,4361.956901739681,4030.0154,3856.559,4195.986141299528
5,2019-07-22,503.0,497.0,497.0,503.99585420479053,505.94177,517.9318,504.968813332864,1017.0,1002.0,1002.0,1023.3612946007569,1023.47406,1012.4923,1023.4176773296754,2219.0,2201.0,2201.0,2226.377864838071,1980.4839,1943.9,2103.4308757784106,4315.0,4438.0,4438.0,4432.726832899051,4048.8171,3897.9087,4240.771985785463
5,2019-07-23,506.0,503.0,503.0,510.2433884147799,510.01086,523.0249,510.1271263362962,1019.0,1017.0,1017.0,1032.867505107848,1039.9382,1020.03564,1036.4028687648615,2209.0,2219.0,2219.0,2228.3117149139416,1990.129,1942.251,2109.220371617127,3808.0,4315.0,4315.0,4177.785678582226,3877.2395,3770.9956,4027.5125902676755
5,2019-07-24,512.0,506.0,506.0,510.3758244577614,513.9441,523.963,512.1599581273182,1012.0,1019.0,1019.0,1019.4549398175932,1026.4836,1009.149,1022.9692911978591,2180.0,2209.0,2209.0,2189.5051323154835,1962.1233,1913.6283,2075.8142116655545,3609.0,3808.0,3808.0,3470.174318451822,3644.102,3323.4326,3557.138184616536
5,2019-07-25,515.0,512.0,512.0,518.1438905336904,518.91406,531.93787,518.5289765168452,1005.0,1012.0,1012.0,1013.0584750982922,1009.2491,999.5736,1011.1537797854742,2109.0,2180.0,2180.0,2148.2536482056344,1951.4701,1916.29,2049.861870489536,3647.0,3609.0,3609.0,3479.3233886777366,3572.4678,3356.8052,3525.895581057618
5,2019-07-26,516.0,515.0,515.0,518.1759132046573,523.78436,535.2425,520.980137998813,996.0,1005.0,1005.0,1002.108551812938,994.9482,992.872,998.5283664826409,2050.0,2109.0,2109.0,2043.2992982166274,1939.0802,1886.437,1991.18974920597,3660.0,3647.0,3647.0,3602.2339946176744,3669.5747,3507.525,3635.904350824462
5,2019-07-29,516.0,516.0,516.0,517.6111721854637,523.3925,537.40295,520.5018446376537,988.0,996.0,996.0,992.4212794925273,987.0726,988.2919,989.7469251466543,1969.0,2050.0,2050.0,2007.1484837737703,1950.4773,1857.751,1978.8128893478226,3664.0,3660.0,3660.0,3570.6882864008476,3671.5186,3582.2114,3621.103420544174
5,2019-07-30,516.0,516.0,516.0,516.3893217680521,521.781,539.7266,519.0851638137135,982.0,988.0,988.0,981.201725930437,977.7775,983.61035,979.4896263929529,1891.0,1969.0,1969.0,1900.17351712082,1895.5878,1812.4172,1897.8806428377538,3657.0,3664.0,3664.0,3569.2605643315064,3658.5042,3584.5977,3613.8823573610657
