date,actual_bdi_hsi,level_bdi_hsi,pred_bdi_hsi_persistence,pred_bdi_hsi_ma_3,pred_bdi_hsi_ma_5,pred_bdi_hsi_ma_10,pred_bdi_hsi_ma_21,pred_bdi_hsi_ridge_alpha_0.1,pred_bdi_hsi_ridge_alpha_1.0,pred_bdi_hsi_ridge_alpha_10.0,pred_bdi_hsi_ridge_alpha_100.0,actual_bdi_si,level_bdi_si,pred_bdi_si_persistence,pred_bdi_si_ma_3,pred_bdi_si_ma_5,pred_bdi_si_ma_10,pred_bdi_si_ma_21,pred_bdi_si_ridge_alpha_0.1,pred_bdi_si_ridge_alpha_1.0,pred_bdi_si_ridge_alpha_10.0,pred_bdi_si_ridge_alpha_100.0,actual_bdi_pi,level_bdi_pi,pred_bdi_pi_persistence,pred_bdi_pi_ma_3,pred_bdi_pi_ma_5,pred_bdi_pi_ma_10,pred_bdi_pi_ma_21,pred_bdi_pi_ridge_alpha_0.1,pred_bdi_pi_ridge_alpha_1.0,pred_bdi_pi_ridge_alpha_10.0,pred_bdi_pi_ridge_alpha_100.0,actual_bdi_ci,level_bdi_ci,pred_bdi_ci_persistence,pred_bdi_ci_ma_3,pred_bdi_ci_ma_5,pred_bdi_ci_ma_10,pred_bdi_ci_ma_21,pred_bdi_ci_ridge_alpha_0.1,pred_bdi_ci_ridge_alpha_1.0,pred_bdi_ci_ridge_alpha_10.0,pred_bdi_ci_ridge_alpha_100.0
2018-03-13,622.0,617.0,617.0,614.3333333333334,609.8,595.6,558.2857142857143,619.1799870008166,619.2303875185328,618.7516970570334,617.0909720500027,1061.0,1049.0,1049.0,1040.3333333333333,1033.4,1015.5,935.0952380952381,1051.8231026925632,1051.4750881296943,1052.3402837682918,1051.3786049440596,1623.0,1623.0,1623.0,1620.6666666666667,1601.0,1555.3,1451.7619047619048,1614.2447588492437,1613.2547194228716,1612.5527104759944,1603.2642842059336,1312.0,1362.0,1362.0,1422.0,1450.0,1515.4,1602.5238095238096,1357.4829504152658,1358.8258154370037,1353.0677120523537,1362.0239771717925
2018-03-14,626.0,622.0,622.0,618.0,614.4,602.1,563.2380952380952,626.2541674907241,626.6056779275319,626.2568695379653,623.9428514223945,1077.0,1061.0,1061.0,1050.0,1041.6,1024.3,946.7142857142857,1068.5486031897244,1067.88220306196,1068.756677451469,1067.4995242532038,1619.0,1623.0,1623.0,1623.3333333333333,1615.0,1566.3,1470.5714285714287,1617.0775124299148,1616.6895593559893,1616.492226644774,1609.8642449293395,1238.0,1312.0,1312.0,1366.3333333333333,1413.4,1490.6,1579.6190476190477,1308.8411433040096,1311.0250157538517,1314.226770859881,1328.9906080040344
2018-03-15,627.0,626.0,626.0,621.6666666666666,618.2,606.8,568.4761904761905,629.7280841500075,629.4541892497807,629.3399675975081,627.5178131732557,1091.0,1077.0,1077.0,1062.3333333333333,1051.8,1032.8,958.8095238095239,1085.7336088680418,1085.1635231070518,1086.0522706056909,1084.8382879457386,1618.0,1619.0,1619.0,1621.6666666666667,1620.8,1577.7,1489.047619047619,1610.3881649638774,1610.211116440146,1609.8514486755025,1602.4985320162625,1203.0,1238.0,1238.0,1304.0,1363.2,1457.6,1556.6190476190477,1262.5192844676835,1257.146164964353,1252.388597206962,1263.8058637897955
2018-03-16,629.0,627.0,627.0,625.0,621.4,610.9,573.8095238095239,629.0627780163395,629.0684324732166,629.1280216724914,627.7984817132408,1099.0,1091.0,1091.0,1076.3333333333333,1063.6,1041.5,971.1428571428571,1097.195394742018,1096.8132429985767,1098.0242621993227,1098.09797714617,1621.0,1618.0,1618.0,1620.0,1621.4,1589.5,1506.5238095238096,1616.7445914419995,1615.7980960032246,1613.9173230793403,1602.748184594086,1171.0,1203.0,1203.0,1251.0,1308.0,1418.7,1534.7142857142858,1274.798939802571,1272.859301646793,1263.6114158279565,1271.685854865823
2018-03-19,630.0,629.0,629.0,627.3333333333334,624.2,614.8,579.2380952380952,631.644858601295,631.9514004936945,632.1447335156756,630.3883610504599,1109.0,1099.0,1099.0,1089.0,1075.4,1050.8,983.6190476190476,1101.8967121853802,1101.6125292140318,1102.7655486624112,1103.0107004538945,1615.0,1621.0,1621.0,1619.3333333333333,1620.8,1601.4,1523.095238095238,1621.7039421316315,1621.582793480603,1619.5215294545021,1606.8620312617131,1112.0,1171.0,1171.0,1204.0,1257.2,1376.1,1513.904761904762,1193.3179464796517,1196.5394052991273,1195.9696826396007,1214.0287062835187
2018-03-20,634.0,630.0,630.0,628.6666666666666,626.8,618.3,584.6190476190476,632.3981480350833,632.8891560101647,633.2465960114399,632.0189655773269,1117.0,1109.0,1109.0,1099.6666666666667,1087.4,1060.4,996.4285714285714,1111.2757737389084,1111.9911830369012,1113.817703575348,1112.807716132914,1606.0,1615.0,1615.0,1618.0,1619.2,1610.1,1538.3809523809523,1605.030256093406,1605.454663131045,1604.0458855532302,1594.7630765754434,1109.0,1112.0,1112.0,1162.0,1207.2,1328.6,1490.8095238095239,1122.7507594417461,1125.9940745512865,1123.6614168601668,1134.9553363575296
2018-03-21,639.0,634.0,634.0,631.0,629.2,621.8,590.0952380952381,637.7574616112687,637.9038037337198,638.0134024477769,636.772718068989,1122.0,1117.0,1117.0,1108.3333333333333,1098.6,1070.1,1009.2857142857143,1120.8829468471063,1121.7153656321536,1123.06311391378,1121.7010922213142,1593.0,1606.0,1606.0,1614.0,1615.8,1615.4,1551.3809523809523,1595.3342440765955,1594.3397519690511,1592.7743887866843,1585.4359485278253,1129.0,1109.0,1109.0,1130.6666666666667,1166.6,1290.0,1463.7142857142858,1173.9986931550866,1170.6672550703554,1167.301798124606,1179.688538278348
2018-03-22,641.0,639.0,639.0,634.3333333333334,631.8,625.0,595.6666666666666,642.8929359699621,642.5886165713562,642.478296881289,641.0631336442219,1121.0,1122.0,1122.0,1116.0,1107.6,1079.7,1021.952380952381,1123.881570469975,1123.7825334356055,1124.7530889157,1124.1411233447684,1587.0,1593.0,1593.0,1604.6666666666667,1610.6,1615.7,1561.142857142857,1576.9790286836724,1576.9073698355319,1575.2859819204245,1567.908626396058,1157.0,1129.0,1129.0,1116.6666666666667,1144.8,1254.0,1435.7142857142858,1182.8694808389525,1181.0291811417046,1182.1133705070852,1198.7876672899904
2018-03-23,645.0,641.0,641.0,638.0,634.6,628.0,601.0,643.948508043485,643.5745363693452,643.3228736422781,642.1504140743747,1116.0,1121.0,1121.0,1120.0,1113.6,1088.6,1033.857142857143,1119.4857989945856,1119.3246049743195,1119.9719220907562,1118.8613136240238,1575.0,1587.0,1587.0,1595.3333333333333,1604.4,1612.9,1568.2380952380952,1576.7487003862395,1576.6232015435953,1573.70725492105,1561.0550827470793,1197.0,1157.0,1157.0,1131.6666666666667,1135.6,1221.8,1408.6666666666667,1194.7748234739117,1194.3343211415565,1187.3822078729543,1197.2554491297021
2018-03-26,648.0,645.0,645.0,641.6666666666666,637.8,631.0,606.2857142857143,648.340152783535,648.2759335077762,648.1712682614336,646.880600487352,1106.0,1116.0,1116.0,1119.6666666666667,1117.0,1096.2,1044.5238095238096,1113.3294902884056,1113.9747204975224,1114.4180317415796,1113.5573173243486,1552.0,1575.0,1575.0,1585.0,1595.2,1608.0,1572.7142857142858,1555.959001022634,1555.6163884585503,1552.5855794945942,1540.6798497991808,1191.0,1197.0,1197.0,1161.0,1140.8,1199.0,1383.6666666666667,1221.8730080111404,1217.7507605188032,1211.182178219451,1219.2427325070166
2018-03-27,650.0,648.0,648.0,644.6666666666666,641.4,634.1,611.5238095238095,650.4931191050609,650.766781237337,650.7540947411062,649.3478905905948,1093.0,1106.0,1106.0,1114.3333333333333,1116.4,1101.9,1053.4285714285713,1099.1517132784197,1100.1756390245762,1100.2660661671314,1099.0653206156703,1520.0,1552.0,1552.0,1571.3333333333333,1582.6,1600.9,1575.0,1523.5836686604894,1522.1218169950075,1518.8023482400304,1506.4400909545468,1065.0,1191.0,1191.0,1181.6666666666667,1156.6,1181.9,1360.3809523809523,1178.3468016404431,1179.6491348059856,1179.6743906577526,1191.6000112162037
2018-03-28,652.0,650.0,650.0,647.6666666666666,644.6,636.9,616.5238095238095,651.0995555822692,651.0171000757953,650.7773386219201,648.8806209873445,1080.0,1093.0,1093.0,1105.0,1111.6,1105.1,1060.3333333333333,1081.4736988431514,1082.0941177556824,1081.8241083630724,1081.8955105104571,1495.0,1520.0,1520.0,1549.0,1565.4,1590.6,1575.3333333333333,1484.4761076915186,1482.1697854323052,1478.753414837634,1466.917237174046,1010.0,1065.0,1065.0,1151.0,1147.8,1157.2,1335.142857142857,984.275808641683,983.9157814828576,987.60155372018,992.9158550567116
2018-03-29,650.0,652.0,652.0,650.0,647.2,639.5,621.047619047619,652.4425379379595,652.270341061381,651.7161166795463,649.5329026880958,1067.0,1080.0,1080.0,1093.0,1103.2,1105.4,1065.4285714285713,1069.5921827047296,1069.7143010616294,1069.294752418763,1069.2450427139966,1455.0,1495.0,1495.0,1522.3333333333333,1545.8,1578.2,1574.4761904761904,1474.1140483370968,1472.3100669638038,1468.654953292617,1456.7151176847779,924.0,1010.0,1010.0,1088.6666666666667,1124.0,1134.4,1308.952380952381,1044.341065799876,1038.189883568336,1035.5968482913686,1036.1032672075116
2018-04-03,648.0,650.0,650.0,650.6666666666666,649.0,641.8,624.4285714285714,648.138703054389,647.8665511539047,646.6007098061305,642.6915176388843,1056.0,1067.0,1067.0,1080.0,1092.4,1103.0,1069.0,1052.2558448415216,1051.8060674202006,1051.8383221787713,1054.0495729796999,1397.0,1455.0,1455.0,1490.0,1519.4,1561.9,1572.095238095238,1416.091467448156,1415.5740555747702,1414.0051537151417,1404.1377866612127,841.0,924.0,924.0,999.6666666666666,1077.4,1106.5,1278.2857142857142,892.5825035727603,898.2850641420722,902.5551733030254,901.434474992849
2018-04-04,644.0,648.0,648.0,650.0,649.6,643.7,627.3809523809524,645.2053058141688,645.2994433674888,643.9860508723517,639.6093720601925,1042.0,1056.0,1056.0,1067.6666666666667,1080.4,1098.7,1071.4761904761904,1040.5901442554828,1039.8794569867814,1039.4544236846777,1041.0907087724775,1343.0,1397.0,1397.0,1449.0,1483.8,1539.5,1567.1904761904761,1341.9394878756557,1340.507770887341,1340.928387261254,1339.2352508866338,809.0,841.0,841.0,925.0,1006.2,1073.5,1242.5238095238096,803.2418999287748,801.7025224448541,795.5933675780273,784.4640862862851
2018-04-05,643.0,644.0,644.0,647.3333333333334,648.8,645.1,629.952380952381,639.2662312874515,639.5842167029798,638.2614037204685,634.3596602615117,1032.0,1042.0,1042.0,1055.0,1067.6,1092.0,1073.1904761904761,1024.4841884084422,1024.0339809579075,1024.2321338059191,1027.3686476820772,1317.0,1343.0,1343.0,1398.3333333333333,1442.0,1512.3,1559.6190476190477,1298.8165573667225,1298.1722753554745,1299.035841174505,1298.4798870526724,824.0,809.0,809.0,858.0,929.8,1043.2,1205.0,841.8215349676968,839.6849329697399,829.9105686405395,812.7381204863332
2018-04-06,638.0,643.0,643.0,645.0,647.4,646.0,632.2380952380952,639.5608908702295,639.8558955125014,638.5758357515437,634.5588295917582,1024.0,1032.0,1032.0,1043.3333333333333,1055.4,1083.5,1074.095238095238,1022.6676532335978,1022.5540951686696,1022.7181534236076,1024.5094761801324,1315.0,1317.0,1317.0,1352.3333333333333,1401.4,1483.4,1549.5714285714287,1301.4404369916895,1302.3212630606142,1302.31522098331,1299.258099933942,854.0,824.0,824.0,824.6666666666666,881.6,1014.7,1168.6666666666667,897.7186961655216,897.2303955594014,900.0052351356862,901.0028835196979
2018-04-09,636.0,638.0,638.0,641.6666666666666,644.6,645.9,634.0952380952381,633.5800107652553,632.9055555004286,631.5615841464962,629.108344777328,1016.0,1024.0,1024.0,1032.6666666666667,1044.2,1073.7,1074.2857142857142,1015.4114362763279,1015.3521593847242,1015.9517438435048,1017.7098025881243,1319.0,1315.0,1315.0,1325.0,1365.4,1455.6,1538.2380952380952,1321.7809808179213,1322.4079720968884,1320.0808693156855,1309.8138208020532,930.0,854.0,854.0,829.0,850.4,987.2,1138.142857142857,951.345841477426,948.8382553729577,945.0249814156036,943.6496496778635
2018-04-10,634.0,636.0,636.0,639.0,641.8,645.4,635.4761904761905,632.7615448650524,632.6068019701639,631.1523534001371,629.2412417313268,1014.0,1016.0,1016.0,1024.0,1034.0,1063.2,1073.8095238095239,1010.5248701135208,1010.4845595545287,1011.2267246195311,1011.6381179063126,1325.0,1319.0,1319.0,1317.0,1338.2,1428.8,1525.3333333333333,1326.6026880518343,1326.4442432767908,1323.7619612382255,1313.227118011185,940.0,930.0,930.0,869.3333333333334,851.6,964.5,1111.5238095238096,1054.3233007924332,1057.5539446912244,1060.1646923395733,1071.1426688294844
2018-04-11,630.0,634.0,634.0,636.0,639.0,644.3,636.5714285714286,631.9546255215278,631.7744423109491,630.3711332318442,628.2975642756097,1014.0,1014.0,1014.0,1018.0,1025.6,1053.0,1072.952380952381,1013.3463312024176,1013.9619919033875,1015.0858881768488,1014.5303958411387,1335.0,1325.0,1325.0,1319.6666666666667,1323.8,1403.8,1511.5238095238096,1330.8052075352193,1331.490514990398,1329.5823930065167,1318.5891641257904,982.0,940.0,940.0,908.0,871.4,938.8,1085.857142857143,991.8427725526954,999.4860261193277,1006.5792199201866,1025.7755638340932
2018-04-12,628.0,630.0,630.0,633.3333333333334,636.2,642.5,637.2857142857143,628.1427976378461,627.8671174941571,626.743635451387,625.6095450067569,1013.0,1014.0,1014.0,1014.6666666666666,1020.0,1043.8,1071.7142857142858,1014.1081414561431,1015.4245037967216,1016.8068611117283,1016.2640820355646,1351.0,1335.0,1335.0,1326.3333333333333,1322.2,1382.1,1497.7619047619048,1347.4541142392832,1346.9256981856452,1343.3255157165756,1328.34214177097,1038.0,982.0,982.0,950.6666666666666,906.0,917.9,1064.7619047619048,1074.711431938582,1080.6413430857813,1089.3915457994988,1123.0061935517579
2018-04-13,626.0,628.0,628.0,630.6666666666666,633.2,640.3,637.8095238095239,626.994075738584,626.6974606127411,626.033495862988,624.9193783528854,1016.0,1013.0,1013.0,1013.6666666666666,1016.2,1035.8,1070.0,1016.3358362963525,1016.2592636299518,1016.8960578577373,1015.7777335368431,1359.0,1351.0,1351.0,1337.0,1329.0,1365.2,1484.8095238095239,1365.344550862098,1364.336288307745,1360.8390849737314,1345.5418077634001,1061.0,1038.0,1038.0,986.6666666666666,948.8,915.2,1049.3333333333333,1142.9373805873656,1148.8746295822323,1157.703830281746,1194.4858290412576
2018-04-16,626.0,626.0,626.0,628.0,630.8,637.7,638.0,626.0482963610821,625.9883826775122,625.6608888497701,625.0604782157499,1018.0,1016.0,1016.0,1014.3333333333334,1014.6,1029.4,1067.857142857143,1020.5936329008408,1020.6645975519259,1021.6530436193868,1021.964959963825,1353.0,1359.0,1359.0,1348.3333333333333,1337.8,1351.6,1472.2380952380952,1363.652036864434,1363.0270598552331,1359.6936162306758,1346.384062112199,1152.0,1061.0,1061.0,1027.0,990.2,920.3,1037.3809523809523,1116.8271516351078,1120.51467954876,1127.0389544137568,1158.6010149454078
2018-04-17,626.0,626.0,626.0,626.6666666666666,628.8,635.3,638.0,625.8428960533131,625.6515433834097,625.2039376916756,624.4446027956936,1022.0,1018.0,1018.0,1015.6666666666666,1015.0,1024.5,1065.047619047619,1024.136993009176,1024.3160356060748,1025.3176718747725,1025.863385974088,1329.0,1353.0,1353.0,1354.3333333333333,1344.6,1341.4,1459.5714285714287,1349.163512916303,1347.5652360600195,1344.5474287917295,1333.240927924246,1402.0,1152.0,1152.0,1083.6666666666667,1034.6,943.1,1033.2857142857142,1279.6227920843899,1281.1176703431688,1284.1191041817706,1314.1855759869295
2018-04-18,623.0,626.0,626.0,626.0,627.2,633.1,637.952380952381,625.4197425279505,625.2442966809375,624.5773478149874,623.5589367172589,1022.0,1022.0,1022.0,1018.6666666666666,1016.6,1021.1,1061.7619047619048,1027.6779167618379,1028.1049684824607,1029.9779435615524,1032.508537256969,1306.0,1329.0,1329.0,1347.0,1345.4,1334.6,1445.8095238095239,1312.5036355295056,1311.7417704294521,1309.5428401925326,1301.3318705369272,1668.0,1402.0,1402.0,1205.0,1127.0,999.2,1042.7619047619048,1640.7709235401521,1649.9977793952696,1667.2616437696493,1689.1845932576807
2018-04-19,621.0,623.0,623.0,625.0,625.8,631.0,637.6666666666666,621.1358721495078,621.2140171142187,620.9201962275122,619.8692654208648,1025.0,1022.0,1022.0,1020.6666666666666,1018.2,1019.1,1058.095238095238,1019.9029523956307,1020.9669190680174,1023.4602957282515,1026.916028211092,1289.0,1306.0,1306.0,1329.3333333333333,1339.6,1330.9,1430.8095238095239,1296.1118381210704,1295.7323813007326,1292.8840619755424,1280.3743062356862,1915.0,1668.0,1668.0,1407.3333333333333,1264.2,1085.1,1066.4285714285713,1885.511567732005,1894.3668991556337,1904.8039362664383,1920.8245826832263
2018-04-20,621.0,621.0,621.0,623.3333333333334,624.4,628.8,637.2380952380952,619.957370378574,620.4333134530049,620.5601844177453,618.7758606080668,1027.0,1025.0,1025.0,1023.0,1020.6,1018.4,1054.095238095238,1026.2386812853772,1027.1620264714313,1028.814029868275,1030.4680280221683,1281.0,1289.0,1289.0,1308.0,1327.2,1328.1,1415.2857142857142,1277.8563359601508,1277.7179055549384,1275.170571849561,1266.8672657156737,2009.0,1915.0,1915.0,1661.6666666666667,1439.6,1194.2,1104.6666666666667,2115.71486656744,2110.026996267048,2102.2911510158565,2101.6689133023774
2018-04-23,617.0,621.0,621.0,621.6666666666666,623.4,627.1,636.6190476190476,621.3544338149529,621.9293969703865,622.1096798030368,620.074506915946,1030.0,1027.0,1027.0,1024.6666666666667,1022.8,1018.7,1049.8095238095239,1028.4397956885814,1028.417148375866,1029.365590684684,1030.9459058495172,1269.0,1281.0,1281.0,1292.0,1311.6,1324.7,1399.8095238095239,1278.0291479195666,1276.733266623913,1273.5531077543592,1265.5684263253313,2130.0,2009.0,2009.0,1864.0,1629.2,1309.7,1147.5238095238096,2106.40989781216,2101.343872479679,2094.2170202465277,2098.235940354517
2018-04-24,614.0,617.0,617.0,619.6666666666666,621.6,625.2,635.5714285714286,615.3026582726666,615.1703780677265,615.0149477152779,613.7421437597822,1037.0,1030.0,1030.0,1027.3333333333333,1025.2,1020.1,1045.4285714285713,1030.8607019639335,1030.7449994335873,1031.4495779833044,1033.4371969370652,1264.0,1269.0,1269.0,1279.6666666666667,1294.8,1319.7,1384.3809523809523,1264.1462345057248,1262.9859955727024,1259.6228394174593,1252.9272977990183,2314.0,2130.0,2130.0,2018.0,1824.8,1429.7,1195.1904761904761,2301.8854651644224,2292.8542801931103,2280.937537179414,2274.773511033632
2018-04-25,610.0,614.0,614.0,617.3333333333334,619.2,623.2,634.2857142857143,612.6242082561947,612.9594301997598,612.8545132875589,612.0001855240696,1040.0,1037.0,1037.0,1031.3333333333333,1028.2,1022.4,1041.4285714285713,1042.6299023794575,1042.6160609729093,1042.5575362242544,1042.909017524641,1272.0,1264.0,1264.0,1271.3333333333333,1281.8,1313.6,1369.0,1270.9271306693895,1270.1701626563984,1268.8928458023186,1263.487862737869,2306.0,2314.0,2314.0,2151.0,2007.2,1567.1,1250.2857142857142,2500.06164153235,2493.5214575892583,2482.8349365147697,2465.2397292610117
2018-04-26,605.0,610.0,610.0,613.6666666666666,616.6,621.2,632.6190476190476,608.0045728271439,608.4391298195708,608.486608789427,607.735541342721,1042.0,1040.0,1040.0,1035.6666666666667,1031.8,1025.0,1037.8095238095239,1043.6655138539868,1043.014424603493,1042.2976399691972,1042.4029534218134,1275.0,1272.0,1272.0,1268.3333333333333,1275.0,1307.3,1354.5714285714287,1284.8227020627794,1285.5869636615394,1285.0930707224209,1277.1131823218734,2251.0,2306.0,2306.0,2250.0,2134.8,1699.5,1303.095238095238,2380.679361933102,2374.8292267182396,2353.04727096498,2319.2677028383673
2018-04-27,603.0,605.0,605.0,609.6666666666666,613.4,618.9,630.5714285714286,602.3693234715897,602.3896137224411,602.325631406673,601.9836559835169,1045.0,1042.0,1042.0,1039.6666666666667,1035.2,1027.9,1034.7619047619048,1042.9707109535263,1042.2418394954716,1041.3069414914262,1041.2124882099945,1276.0,1275.0,1275.0,1270.3333333333333,1272.2,1299.7,1341.3809523809523,1278.8893064998342,1278.9526357755908,1277.6470640700643,1270.9491127415865,2173.0,2251.0,2251.0,2290.3333333333335,2202.0,1820.8,1353.5714285714287,2299.9590081511997,2289.99744084538,2262.5881582921534,2220.2536288942383
2018-04-30,601.0,603.0,603.0,606.0,609.8,616.6,628.3333333333334,601.7986926972205,601.7848132843196,601.4749935497273,600.975140460398,1043.0,1045.0,1045.0,1042.3333333333333,1038.8,1030.8,1032.4761904761904,1047.1387011367806,1047.1713595863207,1046.5103533476909,1044.1324456598752,1271.0,1276.0,1276.0,1274.3333333333333,1271.2,1291.4,1329.7619047619048,1281.8317047560574,1279.5766747851744,1277.6776815468882,1274.2261829580448,2136.0,2173.0,2173.0,2243.3333333333335,2234.8,1932.0,1406.3333333333333,2188.5920596862516,2196.397055495053,2198.651355646551,2172.5016625900244
2018-05-01,597.0,601.0,601.0,603.0,606.6,614.1,625.9047619047619,600.0381863805356,599.7293601473846,599.2018761533589,598.8143582304272,1043.0,1043.0,1043.0,1043.3333333333333,1041.4,1033.3,1030.7142857142858,1044.0461596904672,1043.9195956174367,1043.1874930652232,1041.2334261030646,1271.0,1271.0,1271.0,1274.0,1271.6,1283.2,1319.095238095238,1270.623240623382,1269.9726224017575,1268.961903572175,1266.7483973486558,2197.0,2136.0,2136.0,2186.6666666666665,2236.0,2030.4,1459.952380952381,2166.682342849464,2174.3132535357613,2177.6843589334867,2157.6560620221985
2018-05-02,591.0,597.0,597.0,600.3333333333334,603.2,611.2,623.3809523809524,595.6546468619914,595.0604594876609,594.5374470706677,595.0243608658143,1047.0,1043.0,1043.0,1043.6666666666667,1042.6,1035.4,1029.5714285714287,1044.4760777625563,1044.590718474998,1044.0762668208824,1041.1632805312963,1266.0,1271.0,1271.0,1272.6666666666667,1273.0,1277.4,1310.3333333333333,1280.2950842078035,1279.4713005226345,1278.7201095441549,1274.6032228996382,2308.0,2197.0,2197.0,2168.6666666666665,2212.6,2109.9,1520.5714285714287,2285.686044059483,2283.1011483572283,2276.8086955866943,2260.083132219948
2018-05-03,589.0,591.0,591.0,596.3333333333334,599.4,608.0,620.6666666666666,588.3020381870248,587.887319789834,587.6779860128373,588.9149560405057,1050.0,1047.0,1047.0,1044.3333333333333,1044.0,1037.9,1029.142857142857,1048.9536889861938,1048.7693497106227,1048.5675648272136,1045.3145644193626,1265.0,1266.0,1266.0,1269.3333333333333,1271.8,1273.4,1304.095238095238,1268.0514771084918,1267.8687844508008,1267.6499620631557,1264.6760524055987,2337.0,2308.0,2308.0,2213.6666666666665,2213.0,2173.9,1590.4285714285713,2418.9187755889207,2412.094313322442,2400.576180178001,2385.8435700094783
2018-05-04,585.0,589.0,589.0,592.3333333333334,596.2,604.8,618.047619047619,587.706203255328,588.2295848731505,588.4372018086384,589.4559510288666,1051.0,1050.0,1050.0,1046.6666666666667,1045.6,1040.4,1029.5238095238096,1054.1147454189208,1053.229539363994,1052.9235762275123,1050.0278274531206,1257.0,1265.0,1265.0,1267.3333333333333,1269.8,1271.0,1300.3809523809523,1268.5255377307517,1268.1299691856307,1268.717040122959,1268.437281391654,2482.0,2337.0,2337.0,2280.6666666666665,2230.2,2216.1,1663.1904761904761,2370.2982933295443,2366.044285939563,2357.5458554155016,2363.733104727219
2018-05-08,585.0,585.0,585.0,588.3333333333334,592.6,601.2,615.2857142857143,583.6173084399925,583.3034741501239,583.192570020762,584.5355525790189,1048.0,1051.0,1051.0,1049.3333333333333,1046.8,1042.8,1030.4285714285713,1052.3921478046568,1051.573402823309,1051.351696677949,1048.9733545752429,1253.0,1257.0,1257.0,1262.6666666666667,1266.0,1268.6,1297.5238095238096,1259.1031902448938,1258.70394100761,1258.4755316462326,1259.7523344279641,2616.0,2482.0,2482.0,2375.6666666666665,2292.0,2263.4,1742.142857142857,2580.8643082735325,2579.2173577903086,2578.3337886160684,2581.939675500027
2018-05-09,584.0,585.0,585.0,586.3333333333334,589.4,598.0,612.7619047619048,585.7043351463706,585.5303384365349,585.1937679022676,586.8001844383524,1052.0,1048.0,1048.0,1049.6666666666667,1047.8,1044.6,1031.5714285714287,1053.8210457144405,1054.0879132435741,1054.1770071866113,1051.409773563135,1246.0,1253.0,1253.0,1258.3333333333333,1262.4,1267.0,1294.5714285714287,1260.9425216402537,1259.7969900740661,1260.7217864616323,1264.2026779292569,2565.0,2616.0,2616.0,2478.3333333333335,2388.0,2312.0,1826.047619047619,2703.3812087940514,2710.769149833065,2723.336855323426,2736.1736814355045
2018-05-10,584.0,584.0,584.0,584.6666666666666,586.8,595.0,610.2857142857143,584.6552702718425,584.173007578283,583.8408385168299,584.9450423689119,1053.0,1052.0,1052.0,1050.3333333333333,1049.6,1046.1,1033.2857142857142,1059.3917289238445,1060.0993128329155,1060.98890574155,1059.5791458959643,1245.0,1246.0,1246.0,1252.0,1257.4,1265.2,1291.095238095238,1245.2402573596592,1245.6148846544436,1246.5237928486258,1248.0726251674016,2630.0,2565.0,2565.0,2554.3333333333335,2461.6,2337.1,1903.904761904762,2547.688787621316,2548.7873027049977,2551.0892393961317,2575.5573175329228
2018-05-11,585.0,584.0,584.0,584.3333333333334,585.4,592.4,607.9047619047619,585.4234525364107,585.3685135471511,585.2431411938367,586.1883792255334,1055.0,1053.0,1053.0,1051.0,1050.8,1047.4,1035.142857142857,1058.0541694969381,1058.1918517962165,1058.4547793529662,1057.133748110386,1240.0,1245.0,1245.0,1248.0,1253.2,1262.5,1287.2857142857142,1251.8567101018118,1251.0586490529427,1251.1769309247284,1252.7068416653856,2635.0,2630.0,2630.0,2603.6666666666665,2526.0,2369.5,1984.3809523809523,2696.152205077728,2688.951776751678,2681.850414185778,2694.6014245219676
2018-05-14,586.0,585.0,585.0,584.3333333333334,584.6,590.4,605.7619047619048,587.3356384643834,587.0686060693066,586.9878681315206,587.5309097256495,1053.0,1055.0,1055.0,1053.3333333333333,1051.8,1048.7,1037.095238095238,1060.6906410599618,1060.1264966254544,1059.9708372133305,1057.8423483652816,1237.0,1240.0,1240.0,1243.6666666666667,1248.2,1259.0,1282.7619047619048,1239.0411207162676,1238.1293393293086,1238.7743588234978,1242.1070605662558,2602.0,2635.0,2635.0,2610.0,2585.6,2407.9,2063.095238095238,2619.7724749944186,2620.4169712206262,2629.344133489771,2640.353034452184
2018-05-15,587.0,586.0,586.0,585.0,584.8,588.7,603.7619047619048,587.9353291209416,587.9753925613759,588.161325029395,588.9171672629942,1056.0,1053.0,1053.0,1053.6666666666667,1052.2,1049.5,1039.0,1055.0084628233653,1054.8036124444873,1054.6819397000154,1052.904507076551,1237.0,1237.0,1237.0,1240.6666666666667,1244.2,1255.1,1277.3333333333333,1237.7184819195522,1237.1516569450746,1237.3244501899153,1237.9130411495096,2407.0,2602.0,2602.0,2622.3333333333335,2609.6,2450.8,2137.5714285714284,2581.7464455109557,2573.541147229131,2564.5844546776043,2562.237211427754
2018-05-16,589.0,587.0,587.0,586.0,585.2,587.3,601.9047619047619,588.8733556843366,588.772350138068,588.9287838992913,588.7805616321914,1064.0,1056.0,1056.0,1054.6666666666667,1053.8,1050.8,1040.904761904762,1057.8538058917657,1058.8465269432857,1059.629333127536,1057.754987550497,1239.0,1237.0,1237.0,1238.0,1241.0,1251.7,1271.5238095238096,1239.5715661240208,1239.0791325371356,1237.5257355158574,1234.0008375348893,2106.0,2407.0,2407.0,2548.0,2567.8,2477.9,2201.6666666666665,2318.9519766885414,2311.491074588601,2303.59613635146,2304.1403931978653
2018-05-17,590.0,589.0,589.0,587.3333333333334,586.2,586.5,600.1428571428571,592.132481080488,592.1615630510904,591.7520287891941,589.9956712966685,1069.0,1064.0,1064.0,1057.6666666666667,1056.2,1052.9,1043.095238095238,1071.6267557023803,1071.3533221963871,1071.3034279565989,1069.068122400392,1241.0,1239.0,1239.0,1237.6666666666667,1239.6,1248.5,1266.095238095238,1244.4611142617414,1243.9209471552194,1241.9465481870564,1238.9210788046155,2053.0,2106.0,2106.0,2371.6666666666665,2476.0,2468.8,2247.095238095238,2003.2610093447593,1995.3458975861147,1992.703504215282,2007.8802461693522
2018-05-18,591.0,590.0,590.0,588.6666666666666,587.4,586.4,598.4285714285714,592.4886775176927,592.3422465561916,591.6889615660737,589.6938229405654,1071.0,1069.0,1069.0,1063.0,1059.4,1055.1,1045.3333333333333,1075.641737025568,1074.7845162376616,1073.9563394727102,1072.7727176910762,1243.0,1241.0,1241.0,1239.0,1238.8,1246.0,1261.904761904762,1249.8025151325471,1248.6907726577124,1246.751151689691,1245.2502197149522,1957.0,2053.0,2053.0,2188.6666666666665,2360.6,2443.3,2278.095238095238,2097.340778103342,2090.474853848276,2082.986861804308,2085.3897103724194
2018-05-21,590.0,591.0,591.0,590.0,588.6,586.6,596.9047619047619,593.0612514562728,592.9033058577913,592.2011853321036,589.9281186062827,1074.0,1071.0,1071.0,1068.0,1062.6,1057.2,1047.6666666666667,1076.3990089406004,1075.4166730891043,1074.803701619338,1074.0423912735203,1239.0,1243.0,1243.0,1241.0,1239.4,1243.8,1258.904761904762,1251.5370870544218,1251.1103209041648,1251.2584102313365,1251.2456600578048,1854.0,1957.0,1957.0,2038.6666666666667,2225.0,2405.3,2291.8571428571427,1929.2543780592346,1929.7909420220215,1926.7551845302744,1921.6501814081437
2018-05-22,591.0,590.0,590.0,590.3333333333334,589.4,587.1,595.4285714285714,590.35641586719,590.344797231023,589.7329140764834,587.5262233793638,1074.0,1074.0,1074.0,1071.3333333333333,1066.8,1059.5,1050.0,1076.9557441354868,1077.4137368984648,1077.4779341516228,1076.956349084358,1222.0,1239.0,1239.0,1241.0,1239.8,1242.0,1256.5238095238096,1240.481429258383,1240.9298070896293,1241.3188633551686,1242.8096544371497,1759.0,1854.0,1854.0,1954.6666666666667,2075.4,2342.5,2288.9523809523807,1839.9148853102615,1831.5754925036786,1813.105591192286,1801.5864751715428
2018-05-23,590.0,591.0,591.0,590.6666666666666,590.2,587.7,594.0,592.0630006521953,592.1554447202999,591.3191413751368,588.6828263010809,1074.0,1074.0,1074.0,1073.0,1070.4,1062.1,1052.2380952380952,1076.618991379171,1077.443637242419,1077.3443419323914,1075.3878538864433,1202.0,1222.0,1222.0,1234.6666666666667,1236.8,1238.9,1253.7142857142858,1212.3175584409073,1212.0085100097897,1212.2013220273896,1216.2030753380893,1551.0,1759.0,1759.0,1856.6666666666667,1945.8,2256.8,2277.0476190476193,1722.7696796089938,1727.803210834397,1729.9179458809926,1736.7185760012333
2018-05-24,587.0,590.0,590.0,590.3333333333334,590.4,588.3,592.7142857142857,589.9389254837112,589.7176734233288,588.7649241430635,586.0408799252015,1071.0,1074.0,1074.0,1074.0,1072.4,1064.3,1054.3333333333333,1075.031062211083,1074.60236668312,1074.00872002507,1071.8797856156448,1187.0,1202.0,1202.0,1221.0,1229.4,1234.5,1250.5238095238096,1189.507523480958,1189.1362005062017,1188.8518703014215,1190.950442658796,1395.0,1551.0,1551.0,1721.3333333333333,1834.8,2155.4,2249.4761904761904,1458.7638177480967,1469.967010873156,1484.1772749905585,1502.7094020199556
2018-05-25,586.0,587.0,587.0,589.3333333333334,589.8,588.6,591.4285714285714,585.6971248635258,585.586177926321,584.8042663535347,582.2956008993683,1068.0,1071.0,1071.0,1073.0,1072.8,1066.1,1055.952380952381,1069.5492726834514,1069.2040629832513,1067.989717584278,1065.6410140483104,1163.0,1187.0,1187.0,1203.6666666666667,1218.6,1228.7,1246.857142857143,1178.9009905588612,1178.9889674952599,1178.622465640735,1178.0774047813695,1324.0,1395.0,1395.0,1568.3333333333333,1703.2,2031.9,2205.714285714286,1367.9507740147071,1359.563516572452,1349.454685485579,1365.4336908227708
2018-05-29,584.0,586.0,586.0,587.6666666666666,588.8,588.7,590.2857142857143,584.9143059528938,585.067421720436,584.2892322240342,581.2849134748797,1064.0,1068.0,1068.0,1071.0,1072.2,1067.4,1057.2857142857142,1066.5884788015828,1066.647822665337,1065.3349297434725,1062.2826184515857,1149.0,1163.0,1163.0,1184.0,1202.6,1221.0,1241.6666666666667,1142.9050508250018,1142.3704807519798,1141.81610363381,1145.3414340080674,1276.0,1324.0,1324.0,1423.3333333333333,1576.6,1900.8,2158.9523809523807,1315.01581467828,1311.847063612387,1312.3913893867607,1334.1970257617404
2018-05-30,583.0,584.0,584.0,585.6666666666666,587.6,588.5,589.2857142857143,582.6623821635325,582.8082337254821,582.3017818513138,580.1265497591517,1063.0,1064.0,1064.0,1067.6666666666667,1070.2,1068.5,1058.3333333333333,1064.0366414001667,1063.962807082751,1062.0011392736185,1056.993295610762,1160.0,1149.0,1149.0,1166.3333333333333,1184.6,1212.2,1235.6666666666667,1146.947540192596,1145.4342034726242,1143.220122469188,1141.496329727836,1401.0,1276.0,1276.0,1331.6666666666667,1461.0,1768.2,2112.5238095238096,1305.0878706041933,1305.393999716263,1309.0096308889101,1343.976164481508
2018-05-31,583.0,583.0,583.0,584.3333333333334,586.0,588.1,588.3333333333334,581.3140489562038,581.305503723676,581.0279666931385,579.6314728726252,1061.0,1063.0,1063.0,1065.0,1068.0,1069.2,1059.1904761904761,1063.0248336095285,1063.0274172777395,1061.3548264487354,1057.271828743984,1192.0,1160.0,1160.0,1157.3333333333333,1172.2,1204.5,1230.142857142857,1176.464283620227,1175.9827147739668,1173.191608305906,1171.6809155122917,1602.0,1401.0,1401.0,1333.6666666666667,1389.4,1667.6,2075.7619047619046,1538.0663923903624,1529.6481955385739,1521.9048553567397,1538.977408265705
2018-06-01,583.0,583.0,583.0,583.3333333333334,584.6,587.5,587.4761904761905,582.2493111725228,582.1061865732471,581.8568781962057,580.9535880547983,1061.0,1061.0,1061.0,1062.6666666666667,1065.4,1068.9,1060.047619047619,1063.456251745275,1062.5465063101121,1060.9370332886683,1057.4011989327691,1217.0,1192.0,1192.0,1167.0,1170.2,1199.8,1226.3809523809523,1225.3951603048818,1223.6939059901392,1219.5907468263429,1213.2683708214508,1712.0,1602.0,1602.0,1426.3333333333333,1399.6,1617.2,2050.3333333333335,1772.5900749298148,1773.615421750768,1772.63048883694,1781.421871107716
2018-06-04,584.0,583.0,583.0,583.0,583.8,586.8,586.8095238095239,582.7940139847452,582.7933595784317,582.7542738874467,582.4114683618232,1065.0,1061.0,1061.0,1061.6666666666667,1063.4,1068.1,1060.904761904762,1062.7000007198176,1062.045788991548,1060.947886471446,1058.0742550656084,1250.0,1217.0,1217.0,1189.6666666666667,1176.2,1197.4,1223.8095238095239,1238.020518801849,1235.3653813154713,1231.140398438553,1224.549721744198,1835.0,1712.0,1712.0,1571.6666666666667,1463.0,1583.1,2027.2380952380952,1817.7977417076045,1817.3620220021176,1809.9046104660242,1820.2146204752712
2018-06-05,583.0,584.0,584.0,583.3333333333334,583.4,586.1,586.4761904761905,584.7069736198017,584.8215024665526,585.1326092958108,585.357510092237,1065.0,1065.0,1065.0,1062.3333333333333,1062.8,1067.5,1061.7619047619048,1069.1603526629979,1069.4188121967413,1068.8026484203776,1065.3095917645282,1290.0,1250.0,1250.0,1219.6666666666667,1193.6,1198.1,1223.047619047619,1282.8299769686073,1279.7686083428705,1275.2805031076336,1268.0251957734095,2088.0,1835.0,1835.0,1716.3333333333333,1565.2,1570.9,2004.7142857142858,1967.963725189923,1962.5712118119,1954.7414409306875,1968.8724927115227
2018-06-06,583.0,583.0,583.0,583.3333333333334,583.2,585.4,586.1904761904761,583.3771707751038,583.3797564127399,583.6157700553919,584.0129636620842,1072.0,1065.0,1065.0,1063.6666666666667,1063.0,1066.6,1062.4761904761904,1066.4760260659411,1066.6965928708025,1066.5176349445856,1064.486213951293,1344.0,1290.0,1290.0,1252.3333333333333,1221.8,1203.2,1224.2380952380952,1327.6578540797368,1326.538227803467,1323.0255069751165,1314.4601158029718,2220.0,2088.0,2088.0,1878.3333333333333,1727.6,1594.3,1992.857142857143,2284.5870941169755,2286.1738294433208,2292.8495376284855,2307.13178773401
2018-06-07,584.0,583.0,583.0,583.3333333333334,583.2,584.6,586.0952380952381,584.1952481097542,584.6964105374143,585.5598440553323,586.5114033281362,1075.0,1072.0,1072.0,1067.3333333333333,1064.8,1066.4,1063.4761904761904,1077.9193901571211,1078.2789556596429,1078.162666343242,1074.1726089211543,1418.0,1344.0,1344.0,1294.6666666666667,1258.6,1215.4,1228.3809523809523,1390.7642051393163,1390.2097973995824,1388.1849910048315,1378.7524352671487,2151.0,2220.0,2220.0,2047.6666666666667,1891.4,1640.4,1980.3809523809523,2330.5178927736497,2326.0241839778705,2319.663835044716,2319.608175769246
2018-06-08,586.0,584.0,584.0,583.3333333333334,583.4,584.0,586.047619047619,586.0032188609406,586.4572760590747,587.5831056035714,588.8123124448912,1078.0,1075.0,1075.0,1070.6666666666667,1067.6,1066.5,1064.7619047619048,1080.6404218489224,1080.8494754672793,1080.165859728393,1075.1256149818755,1451.0,1418.0,1418.0,1350.6666666666667,1303.8,1237.0,1236.2380952380952,1477.4572011361497,1476.4104415057373,1473.3028024485443,1456.5920067178033,2091.0,2151.0,2151.0,2153.0,2001.2,1700.4,1958.2380952380952,2180.0897882471663,2169.341973603688,2145.6609110532377,2131.798518298627
2018-06-11,588.0,586.0,586.0,584.3333333333334,584.0,583.9,586.1428571428571,588.917435715949,588.9756120998915,589.605943771772,590.5890732166434,1084.0,1078.0,1078.0,1075.0,1071.0,1067.2,1066.0,1082.3030294815599,1082.600142220459,1082.1782664674429,1077.681155757677,1474.0,1451.0,1451.0,1404.3333333333333,1350.6,1263.4,1246.0,1468.7211087634817,1467.687116043027,1465.2099937865592,1455.0947576247186,2068.0,2091.0,2091.0,2154.0,2077.0,1770.0,1935.6666666666667,2156.474034210183,2151.0129552868457,2140.244775010076,2124.7102868902684
2018-06-12,591.0,588.0,588.0,586.0,584.8,584.1,586.3333333333334,590.3523575853986,590.4536834669757,591.0865923587016,592.4319872225811,1088.0,1084.0,1084.0,1079.0,1074.8,1068.8,1067.4761904761904,1088.956777609452,1089.0961548925488,1088.7917116990823,1083.630136742377,1488.0,1474.0,1474.0,1447.6666666666667,1395.4,1294.5,1256.904761904762,1488.52871722786,1485.8465833864784,1483.136560650555,1471.7261456035776,2091.0,2068.0,2068.0,2103.3333333333335,2123.6,1844.4,1908.904761904762,2140.168596190967,2144.0808072630743,2140.312116474964,2114.850753169375
2018-06-13,592.0,591.0,591.0,588.3333333333334,586.4,584.8,586.6190476190476,593.8724736501566,593.9454132781943,594.6224690440624,595.8283633498614,1089.0,1088.0,1088.0,1083.3333333333333,1079.4,1071.2,1069.047619047619,1092.4049184309,1092.45631784953,1092.050663993201,1086.8352966863501,1498.0,1488.0,1488.0,1471.0,1435.0,1328.4,1268.7142857142858,1493.3664251686018,1493.4149235654868,1492.2508564064037,1481.0011505678065,2184.0,2091.0,2091.0,2083.3333333333335,2124.2,1925.9,1883.0,2189.162968485681,2182.7767197663816,2161.0155992225646,2119.760608845738
2018-06-14,593.0,592.0,592.0,590.3333333333334,588.2,585.7,586.9047619047619,593.7428132313289,593.5988813178652,594.233955590853,596.1534604955189,1091.0,1089.0,1089.0,1087.0,1082.8,1073.8,1070.7619047619048,1089.569959148915,1088.8463820649956,1088.3280489755243,1082.8144457063377,1495.0,1498.0,1498.0,1486.6666666666667,1465.8,1362.2,1281.142857142857,1503.1048887618372,1501.5202687922988,1498.1042926073992,1482.8937590308956,2223.0,2184.0,2184.0,2114.3333333333335,2117.0,2004.2,1863.095238095238,2312.8637138913423,2305.1980883669003,2276.48115839344,2221.329587997233
2018-06-15,595.0,593.0,593.0,592.0,590.0,586.7,587.1904761904761,594.4849175457272,594.4445308723894,594.8862002151564,596.0073566205199,1092.0,1091.0,1091.0,1089.3333333333333,1086.0,1076.8,1072.4285714285713,1091.3752494147056,1090.855802588758,1090.2590480924548,1083.8927409431676,1482.0,1495.0,1495.0,1493.6666666666667,1481.2,1392.5,1293.4285714285713,1482.070999302543,1479.0738802726255,1474.6671848914225,1460.779517179049,2228.0,2223.0,2223.0,2166.0,2131.4,2066.3,1854.3333333333333,2269.265644891153,2266.156851305603,2243.3856414604115,2203.98121418443
2018-06-18,594.0,595.0,595.0,593.3333333333334,591.8,587.9,587.4761904761905,596.356788670284,596.5611076546003,596.979351031321,598.2845731520276,1093.0,1092.0,1092.0,1090.6666666666667,1088.8,1079.9,1073.7619047619048,1090.2829528564955,1090.5906256427968,1090.0296134057423,1084.0635888214574,1458.0,1482.0,1482.0,1491.6666666666667,1487.4,1419.0,1305.0,1463.4870168655134,1462.11102925059,1458.3740450883865,1446.958164670841,2187.0,2228.0,2228.0,2211.6666666666665,2158.8,2117.9,1860.142857142857,2244.6537437528864,2238.8909642467843,2224.546802641788,2201.041756052851
2018-06-19,593.0,594.0,594.0,594.0,593.0,588.9,587.6666666666666,593.6239018542439,593.5973193364318,593.6858843589903,594.5901556579169,1094.0,1093.0,1093.0,1092.0,1090.6,1082.7,1074.904761904762,1089.0068508939223,1089.3980835411805,1089.0860543505771,1083.8624947594265,1419.0,1458.0,1458.0,1478.3333333333333,1484.2,1439.8,1315.3333333333333,1429.9295741459598,1430.090457570152,1426.9522533423617,1416.5573667713686,2090.0,2187.0,2187.0,2212.6666666666665,2182.6,2153.1,1866.5238095238096,2183.142517497572,2177.8991006581705,2169.438211453403,2151.6179765979928
2018-06-20,592.0,593.0,593.0,594.0,593.4,589.9,587.7619047619048,592.3706850120813,592.2764286034812,592.2755150728591,593.8363019423456,1094.0,1094.0,1094.0,1093.0,1091.8,1085.6,1076.0,1089.402134930786,1089.6275317199397,1088.976183802974,1082.6915646697148,1382.0,1419.0,1419.0,1453.0,1470.4,1452.7,1323.7142857142858,1381.5970554319626,1380.2827394990843,1376.7357371756605,1369.4032845189136,2038.0,2090.0,2090.0,2168.3333333333335,2182.4,2153.3,1872.857142857143,2057.6578798338646,2054.7830083091203,2052.8223663974004,2053.0997571509397
2018-06-21,593.0,592.0,592.0,593.0,593.4,590.8,587.8571428571429,591.3615597620354,591.5472858342334,591.6181370698506,593.2516490915176,1092.0,1094.0,1094.0,1093.6666666666667,1092.8,1087.8,1076.952380952381,1090.3660258195434,1090.2404112920624,1088.9903194830845,1081.4833104553509,1355.0,1382.0,1382.0,1419.6666666666667,1447.2,1456.5,1330.5238095238096,1348.8482931262909,1347.0775944384377,1343.9727285615384,1340.1635502770644,2011.0,2038.0,2038.0,2105.0,2153.2,2135.1,1881.6190476190477,2042.838029970037,2040.1832191868677,2034.2314274961434,2036.5685452224943
2018-06-22,592.0,593.0,593.0,592.6666666666666,593.4,591.7,587.952380952381,592.6902529192004,592.7235652015478,592.8557873938539,595.1316169533477,1085.0,1092.0,1092.0,1093.3333333333333,1093.0,1089.5,1077.8095238095239,1089.3680981424864,1088.7727371852493,1087.1522827348786,1078.4810785092523,1339.0,1355.0,1355.0,1385.3333333333333,1419.2,1450.2,1336.857142857143,1331.459835879191,1330.3078044366257,1328.3705330238513,1328.6424967840755,2001.0,2011.0,2011.0,2046.3333333333333,2110.8,2121.1,1893.6190476190477,2040.8378930534952,2037.1515403655117,2032.7347107721876,2034.0433002072468
2018-06-25,589.0,592.0,592.0,592.3333333333334,592.8,592.3,588.047619047619,590.591059732962,590.2321141462264,590.3467752959532,592.9447394767926,1078.0,1085.0,1085.0,1090.3333333333333,1091.6,1090.2,1078.3333333333333,1079.1608282212424,1079.0162821936474,1077.3312459819044,1068.5060437253528,1321.0,1339.0,1339.0,1358.6666666666667,1390.6,1439.0,1343.3809523809523,1329.7940980345193,1328.61573428704,1326.3639636706657,1324.654101667117,1986.0,2001.0,2001.0,2016.6666666666667,2065.4,2112.1,1915.047619047619,2058.9422256583357,2051.689840580032,2044.461763621879,2050.26982656244
2018-06-26,585.0,589.0,589.0,591.3333333333334,591.8,592.4,588.1428571428571,586.9868394934181,586.7078394657285,587.0333087860515,590.8979043928706,1067.0,1078.0,1078.0,1085.0,1088.6,1089.6,1078.6666666666667,1070.877197493108,1071.4701671185028,1070.3782355279764,1061.5056490088134,1324.0,1321.0,1321.0,1338.3333333333333,1363.2,1423.7,1349.7619047619048,1311.2869761150191,1309.446674639291,1307.5673847505168,1306.8633289518925,1942.0,1986.0,1986.0,1999.3333333333333,2025.2,2103.9,1943.1904761904761,2064.416816694304,2059.508628545434,2052.6770044603086,2058.9892520397043
2018-06-27,583.0,585.0,585.0,588.6666666666666,590.2,591.8,588.0952380952381,581.9465948391501,582.213213808822,583.176430126292,587.843531178554,1055.0,1067.0,1067.0,1076.6666666666667,1083.2,1087.5,1078.6190476190477,1056.4353070987222,1056.8444130873509,1056.1682433355616,1048.6377019744325,1331.0,1324.0,1324.0,1328.0,1344.2,1407.3,1357.4285714285713,1336.2764473506243,1335.1512507561547,1333.1103005838147,1327.917012239476,2025.0,1942.0,1942.0,1976.3333333333333,1995.6,2089.0,1972.6190476190477,2006.0886993795557,2004.7966640660552,2002.356501276699,2020.185875868372
2018-06-28,581.0,583.0,583.0,585.6666666666666,588.4,590.9,588.047619047619,581.5531992090633,581.8555360081423,582.8149614196831,586.7578780392074,1042.0,1055.0,1055.0,1066.6666666666667,1075.4,1084.1,1078.1904761904761,1046.3524633052787,1046.1572306125113,1045.333854791347,1038.7549922149437,1336.0,1331.0,1331.0,1325.3333333333333,1334.0,1390.6,1366.095238095238,1338.16104261275,1338.2606479991362,1338.04340963722,1336.9696201814022,2170.0,2025.0,2025.0,1984.3333333333333,1993.0,2073.1,2008.2857142857142,2126.115261870273,2119.635680394212,2114.2176738696226,2135.4302301099974
2018-06-29,575.0,581.0,581.0,583.0,586.0,589.7,587.952380952381,579.3489056415424,579.2377352477886,579.9415498924467,584.1123821086762,1034.0,1042.0,1042.0,1054.6666666666667,1065.4,1079.2,1077.1904761904761,1034.3478056676836,1034.2215602065971,1033.5289812946412,1028.0322210895106,1338.0,1336.0,1336.0,1330.3333333333333,1330.2,1374.7,1374.4761904761904,1339.5912565078945,1338.199463891358,1338.668245464573,1339.0497291842,2304.0,2170.0,2170.0,2045.6666666666667,2024.8,2067.8,2044.904761904762,2265.978614068348,2267.806150638658,2268.287157498925,2274.607838056327
2018-07-02,571.0,575.0,575.0,579.6666666666666,582.6,587.7,587.5714285714286,571.5483955439179,571.2589059835819,571.9749888180966,575.7979247863307,1025.0,1034.0,1034.0,1043.6666666666667,1055.2,1073.4,1075.904761904762,1025.6254241342738,1026.347160342546,1026.514429038786,1023.7224411333194,1336.0,1338.0,1338.0,1335.0,1330.0,1360.3,1381.4285714285713,1343.4273579553947,1341.9862056586007,1341.6702600758945,1337.2945828369402,2478.0,2304.0,2304.0,2166.3333333333335,2085.4,2075.4,2078.3333333333335,2379.931443851073,2376.9740787912297,2370.0725801277913,2361.0850638551874
2018-07-03,569.0,571.0,571.0,575.6666666666666,579.0,585.4,587.0,568.2790402604613,568.5067508562199,569.1202954461869,572.254306976916,1017.0,1025.0,1025.0,1033.6666666666667,1044.6,1066.6,1074.1904761904761,1018.530185392548,1018.632795433411,1018.9897229713282,1018.7129879192195,1334.0,1336.0,1336.0,1336.6666666666667,1333.0,1348.1,1387.095238095238,1339.6598900603817,1338.5664838348307,1338.9236874999401,1337.1534802235356,2743.0,2478.0,2478.0,2317.3333333333335,2183.8,2104.5,2114.809523809524,2569.7517741604033,2566.2867604622006,2561.2360391377124,2550.8188966352227
2018-07-04,565.0,569.0,569.0,571.6666666666666,575.8,583.0,586.2857142857143,567.4272789846478,567.8473923105788,568.2814155187795,570.9666099764645,1005.0,1017.0,1017.0,1025.3333333333333,1034.6,1058.9,1071.904761904762,1014.0947272675216,1013.8570578945845,1013.8700499460537,1014.251805405889,1339.0,1334.0,1334.0,1336.0,1335.0,1339.6,1391.095238095238,1335.5207781729234,1335.2041738181217,1335.7452739151738,1334.6155593532767,3013.0,2743.0,2743.0,2508.3333333333335,2344.0,2169.8,2158.0476190476193,2868.897797832652,2871.7996431386873,2875.4591930792235,2846.7432963467027
2018-07-05,563.0,565.0,565.0,568.3333333333334,572.2,580.3,585.4285714285714,562.9825257441067,562.7588521974837,562.76839695327,565.6731565280955,999.0,1005.0,1005.0,1015.6666666666666,1024.6,1050.0,1069.047619047619,999.435473738652,999.6136614929342,999.8496954732392,1001.5460626602306,1347.0,1339.0,1339.0,1336.3333333333333,1336.6,1335.3,1393.4285714285713,1348.0578363699829,1347.3174098553623,1347.7967708411402,1344.6845961908996,3086.0,3013.0,3013.0,2744.6666666666665,2541.6,2267.3,2202.095238095238,3130.9538850113863,3130.997310489074,3125.055735635171,3072.4608513478006
2018-07-06,562.0,563.0,563.0,565.6666666666666,568.6,577.3,584.4761904761905,561.6779121820344,561.7807165164586,562.211628794262,565.2502842758004,997.0,999.0,999.0,1007.0,1016.0,1040.7,1065.5714285714287,997.8763559583367,998.7149706127052,1000.0923193008668,1003.2821469929954,1367.0,1347.0,1347.0,1340.0,1338.8,1334.5,1393.5714285714287,1356.4796311296354,1356.7812488664063,1356.8453226207446,1347.1796188177977,3016.0,3086.0,3086.0,2947.3333333333335,2724.8,2374.8,2243.3333333333335,3108.640066470304,3097.9104093293345,3075.336968617602,3021.787015348513
2018-07-09,560.0,562.0,562.0,563.3333333333334,566.0,574.3,583.4285714285714,562.0805990565702,562.4608992192358,562.9631503516689,566.208721950904,994.0,997.0,997.0,1000.3333333333334,1008.6,1031.9,1061.857142857143,996.0967409808939,996.8291136237543,998.5688112606796,1002.068439340544,1431.0,1367.0,1367.0,1351.0,1344.6,1337.3,1391.142857142857,1391.1506683270163,1390.6902229894852,1386.8388397116337,1368.9843289237992,2792.0,3016.0,3016.0,3038.3333333333335,2867.2,2476.3,2284.5238095238096,3017.160007834732,3008.6178924368432,2986.700548550654,2941.1252750715253
2018-07-10,558.0,560.0,560.0,561.6666666666666,563.8,571.4,582.1904761904761,561.0551623451876,561.2309658106079,561.8016159442867,564.9873083759009,992.0,994.0,994.0,996.6666666666666,1002.4,1023.5,1057.857142857143,994.904200174353,995.2496528747257,996.0640895540613,997.8498331654857,1498.0,1431.0,1431.0,1381.6666666666667,1363.6,1348.3,1390.1904761904761,1497.575228778778,1497.2535771028524,1489.3427335231668,1454.7283167745002,2793.0,2792.0,2792.0,2964.6666666666665,2930.0,2556.9,2317.904761904762,2752.641636297115,2752.064917798034,2745.914192001278,2718.066594491501
2018-07-11,558.0,558.0,558.0,560.0,561.6,568.7,580.7619047619048,559.4689756406576,559.3649201645615,560.0427134483743,564.4986673700878,994.0,992.0,992.0,994.3333333333334,997.4,1016.0,1053.4761904761904,993.9025327805848,994.0964245536222,993.9782070149407,994.519215590216,1517.0,1498.0,1498.0,1432.0,1396.4,1365.7,1391.3333333333333,1559.5954125515032,1559.8624467626728,1550.754453773021,1512.542826641352,3041.0,2793.0,2793.0,2867.0,2940.0,2642.0,2352.4285714285716,2931.0191983385066,2924.763933019309,2913.284514971846,2868.414706640956
2018-07-12,559.0,558.0,558.0,558.6666666666666,560.2,566.2,579.1904761904761,559.8619679887837,560.3202300563783,560.9416025631999,565.8352901506553,995.0,994.0,994.0,993.3333333333334,995.2,1009.9,1049.0,1000.2435063343662,1000.8485370315794,1001.137788793149,1001.3712513971543,1527.0,1517.0,1517.0,1482.0,1432.0,1384.3,1392.7142857142858,1525.913152731796,1525.3561265023882,1521.3589774185416,1498.1899391927113,3156.0,3041.0,3041.0,2875.3333333333335,2945.6,2743.6,2397.6666666666665,3254.7026469610355,3255.594977273506,3244.430877205347,3181.750942499807
2018-07-13,559.0,559.0,559.0,558.3333333333334,559.4,564.0,577.6190476190476,559.8382271132239,560.2810485825458,561.2170273826488,566.4924816333045,998.0,995.0,995.0,993.6666666666666,994.4,1005.2,1044.5238095238096,999.3203771489841,998.7715817713146,998.9968576483793,999.6131662561893,1529.0,1527.0,1527.0,1514.0,1468.0,1403.4,1394.095238095238,1527.0936822225344,1527.5659157389118,1525.4350054815143,1504.4137902148682,3238.0,3156.0,3156.0,2996.6666666666665,2959.6,2842.2,2443.9523809523807,3239.040270424186,3231.690871972079,3204.0511601527023,3144.722990892349
2018-07-16,561.0,559.0,559.0,558.6666666666666,558.8,562.4,576.0,560.2960841056183,559.9882205817328,560.745008071476,565.8828395557873,1003.0,998.0,998.0,995.6666666666666,994.6,1001.6,1040.095238095238,1001.9829637567417,1001.0929550104586,1000.5475041237273,1000.2236386828513,1530.0,1529.0,1529.0,1524.3333333333333,1500.4,1422.5,1395.7142857142858,1529.7804164020927,1531.240849105745,1527.938025512416,1507.3370808040597,3335.0,3238.0,3238.0,3145.0,3004.0,2935.6,2492.285714285714,3329.6095236685164,3305.929101313633,3270.1393966896694,3213.103390684657
2018-07-17,561.0,561.0,561.0,559.6666666666666,559.0,561.4,574.3809523809524,564.133588983809,563.6815755308189,563.8695339828361,568.0673552787177,1008.0,1003.0,1003.0,998.6666666666666,996.4,999.4,1035.857142857143,1009.7920920407485,1008.9639680264734,1008.9911346741759,1009.8811801655795,1529.0,1530.0,1530.0,1528.6666666666667,1520.2,1441.9,1398.0,1532.4041042385206,1529.5660608101387,1523.8902671444043,1506.26258879135,3230.0,3335.0,3335.0,3243.0,3112.6,3021.3,2545.0,3416.7814479572585,3415.6550463445615,3414.1547470941996,3377.6449055126704
2018-07-18,561.0,561.0,561.0,560.3333333333334,559.6,560.6,572.8095238095239,563.189035583852,563.0573495622872,563.6091876874023,568.1974576829117,1016.0,1008.0,1008.0,1003.0,999.6,998.5,1031.8095238095239,1010.5338499689421,1010.0271391079605,1010.1280404227341,1009.8666211282003,1538.0,1529.0,1529.0,1529.3333333333333,1526.4,1461.4,1401.3809523809523,1525.7789039100928,1522.41184939694,1515.8976490330347,1495.3132843263857,3130.0,3230.0,3230.0,3267.6666666666665,3200.0,3070.0,2594.6666666666665,3169.1549124293983,3177.447405785253,3183.902755832979,3164.132634502319
2018-07-19,560.0,561.0,561.0,561.0,560.2,560.2,571.2857142857143,562.8203199126106,563.2823531514324,564.0777886345207,568.5517521274547,1023.0,1016.0,1016.0,1009.0,1004.0,999.6,1028.095238095238,1019.7025981698165,1020.2134921299071,1019.8996582772697,1017.7154476016129,1557.0,1538.0,1538.0,1532.3333333333333,1530.6,1481.3,1407.047619047619,1547.4426939038117,1546.4520915782077,1541.586377432382,1520.3599592851087,3205.0,3130.0,3130.0,3231.6666666666665,3217.8,3081.7,2644.190476190476,3110.1587613944275,3106.029736517893,3100.4839754635855,3097.1595353384137
2018-07-20,560.0,560.0,560.0,560.6666666666666,560.4,559.9,569.7619047619048,561.9281437369093,562.3177624620926,563.2208324383454,567.941642966799,1028.0,1023.0,1023.0,1015.6666666666666,1009.6,1002.0,1024.7142857142858,1027.8095164377462,1028.2656459275352,1027.736567631903,1024.5652685459136,1566.0,1557.0,1557.0,1541.3333333333333,1536.6,1502.3,1415.3809523809523,1579.3071005260622,1578.8070533800033,1574.7640244668448,1555.2987189784576,3304.0,3205.0,3205.0,3188.3333333333335,3227.6,3093.6,2699.7619047619046,3287.273695549074,3290.801270737222,3295.933114823103,3280.297460789856
2018-07-23,559.0,560.0,560.0,560.3333333333334,560.6,559.7,568.1904761904761,561.8373057062074,562.3866155541476,563.3065315693311,568.1267380925541,1030.0,1028.0,1028.0,1022.3333333333334,1015.6,1005.1,1021.6666666666666,1033.496447539286,1033.487690932169,1032.8335377141086,1029.635387786837,1581.0,1566.0,1566.0,1553.6666666666667,1544.0,1522.2,1425.4285714285713,1573.5070536383985,1574.3528542169322,1573.081375219148,1559.8482713229782,3461.0,3304.0,3304.0,3213.0,3240.8,3122.4,2761.3333333333335,3375.182431112919,3380.545380948817,3384.150033134795,3357.8276498412188
2018-07-24,556.0,559.0,559.0,559.6666666666666,560.2,559.6,566.6190476190476,559.9638355074645,560.348577258727,561.6212245036372,568.4347544220469,1033.0,1030.0,1030.0,1027.0,1021.0,1008.7,1019.047619047619,1033.5107244734681,1033.743008774638,1033.0205531570145,1029.0798776389904,1588.0,1581.0,1581.0,1568.0,1554.2,1537.2,1436.952380952381,1598.756740164686,1599.2935768320444,1598.346368972495,1585.0219243419394,3462.0,3461.0,3461.0,3323.3333333333335,3266.0,3189.3,2830.8571428571427,3566.219823448859,3562.0263159908686,3543.782645177742,3494.8712949065816
2018-07-25,554.0,556.0,556.0,558.3333333333334,559.2,559.4,565.047619047619,555.9613406619277,556.0715900055869,557.3392816126061,564.1748388975155,1034.0,1033.0,1033.0,1030.3333333333333,1026.0,1012.8,1016.9047619047619,1033.9217947360487,1034.2976440050986,1033.8228366787973,1030.2844846149815,1583.0,1588.0,1588.0,1578.3333333333333,1566.0,1546.2,1449.6666666666667,1592.3726406855844,1593.3800098455486,1593.3658018478059,1582.819960353717,3303.0,3462.0,3462.0,3409.0,3312.4,3256.2,2901.1428571428573,3462.7304158788284,3457.7274592280005,3445.511401479136,3412.429921546812
2018-07-26,553.0,554.0,554.0,556.3333333333334,557.8,559.0,563.5714285714286,554.0063042071274,554.2408467644569,555.4326758642766,562.2268712459723,1035.0,1034.0,1034.0,1032.3333333333333,1029.6,1016.8,1015.3333333333334,1031.1846897689325,1031.0676009850845,1030.3893847426361,1026.6399616503359,1588.0,1583.0,1583.0,1584.0,1575.0,1552.8,1462.0,1576.0824847996646,1574.780040212286,1572.3664788847082,1562.3073193522118,3197.0,3303.0,3303.0,3408.6666666666665,3347.0,3282.4,2965.9523809523807,3211.2549008290534,3212.4711705559293,3215.070637900825,3213.0147736876934
2018-07-27,551.0,553.0,553.0,554.3333333333334,556.4,558.4,562.1428571428571,554.000633857723,554.2732293026447,555.394755623093,561.6675299567141,1035.0,1035.0,1035.0,1034.0,1032.0,1020.8,1014.3809523809524,1034.7494234254302,1034.759412448634,1033.7432258064653,1029.3560483553936,1587.0,1588.0,1588.0,1586.3333333333333,1581.2,1558.9,1474.2380952380952,1595.3783325206414,1593.2169825533301,1589.1845523175575,1576.60964143091,3280.0,3197.0,3197.0,3320.6666666666665,3345.4,3286.5,3021.7619047619046,3154.015757754203,3157.9277790818915,3167.499580788076,3171.0957728077965
2018-07-30,549.0,551.0,551.0,552.6666666666666,554.6,557.6,560.7142857142857,552.2866835189781,551.893115773941,552.687075724175,560.1623526010394,1035.0,1035.0,1035.0,1034.6666666666667,1033.4,1024.5,1014.047619047619,1035.2432266396204,1035.2375877922086,1034.582295623444,1030.3566077719768,1570.0,1587.0,1587.0,1586.0,1585.4,1564.7,1486.1904761904761,1594.7625649358736,1593.8335241344735,1590.841086986316,1578.2207234033647,3471.0,3280.0,3280.0,3260.0,3340.6,3290.7,3074.6190476190477,3342.201795060517,3346.84174749461,3356.4300454873223,3336.422589052288
2018-07-31,547.0,549.0,549.0,551.0,552.6,556.4,559.4761904761905,549.6077582640543,549.625083714123,550.6526838528321,557.9875659813721,1036.0,1035.0,1035.0,1035.0,1034.4,1027.7,1014.0952380952381,1034.5842082001172,1034.7541103324684,1034.8534996082435,1032.608938743785,1539.0,1570.0,1570.0,1581.6666666666667,1583.2,1568.7,1497.2380952380952,1557.229140541775,1557.5679724163663,1558.5016080103837,1553.0852699523143,3515.0,3471.0,3471.0,3316.0,3342.6,3304.3,3130.190476190476,3545.128103213761,3539.3803507238104,3524.3075833274697,3479.51894594231
2018-08-01,544.0,547.0,547.0,549.0,550.8,555.0,558.3333333333334,547.122141068827,547.4613436207363,548.8763097753813,556.5084789585163,1032.0,1036.0,1036.0,1035.3333333333333,1035.0,1030.5,1014.6190476190476,1034.7175585552404,1034.4787351416148,1034.684283075688,1032.6789963644424,1491.0,1539.0,1539.0,1565.3333333333333,1573.4,1569.7,1506.904761904762,1510.6156957064125,1510.8729157533112,1512.537396829579,1510.84571836852,3534.0,3515.0,3515.0,3422.0,3353.2,3332.8,3179.5714285714284,3490.710758326387,3479.1086238496373,3448.392969506538,3392.461122709342
2018-08-02,543.0,544.0,544.0,546.6666666666666,548.8,553.3,557.1428571428571,543.1844125376012,543.2858195531076,544.7645855266022,553.0421167905588,1030.0,1032.0,1032.0,1034.3333333333333,1034.6,1032.1,1015.3333333333334,1026.4933035343788,1026.0907487681638,1026.5705098714693,1025.001497774375,1447.0,1491.0,1491.0,1533.3333333333333,1555.0,1565.0,1514.3809523809523,1449.9541864248083,1450.2813781848574,1451.5085144578816,1454.5119051520217,3632.0,3534.0,3534.0,3506.6666666666665,3399.4,3373.2,3217.2380952380954,3525.162452095251,3511.4661869214024,3480.573346825417,3415.631827407051
2018-08-03,542.0,543.0,543.0,544.6666666666666,546.8,551.6,556.0952380952381,543.9924899787944,544.0769426580032,545.44791262305,553.8372865878263,1030.0,1030.0,1030.0,1032.6666666666667,1033.6,1032.8,1016.5238095238095,1028.4530224736686,1028.1490498399673,1028.8979299169362,1026.5415293597448,1420.0,1447.0,1447.0,1492.3333333333333,1526.8,1554.0,1519.5238095238096,1417.0905990433614,1416.6036222363027,1418.0090157452219,1425.5095793489595,3654.0,3632.0,3632.0,3560.3333333333335,3486.4,3415.9,3246.714285714286,3674.9915719134187,3673.0338941660993,3658.4487554861817,3584.5636220402093
2018-08-06,541.0,542.0,542.0,543.0,545.0,549.8,555.0952380952381,542.9698134557091,543.0734345675758,544.5833296318312,552.9244775129347,1032.0,1030.0,1030.0,1030.6666666666667,1032.6,1033.0,1018.0,1028.6535764301511,1028.6698459746162,1030.0880000578022,1027.6145801407501,1386.0,1420.0,1420.0,1452.6666666666667,1493.4,1539.4,1523.0,1408.4962892885064,1408.9404144910236,1410.1465239571664,1415.0858960629698,3550.0,3654.0,3654.0,3606.6666666666665,3561.2,3450.9,3273.7619047619046,3645.6118334182693,3642.7075122957494,3624.5058281480765,3557.1582425204174
2018-08-07,541.0,541.0,541.0,542.0,543.4,548.0,554.0952380952381,542.304318253921,542.333862171616,543.6164493187061,551.4025685774536,1035.0,1032.0,1032.0,1030.6666666666667,1032.0,1033.2,1019.6666666666666,1031.343988335765,1031.695224124705,1033.1833664820635,1029.7408853179843,1365.0,1386.0,1386.0,1417.6666666666667,1456.6,1519.9,1523.904761904762,1364.7992777409859,1365.1245329460403,1367.2403394306718,1377.2788802754908,3483.0,3550.0,3550.0,3612.0,3577.0,3459.8,3299.190476190476,3509.8302829800796,3499.2433182646973,3470.2894779571725,3418.921880870442
2018-08-08,543.0,541.0,541.0,541.3333333333334,542.2,546.5,553.1904761904761,543.3557671650419,543.5203880211368,544.793639913584,552.6813975126114,1036.0,1035.0,1035.0,1032.3333333333333,1031.8,1033.4,1021.6190476190476,1036.4269973650983,1036.5833776681498,1037.269004767312,1032.5300263979395,1349.0,1365.0,1365.0,1390.3333333333333,1421.8,1497.6,1520.7619047619048,1356.8419562488577,1355.2935892113908,1354.6489649207392,1361.5773552242056,3472.0,3483.0,3483.0,3562.3333333333335,3570.6,3461.9,3332.095238095238,3468.0824138720204,3466.1007728810064,3452.189299821804,3406.464870095633
2018-08-09,542.0,543.0,543.0,541.6666666666666,542.0,545.4,552.4761904761905,546.3409804876726,546.3837232731019,547.6515300383678,556.16244082125,1039.0,1036.0,1036.0,1034.3333333333333,1032.6,1033.6,1023.7142857142857,1039.96533607352,1040.4430660498829,1040.9266179509204,1035.4950976729083,1339.0,1349.0,1349.0,1366.6666666666667,1393.4,1474.2,1513.6666666666667,1344.4843524923458,1344.5259333991958,1344.6135571760005,1351.3418531553546,3480.0,3472.0,3472.0,3501.6666666666665,3558.2,3478.8,3364.4285714285716,3494.0018374236643,3494.905005247494,3490.6084444520943,3442.0833015246317
2018-08-10,543.0,542.0,542.0,542.0,541.8,544.3,551.7142857142857,543.6038632392654,543.4876560857751,544.8724235409004,554.0307828478964,1040.0,1039.0,1039.0,1036.6666666666667,1034.4,1034.0,1025.857142857143,1041.4030757075682,1042.5335664871147,1043.2682487240118,1037.1860702800668,1339.0,1339.0,1339.0,1351.0,1371.8,1449.3,1505.1904761904761,1338.5367444615933,1338.8020881164182,1339.666432402175,1344.5962581285662,3536.0,3480.0,3480.0,3478.3333333333335,3527.8,3507.1,3385.3333333333335,3504.8607674498,3500.5584598832384,3483.2572837696416,3422.6472788223855
2018-08-13,543.0,543.0,543.0,542.6666666666666,542.0,543.5,550.952380952381,545.4628336361108,545.7590373618496,547.1757878705772,556.1154352582399,1042.0,1040.0,1040.0,1038.3333333333333,1036.4,1034.5,1028.0,1042.9611204088253,1043.853930673176,1043.9614788151962,1036.4922912102518,1362.0,1339.0,1339.0,1342.3333333333333,1355.6,1424.5,1496.2380952380952,1347.5619250230418,1347.193395666893,1348.3599730563205,1354.7804677085285,3587.0,3536.0,3536.0,3496.0,3504.2,3532.7,3403.4285714285716,3566.265690435238,3559.186740644185,3539.8555891451597,3475.061414760837
2018-08-14,543.0,543.0,543.0,542.6666666666666,542.4,542.9,550.1904761904761,546.1921049990052,546.3854317386927,547.8036052591331,556.9454674255367,1045.0,1042.0,1042.0,1040.3333333333333,1038.4,1035.2,1030.095238095238,1047.9521178465675,1048.314816606854,1047.8793549482625,1039.9749846454306,1403.0,1362.0,1362.0,1346.6666666666667,1350.8,1403.7,1488.2857142857142,1388.9526930390734,1388.5168605985823,1389.228783506393,1391.6298769584243,3560.0,3587.0,3587.0,3534.3333333333335,3511.6,3544.3,3420.0476190476193,3597.6376036499814,3596.1857066309412,3587.348108181721,3538.7101508936335
2018-08-15,544.0,543.0,543.0,543.0,542.8,542.5,549.3333333333334,546.5375021222005,546.603752664086,547.9975087640985,557.1027666567071,1050.0,1045.0,1045.0,1042.3333333333333,1040.4,1036.1,1032.095238095238,1050.5733717313778,1050.3649411839822,1049.6377227315045,1041.0736872024472,1447.0,1403.0,1403.0,1368.0,1358.4,1390.1,1482.2380952380952,1441.249520357874,1439.481932432552,1438.3570049487464,1434.594652192182,3476.0,3560.0,3560.0,3561.0,3527.0,3548.8,3430.7619047619046,3517.289184737617,3516.0546015516666,3507.3683783830243,3470.578417763135
2018-08-16,545.0,544.0,544.0,543.3333333333334,543.0,542.5,548.5238095238095,547.9107897447752,548.0535499994032,549.3761182971635,558.4859627750686,1056.0,1050.0,1050.0,1045.6666666666667,1043.2,1037.9,1034.095238095238,1057.4121320112097,1058.105016206585,1057.2611441574027,1047.405050565073,1485.0,1447.0,1447.0,1404.0,1378.0,1385.7,1478.3333333333333,1483.6269069657615,1482.1765374225736,1479.925481689701,1473.7144784083753,3454.0,3476.0,3476.0,3541.0,3527.8,3543.0,3442.4761904761904,3433.168647983026,3431.835682620268,3428.5915783329415,3405.3723760364464
2018-08-17,543.0,545.0,545.0,544.0,543.6,542.7,547.7619047619048,548.6970773389846,549.0539722789302,550.5012314583167,560.0242916345618,1062.0,1056.0,1056.0,1050.3333333333333,1046.6,1040.5,1036.0,1063.9323766166162,1064.3300315689135,1063.0993067232903,1053.1839724867373,1506.0,1485.0,1485.0,1445.0,1407.2,1389.5,1475.8095238095239,1516.083523932749,1515.2039675319816,1512.4808427260302,1503.7512115292566,3424.0,3454.0,3454.0,3496.6666666666665,3522.6,3525.2,3457.904761904762,3464.4865315533816,3465.337328001501,3467.4839014318486,3452.6896555354224
2018-08-20,543.0,543.0,543.0,544.0,543.6,542.8,546.952380952381,545.4991727804168,545.6187230146495,547.0104550299974,557.1600044711232,1069.0,1062.0,1062.0,1056.0,1051.0,1043.7,1037.857142857143,1066.893327891455,1067.3479723790133,1065.8379826199305,1055.2038474453639,1530.0,1506.0,1506.0,1479.3333333333333,1440.6,1398.1,1473.3809523809523,1524.2109910261065,1523.8829583487434,1521.6732688953452,1511.1980058756044,3426.0,3424.0,3424.0,3451.3333333333335,3500.2,3502.2,3468.3333333333335,3407.1619717963267,3409.6020974322546,3411.969416358942,3398.012646357328
2018-08-21,548.0,543.0,543.0,543.6666666666666,543.6,543.0,546.1428571428571,545.5880728568088,546.2466582136408,548.0577249671496,558.9405067987093,1078.0,1069.0,1069.0,1062.3333333333333,1056.4,1047.4,1039.8095238095239,1076.5305696670355,1076.7481605113949,1075.3172868200988,1064.1512790241982,1560.0,1530.0,1530.0,1507.0,1474.2,1412.5,1471.6666666666667,1556.568895098071,1555.4392503066665,1551.9529667564734,1539.1209630200474,3371.0,3426.0,3426.0,3434.6666666666665,3468.0,3489.8,3474.1428571428573,3460.8789318420595,3456.5940285062693,3444.9252240751593,3411.365180627872
2018-08-22,547.0,548.0,548.0,544.6666666666666,544.6,543.7,545.6190476190476,553.6776676536709,554.2151527402791,555.8864451578853,566.2361154564034,1087.0,1078.0,1078.0,1069.6666666666667,1063.0,1051.7,1042.095238095238,1090.2069410989716,1090.4239672084818,1088.9757759671563,1077.2105662076226,1607.0,1560.0,1560.0,1532.0,1505.6,1432.0,1470.6666666666667,1585.442757485168,1584.3606766279288,1580.716246001026,1566.8841963097032,3232.0,3371.0,3371.0,3407.0,3430.2,3478.6,3469.8571428571427,3355.4171801394905,3353.3089869555165,3350.336662947997,3331.1392057206767
2018-08-23,551.0,547.0,547.0,546.0,545.2,544.1,545.1904761904761,550.5095832866971,550.3185231010908,552.1860827199181,563.9293756194925,1095.0,1087.0,1087.0,1078.0,1070.4,1056.8,1044.6666666666667,1094.6099438633564,1094.872194137864,1093.1304201996932,1080.2131623731404,1630.0,1607.0,1607.0,1565.6666666666667,1537.6,1457.8,1471.5714285714287,1648.5476522825356,1646.2366792606012,1639.0000822171778,1612.94545917506,3164.0,3232.0,3232.0,3343.0,3381.4,3454.6,3458.904761904762,3190.9000973429493,3192.35830178927,3192.259323128066,3183.757521965168
2018-08-24,554.0,551.0,551.0,548.6666666666666,546.4,545.0,545.047619047619,556.2478993541042,556.4016671388517,558.2055054409255,569.2950628554731,1110.0,1095.0,1095.0,1086.6666666666667,1078.2,1062.4,1047.5714285714287,1104.160605307342,1104.109497625317,1101.7556603839112,1088.5200835247506,1643.0,1630.0,1630.0,1599.0,1566.6,1486.9,1473.8095238095239,1640.2742248008735,1637.807626608585,1631.6271496636668,1611.4198236763837,3088.0,3164.0,3164.0,3255.6666666666665,3323.4,3423.0,3452.285714285714,3162.3062788817215,3158.949195347306,3161.313995222813,3161.224103207759
2018-08-28,556.0,554.0,554.0,550.6666666666666,548.6,546.1,545.0952380952381,559.0879660305058,559.6731732896948,561.2640834029629,571.1389320874132,1121.0,1110.0,1110.0,1097.3333333333333,1087.8,1069.4,1051.142857142857,1122.974462322072,1123.5682305232829,1122.381143243178,1110.9829314812503,1639.0,1643.0,1643.0,1626.6666666666667,1594.0,1517.3,1476.4285714285713,1647.0326980204345,1645.8448348159395,1640.4170993214225,1621.1712559259518,2994.0,3088.0,3088.0,3161.3333333333335,3256.2,3378.2,3447.095238095238,3087.1021983064675,3090.26270323492,3099.483624626493,3107.934803554954
2018-08-29,559.0,556.0,556.0,553.6666666666666,551.2,547.4,545.3333333333334,561.2222020797524,561.4722048442875,563.1519305989457,574.0711665843162,1128.0,1121.0,1121.0,1108.6666666666667,1098.2,1077.3,1055.2380952380952,1130.736642368534,1130.5212614066222,1128.820739184092,1116.9929096143728,1608.0,1639.0,1639.0,1637.3333333333333,1615.8,1545.0,1478.904761904762,1634.1629169058233,1633.2990631727896,1628.0394710649457,1607.9706990118539,2826.0,2994.0,2994.0,3082.0,3169.8,3318.9,3433.4761904761904,2971.8066469217947,2968.721063171011,2968.179332689785,2982.90924151093
2018-08-30,562.0,559.0,559.0,556.3333333333334,553.4,549.0,545.8095238095239,563.3102685196617,563.3305340950071,564.7556242191511,574.7831666128391,1132.0,1128.0,1128.0,1119.6666666666667,1108.2,1085.6,1059.6666666666667,1132.6694640942346,1132.5752155544367,1130.903437458212,1119.2527014921675,1571.0,1608.0,1608.0,1630.0,1625.4,1565.5,1480.7142857142858,1574.865252483944,1575.3774767029859,1572.2344283367247,1559.2882504311942,2732.0,2826.0,2826.0,2969.3333333333335,3060.8,3245.5,3402.7619047619046,2751.391214217214,2746.570140742585,2744.4390205695586,2752.2405297327377
2018-08-31,563.0,562.0,562.0,559.0,556.4,550.8,546.5238095238095,566.1714559106766,566.7700277381554,568.3205595241902,577.7278526882372,1133.0,1132.0,1132.0,1127.0,1117.2,1093.8,1064.2380952380952,1133.446320738166,1134.1434128960525,1133.339086793695,1122.810249081612,1540.0,1571.0,1571.0,1606.0,1618.2,1577.9,1482.2380952380952,1536.7498629621296,1537.7181123988676,1534.6640632848512,1524.7331622000293,2672.0,2732.0,2732.0,2850.6666666666665,2960.8,3171.1,3365.4761904761904,2686.437065146642,2689.1376096272734,2691.8867086584323,2696.5480468022547
2018-09-03,564.0,563.0,563.0,561.3333333333334,558.8,552.6,547.4285714285714,566.249909953591,566.0746497453882,567.3130901728059,576.6165239033477,1135.0,1133.0,1133.0,1131.0,1124.8,1101.5,1069.047619047619,1132.5863958151838,1133.7452684004106,1133.3932696790591,1123.3333030644571,1517.0,1540.0,1540.0,1573.0,1600.2,1583.4,1484.5714285714287,1517.6184450868682,1517.596067345325,1514.3260862787092,1505.5533324614298,2535.0,2672.0,2672.0,2743.3333333333335,2862.4,3092.9,3324.4285714285716,2654.1825498068833,2654.4017271843577,2656.74591889573,2658.564742713647
2018-09-04,565.0,564.0,564.0,563.0,560.8,554.7,548.4285714285714,567.8295791272453,567.9213173138937,569.4047141864324,578.3660318939926,1135.0,1135.0,1135.0,1133.3333333333333,1129.8,1108.8,1074.047619047619,1134.2480177261273,1133.9377783402388,1132.5413360038588,1119.8658187919586,1504.0,1517.0,1517.0,1542.6666666666667,1575.0,1584.5,1487.904761904762,1496.1574604020261,1495.19976340415,1492.5992100975636,1487.7479883941944,2410.0,2535.0,2535.0,2646.3333333333335,2751.8,3004.0,3272.190476190476,2431.6990360609752,2428.9862262292368,2424.4081118687754,2429.1610101500855
2018-09-05,565.0,565.0,565.0,564.0,562.6,556.9,549.5238095238095,567.8817537024312,568.1220875590465,568.8047467290123,574.9091347687374,1135.0,1135.0,1135.0,1134.3333333333333,1132.6,1115.4,1079.047619047619,1138.975091079503,1139.0191705582527,1137.4901027368364,1124.0894350677208,1516.0,1504.0,1504.0,1520.3333333333333,1548.0,1581.9,1491.904761904762,1488.8317851433692,1487.6193613653577,1483.624780580727,1474.8079147098292,2424.0,2410.0,2410.0,2539.0,2635.0,2902.4,3212.9523809523807,2402.917179981813,2403.938109925574,2402.692008278633,2410.6862014041635
2018-09-06,568.0,565.0,565.0,564.6666666666666,563.8,558.6,550.6666666666666,567.852636397321,568.1279109263565,569.3238700260313,577.1633156082563,1134.0,1135.0,1135.0,1135.0,1134.0,1121.1,1083.952380952381,1136.1729973302927,1136.2794087580287,1135.6475419941999,1124.8215853804882,1528.0,1516.0,1516.0,1512.3333333333333,1529.6,1577.5,1498.095238095238,1541.1548093391248,1539.754035293252,1535.5158447509157,1525.2373256257526,2411.0,2424.0,2424.0,2456.3333333333335,2554.6,2807.7,3159.3333333333335,2490.501398530104,2490.782139614366,2495.8742348348924,2511.6751500679197
2018-09-07,569.0,568.0,568.0,566.0,565.0,560.7,551.952380952381,571.8007244933727,571.8851328120788,572.8065251967432,580.2266637011137,1136.0,1134.0,1134.0,1134.6666666666667,1134.4,1125.8,1088.6666666666667,1137.0709497854932,1137.1184143344767,1136.1492915277179,1126.2400846002063,1544.0,1528.0,1528.0,1516.0,1521.0,1569.6,1505.857142857143,1540.4152510013705,1539.1463593218837,1537.5269598487369,1531.558162247055,2363.0,2411.0,2411.0,2415.0,2490.4,2725.6,3108.285714285714,2425.940513975421,2426.342322572863,2432.97853288224,2455.3051623305273
2018-09-10,572.0,569.0,569.0,567.3333333333334,566.2,562.5,553.1904761904761,571.3179407291008,571.278095979165,572.3006898471797,580.4235035442913,1135.0,1136.0,1136.0,1135.0,1135.0,1129.9,1093.4285714285713,1137.0160840170174,1137.2498471853323,1135.9078673643219,1125.269726147974,1556.0,1544.0,1544.0,1529.3333333333333,1521.8,1561.0,1515.142857142857,1557.9961254799082,1555.2853141801736,1552.3676599564585,1543.0707179859962,2191.0,2363.0,2363.0,2399.3333333333335,2428.6,2645.5,3055.4761904761904,2339.1382563998504,2339.0413025545586,2336.7156942850497,2348.6547270635956
2018-09-11,576.0,572.0,572.0,569.6666666666666,567.8,564.3,554.6190476190476,575.2941517594297,575.4419568186695,576.5281419945729,583.9280920902288,1134.0,1135.0,1135.0,1135.0,1135.0,1132.4,1098.0,1134.9047033588283,1134.7799767021322,1133.5450149946942,1123.0670652443112,1550.0,1556.0,1556.0,1542.6666666666667,1529.6,1552.3,1525.4761904761904,1562.4784943223308,1559.833939598485,1557.732095317209,1548.35467798216,2074.0,2191.0,2191.0,2321.6666666666665,2359.8,2555.8,2994.095238095238,2082.4212117037664,2088.835207490223,2098.810108876972,2130.2946403282594
2018-09-12,581.0,576.0,576.0,572.3333333333334,570.0,566.3,556.1904761904761,579.9244438325421,580.0003871927514,580.8968938802882,587.6652098996368,1132.0,1134.0,1134.0,1135.0,1134.8,1133.7,1102.4761904761904,1133.2598327453677,1133.1340796195998,1132.5438076315318,1123.4982453995187,1534.0,1550.0,1550.0,1550.0,1538.8,1543.4,1535.5238095238096,1538.6257257597586,1538.0404823076124,1537.6270079698454,1533.426644951404,1980.0,2074.0,2074.0,2209.3333333333335,2292.6,2463.8,2924.4761904761904,2018.396170383782,2019.1796735134246,2025.3185870511984,2051.643114806228
2018-09-13,588.0,581.0,581.0,576.3333333333334,573.2,568.5,558.0,585.5102547248159,585.6155223881543,586.2666006792085,591.9498418524166,1134.0,1132.0,1132.0,1133.6666666666667,1134.2,1134.1,1106.7619047619048,1131.2184726664848,1131.2503400541073,1130.9948073857283,1124.1501507891453,1523.0,1534.0,1534.0,1546.6666666666667,1542.4,1536.0,1543.7142857142858,1513.5601223915692,1513.3874017770022,1514.519501075425,1510.666778981972,1900.0,1980.0,1980.0,2081.6666666666665,2203.8,2379.2,2847.9523809523807,1917.2249102189483,1916.6607196110333,1917.5440859444063,1937.0738346871033
2018-09-14,596.0,588.0,588.0,581.6666666666666,577.2,571.1,560.1428571428571,592.997034615204,592.8507734118801,593.3478044706857,598.3951283440845,1138.0,1134.0,1134.0,1133.3333333333333,1134.2,1134.3,1111.0,1137.0393653673932,1137.2929811210681,1137.8534195861357,1132.8059309438775,1518.0,1523.0,1523.0,1535.6666666666667,1541.4,1531.2,1549.4285714285713,1510.8287944816307,1512.4834599962628,1513.081271101204,1506.6111246635212,1853.0,1900.0,1900.0,1984.6666666666667,2101.6,2296.0,2768.904761904762,1881.014139336545,1873.3531478812072,1868.0701453219633,1881.193877683925
2018-09-17,600.0,596.0,596.0,588.3333333333334,582.6,574.4,562.6190476190476,602.5045285061457,602.4273929897838,602.620591175042,606.511452888664,1151.0,1138.0,1138.0,1134.6666666666667,1134.6,1134.8,1115.1904761904761,1142.636950359232,1142.5735648872255,1143.1393243594534,1139.1861019447235,1525.0,1518.0,1518.0,1525.0,1536.2,1529.0,1552.8095238095239,1517.1991271973511,1518.0058007958942,1516.6220630346436,1506.7339038719401,1826.0,1853.0,1853.0,1911.0,1999.6,2214.1,2691.6190476190477,1851.5585463441234,1848.021749181395,1846.682288736365,1862.5201800922287
2018-09-18,604.0,600.0,600.0,594.6666666666666,588.2,578.0,565.2380952380952,605.3881510746771,605.0513429245156,605.2292799651781,609.379447523401,1159.0,1151.0,1151.0,1141.0,1137.8,1136.4,1119.7142857142858,1159.113614096241,1159.048576704084,1160.317749923706,1156.8941335551065,1530.0,1525.0,1525.0,1522.0,1530.0,1529.8,1554.7142857142858,1539.6947536872676,1538.4866724098847,1533.4395768525903,1517.2584470001566,1850.0,1826.0,1826.0,1859.6666666666667,1926.6,2143.2,2614.095238095238,1848.6541592751532,1854.4563286280963,1860.7556559316035,1872.5032550130522
2018-09-19,612.0,604.0,604.0,600.0,593.8,581.9,568.1428571428571,609.5621306352332,609.5896271577957,609.9846680539996,614.0057135136865,1169.0,1159.0,1159.0,1149.3333333333333,1142.8,1138.8,1124.3333333333333,1165.6560239360042,1164.7916301433572,1165.1896070875575,1162.116422577761,1557.0,1530.0,1530.0,1524.3333333333333,1526.0,1532.4,1555.857142857143,1536.2765274642506,1534.46630570664,1529.7628896757947,1514.7322773105257,1838.0,1850.0,1850.0,1843.0,1881.8,2087.2,2539.1428571428573,1896.7569337109703,1901.2473036799704,1901.1711355476623,1903.757026762362
2018-09-20,617.0,612.0,612.0,605.3333333333334,600.0,586.6,571.4285714285714,619.5532796132383,620.0349347556042,620.5582957348722,623.648624998605,1175.0,1169.0,1169.0,1159.6666666666667,1150.2,1142.2,1129.095238095238,1180.9289384310614,1180.4112280331613,1180.3977724593212,1175.9814074775181,1586.0,1557.0,1557.0,1537.3333333333333,1530.6,1536.5,1557.142857142857,1581.4356248927047,1580.7593227437842,1576.934503620536,1560.2619261251325,1840.0,1838.0,1838.0,1838.0,1853.4,2028.6,2463.5238095238096,1870.4896082255116,1874.7533660059166,1878.0578282778035,1887.8418255392728
2018-09-21,622.0,617.0,617.0,611.0,605.8,591.5,574.7142857142857,623.3889915678183,622.8493650753776,622.9809884445298,626.4671134334872,1185.0,1175.0,1175.0,1167.6666666666667,1158.4,1146.3,1133.7142857142858,1182.0680846347495,1182.5577965420916,1183.084020529458,1179.471134693551,1609.0,1586.0,1586.0,1557.6666666666667,1543.2,1542.3,1558.3809523809523,1610.0246480673222,1611.0153569565139,1606.6559437896312,1586.277988017345,1864.0,1840.0,1840.0,1842.6666666666667,1841.4,1971.5,2390.6190476190477,1896.8454514316418,1899.0355240464578,1899.5842143979091,1916.7156654070143
2018-09-24,622.0,622.0,622.0,617.0,611.0,596.8,578.2857142857143,628.5199954053646,628.0293972507275,628.1441717215059,632.2119315917002,1190.0,1185.0,1185.0,1176.3333333333333,1167.8,1151.2,1138.3809523809523,1194.332075597465,1195.2787816659402,1195.3543278448392,1189.9478051836822,1639.0,1609.0,1609.0,1584.0,1561.4,1548.8,1558.4761904761904,1626.849980111033,1626.354842845983,1621.7168774696343,1602.131335394486,1868.0,1864.0,1864.0,1847.3333333333333,1843.6,1921.6,2325.4761904761904,1951.71706055791,1951.414453291886,1953.6045544423264,1964.8945560118727
2018-09-25,626.0,622.0,622.0,620.3333333333334,615.4,601.8,581.6666666666666,624.8141613236212,624.6472871346666,625.0068639702323,630.1590373987365,1194.0,1190.0,1190.0,1183.3333333333333,1175.6,1156.7,1142.904761904762,1192.0834448198596,1191.524784673959,1191.1737184308026,1187.153267014221,1677.0,1639.0,1639.0,1611.3333333333333,1584.2,1557.1,1558.904761904762,1666.6193325712609,1665.2236799233033,1658.0691357910805,1628.7092431763404,1910.0,1868.0,1868.0,1857.3333333333333,1852.0,1889.3,2263.7619047619046,1952.6544373134748,1957.5110396065647,1956.8228540448713,1965.132378119678
2018-09-26,627.0,626.0,626.0,623.3333333333334,619.8,606.8,585.0952380952381,630.486151251643,631.0332311475022,631.7412440711018,636.3078579877866,1195.0,1194.0,1194.0,1189.6666666666667,1182.6,1162.7,1146.904761904762,1199.9907561993032,1199.884340030736,1199.0068211802884,1195.0131787447338,1689.0,1677.0,1677.0,1641.6666666666667,1613.6,1569.8,1560.5238095238096,1708.4301233201918,1708.6424749829257,1702.885888907099,1673.7178244541033,1949.0,1910.0,1910.0,1880.6666666666667,1864.0,1872.9,2207.6666666666665,2023.399615129727,2019.9323551049752,2016.81168901833,2029.5855652881964
2018-09-27,629.0,627.0,627.0,625.0,622.8,611.4,588.4761904761905,629.6529281407779,629.2102639477303,629.6876280219694,634.7978170995217,1194.0,1195.0,1195.0,1193.0,1187.8,1169.0,1150.4285714285713,1195.4474859135362,1195.2135235552123,1194.3253525431414,1190.696060489573,1695.0,1689.0,1689.0,1668.3333333333333,1640.0,1585.3,1562.904761904762,1691.934429279549,1690.788739292796,1684.9075947533904,1657.9049657625665,2000.0,1949.0,1949.0,1909.0,1886.2,1869.8,2157.904761904762,2037.8662736459344,2039.3524194170463,2040.1861442514291,2052.4362245649686
2018-09-28,630.0,629.0,629.0,627.3333333333334,625.2,615.5,591.8095238095239,631.1671445240856,631.1835430040373,631.866890848557,637.1087674044026,1193.0,1194.0,1194.0,1194.3333333333333,1191.6,1175.0,1153.5714285714287,1193.9494289614993,1194.1015999550598,1192.9478231168343,1188.7115174681092,1692.0,1695.0,1695.0,1687.0,1661.8,1602.5,1567.047619047619,1694.6908168622367,1692.7581148560798,1687.6638455799407,1664.1278552959102,2061.0,2000.0,2000.0,1953.0,1918.2,1879.8,2118.5714285714284,2094.151608143826,2096.0857610221815,2095.723465581135,2102.448078538333
2018-10-01,631.0,630.0,630.0,628.6666666666666,626.8,618.9,595.047619047619,631.5832362622277,631.4728319934205,632.2829266147268,637.2882197152593,1189.0,1193.0,1193.0,1194.0,1193.2,1180.5,1156.4761904761904,1190.914221623983,1190.9828663882724,1189.944218747031,1185.4616605614337,1678.0,1692.0,1692.0,1692.0,1678.4,1619.9,1572.8095238095239,1695.5932114342186,1695.496669442639,1690.9188642609752,1664.0610308036175,2148.0,2061.0,2061.0,2003.3333333333333,1957.6,1900.6,2086.6190476190477,2176.5768799099706,2172.612173026984,2172.25412404081,2188.179353290747
2018-10-02,633.0,631.0,631.0,630.0,628.6,622.0,598.2857142857143,632.315302609575,632.7533102919253,633.6076811124713,638.2504618399656,1190.0,1189.0,1189.0,1192.0,1193.0,1184.3,1159.142857142857,1185.0833742748302,1185.3259509049067,1184.2793829829352,1180.6114598463978,1679.0,1678.0,1678.0,1688.3333333333333,1686.2,1635.2,1579.3809523809523,1664.837433728214,1664.193441375248,1660.759069348684,1639.9373956484712,2199.0,2148.0,2148.0,2069.6666666666665,2013.6,1932.8,2061.6666666666665,2234.916392729541,2234.048879220507,2233.004087003436,2237.7335986071307
2018-10-03,634.0,633.0,633.0,631.3333333333334,630.0,624.9,601.5714285714286,635.0914148434001,635.4096840862354,636.1666549691163,640.024972486591,1192.0,1190.0,1190.0,1190.6666666666667,1192.2,1187.4,1161.7619047619048,1189.8963747206992,1190.2834733708346,1189.3271947648327,1186.0124954748508,1706.0,1679.0,1679.0,1683.0,1686.6,1650.1,1587.095238095238,1682.6346687534901,1681.2554601124532,1676.9344220002206,1652.6930017738473,2148.0,2199.0,2199.0,2136.0,2071.4,1967.7,2045.6666666666667,2282.0740385583354,2278.3004295968576,2274.7392384250516,2279.482041422343
2018-10-04,637.0,634.0,634.0,632.6666666666666,631.4,627.1,604.8571428571429,636.0702949991359,636.3510746448187,637.4801260654851,642.4184750889146,1197.0,1192.0,1192.0,1190.3333333333333,1191.6,1189.7,1164.4761904761904,1192.4115472356589,1191.9145215279893,1190.9148910606505,1187.88742820995,1727.0,1706.0,1706.0,1687.6666666666667,1690.0,1665.0,1596.7142857142858,1734.9006110426299,1734.3940661733752,1728.9225610665026,1697.9777778210741,2081.0,2148.0,2148.0,2165.0,2111.2,1998.7,2033.1904761904761,2194.4433924807754,2189.4737960888456,2184.3706281524637,2194.0062629663316
2018-10-05,639.0,637.0,637.0,634.6666666666666,633.0,629.1,608.2857142857143,641.1231205545043,641.2485835410212,642.1523811086629,646.6490190631364,1201.0,1197.0,1197.0,1193.0,1192.2,1191.9,1167.4285714285713,1201.6679823828517,1200.7968666001855,1199.5451844535135,1196.2683315076665,1749.0,1727.0,1727.0,1704.0,1696.4,1679.1,1606.7619047619048,1743.7601004083667,1741.8419172560848,1736.371359939838,1708.7972088957767,2042.0,2081.0,2081.0,2142.6666666666665,2127.4,2022.8,2016.857142857143,2129.365868104421,2125.5776172149945,2123.2487105039445,2133.596071532452
2018-10-08,643.0,639.0,639.0,636.6666666666666,634.8,630.8,611.6666666666666,642.5140285621028,642.6514672516121,643.4037278166493,648.1734449155908,1203.0,1201.0,1201.0,1196.6666666666667,1193.8,1193.5,1170.6190476190477,1203.6351843136254,1203.0212492995743,1202.3813353453502,1200.1607561858264,1747.0,1749.0,1749.0,1727.3333333333333,1707.8,1693.1,1617.2857142857142,1771.9793671208047,1768.642637835181,1762.1635275186854,1732.6441764944982,1961.0,2042.0,2042.0,2090.3333333333335,2123.6,2040.6,1999.2857142857142,2103.0486214787297,2107.1735461814123,2110.7375340814,2118.8391872827533
2018-10-09,647.0,643.0,643.0,639.6666666666666,637.2,632.9,615.1904761904761,647.4544130260846,647.8142894984006,648.7773092290009,652.9747774735076,1205.0,1203.0,1203.0,1200.3333333333333,1196.6,1194.8,1173.8095238095239,1205.3745176225261,1205.4347574064568,1205.1760374806724,1203.7328835595076,1749.0,1747.0,1747.0,1741.0,1721.6,1703.9,1626.952380952381,1736.0206708934209,1735.825168291076,1734.7090323077905,1716.3541080344116,1949.0,1961.0,1961.0,2028.0,2086.2,2049.9,1980.142857142857,1963.264465485325,1966.1305835959029,1970.3301954262356,1982.2869775104589
2018-10-10,652.0,647.0,647.0,643.0,640.0,635.0,618.7619047619048,651.8803536853285,651.9173607940953,652.454403442865,656.4516065814967,1207.0,1205.0,1205.0,1203.0,1199.6,1195.9,1177.142857142857,1208.8187010272077,1209.142994992196,1209.458200167322,1208.4821934338834,1763.0,1749.0,1749.0,1748.3333333333333,1735.6,1711.1,1636.142857142857,1757.3149858246966,1756.5072033325318,1752.5246942798585,1728.3833864894152,2005.0,1949.0,1949.0,1984.0,2036.2,2053.8,1968.6190476190477,2050.2930010848368,2045.3965247168587,2038.229553879818,2051.237671663092
2018-10-11,657.0,652.0,652.0,647.3333333333334,643.6,637.5,622.3809523809524,657.9312794185856,657.764815121066,657.9558347654265,661.1038168748646,1204.0,1207.0,1207.0,1205.0,1202.6,1197.1,1180.6190476190477,1212.8035476636062,1213.0254566738015,1214.0735962880053,1214.6282174727053,1775.0,1763.0,1763.0,1753.0,1747.0,1718.5,1646.2857142857142,1784.1875136154254,1782.4336803844612,1777.9556110580459,1755.3598541797276,2169.0,2005.0,2005.0,1971.6666666666667,2007.6,2059.4,1965.3333333333333,2156.0955279175623,2154.1005121214844,2151.0640671784763,2165.4188875268405
2018-10-12,661.0,657.0,657.0,652.0,647.6,640.3,626.0,662.1994383812623,661.7273892370999,661.6042022782092,664.838610745793,1200.0,1204.0,1204.0,1205.3333333333333,1204.0,1198.1,1184.047619047619,1208.350272198924,1208.0330817577783,1208.727698171306,1210.152490981265,1779.0,1775.0,1775.0,1762.3333333333333,1756.6,1726.5,1657.7619047619048,1786.2191799675802,1784.9245774634346,1780.9137432778148,1758.388699328685,2189.0,2169.0,2169.0,2041.0,2025.2,2076.3,1974.3333333333333,2350.5537199747578,2344.382679018643,2335.851811468142,2337.888617331235
2018-10-15,663.0,661.0,661.0,656.6666666666666,652.0,643.4,629.4761904761905,665.2095409487617,665.0302747224855,664.9527217789324,667.9290610448544,1196.0,1200.0,1200.0,1203.6666666666667,1203.8,1198.8,1187.1904761904761,1201.1878343341014,1201.7658430731422,1203.2921309995058,1205.5716761276917,1793.0,1779.0,1779.0,1772.3333333333333,1762.6,1735.2,1669.952380952381,1780.2319216381727,1778.5325018423196,1774.324716448566,1752.1285328508627,2164.0,2189.0,2189.0,2121.0,2054.6,2089.1,1988.095238095238,2250.679482883233,2251.0647970504892,2245.604076898453,2252.4518777078392
2018-10-16,665.0,663.0,663.0,660.3333333333334,656.0,646.6,632.6666666666666,665.2007627847659,665.0623471866578,664.9874983547808,668.1786477768334,1192.0,1196.0,1196.0,1200.0,1202.4,1199.5,1189.952380952381,1193.8002270364232,1194.993599361839,1196.99687895438,1199.4434809315078,1796.0,1793.0,1793.0,1782.3333333333333,1771.8,1746.7,1683.047619047619,1810.6603063025436,1810.0556211153116,1803.6133128443962,1773.5182544388706,2106.0,2164.0,2164.0,2174.0,2095.2,2090.7,2002.904761904762,2238.399737417912,2231.231905022525,2224.4653845020057,2246.092388030951
2018-10-17,668.0,665.0,665.0,663.0,659.6,649.8,635.7619047619048,667.1803123513234,667.0832615904196,666.7616006897788,669.2837909513324,1181.0,1192.0,1192.0,1196.0,1199.8,1199.7,1191.904761904762,1189.4384809556964,1190.093495756107,1191.4428941958993,1193.681460781424,1789.0,1796.0,1796.0,1789.3333333333333,1781.2,1758.4,1695.952380952381,1800.1259107399787,1799.5295795250936,1793.8135384142447,1766.8004373249414,2176.0,2106.0,2106.0,2153.0,2126.6,2081.4,2016.2380952380952,2157.995172270988,2157.1414159090646,2164.1720261787073,2193.1376490872553
2018-10-18,670.0,668.0,668.0,665.3333333333334,662.8,653.2,638.8095238095239,670.1005713871964,669.9097992455431,669.397774662221,672.1188180288849,1170.0,1181.0,1181.0,1189.6666666666667,1194.6,1198.6,1192.952380952381,1176.4496951722147,1175.994699050001,1176.4402707375064,1178.4885887468276,1775.0,1789.0,1789.0,1792.6666666666667,1786.4,1766.7,1708.2857142857142,1787.5034095917506,1785.6814768267236,1780.6426632261114,1755.98426342441,2230.0,2176.0,2176.0,2148.6666666666665,2160.8,2084.2,2031.7619047619048,2291.031361542934,2289.5700106164973,2295.4340518997387,2322.327097317118
2018-10-19,671.0,670.0,670.0,667.6666666666666,665.4,656.5,641.5714285714286,670.7898077098089,670.3685532814368,669.61250844293,672.167313578642,1163.0,1170.0,1170.0,1181.0,1187.8,1195.9,1193.0,1164.306115201688,1164.9327490079363,1165.951217552104,1168.2909457799378,1756.0,1775.0,1775.0,1786.6666666666667,1786.4,1771.5,1718.6666666666667,1760.6167076645183,1760.9564976698562,1758.550367499778,1737.593573174484,2296.0,2230.0,2230.0,2170.6666666666665,2173.0,2099.1,2050.4285714285716,2298.2446754725224,2293.37419920309,2289.3032716209327,2293.6819235563385
2018-10-22,673.0,671.0,671.0,669.6666666666666,667.4,659.7,644.1428571428571,671.1855842809794,670.6218720626598,669.5878065216608,671.9110272339665,1156.0,1163.0,1163.0,1171.3333333333333,1180.4,1192.1,1192.4285714285713,1157.5360782213784,1158.801566662973,1160.5074286238014,1164.429435371579,1715.0,1756.0,1756.0,1773.3333333333333,1781.8,1772.2,1726.7619047619048,1742.9331425266319,1742.8356960958906,1739.5779360879467,1719.4470066460512,2363.0,2296.0,2296.0,2234.0,2194.4,2124.5,2072.1428571428573,2371.8753778224454,2367.156632844865,2361.7370006061446,2356.202562036208
2018-10-23,675.0,673.0,673.0,671.3333333333334,669.4,662.7,646.5714285714286,673.7639772201009,673.3482412861694,672.2884319249927,674.2079460308676,1144.0,1156.0,1156.0,1163.0,1172.4,1187.4,1191.047619047619,1151.1320122459426,1151.399439788185,1152.295204336255,1155.298968743147,1669.0,1715.0,1715.0,1748.6666666666667,1766.2,1769.0,1731.8095238095239,1686.4862209121054,1684.7705661067857,1681.3333621244865,1665.2833884250285,2388.0,2363.0,2363.0,2296.3333333333335,2234.2,2164.7,2095.904761904762,2423.540061328933,2428.398358681666,2433.403210433809,2440.641496841004
2018-10-24,676.0,675.0,675.0,673.0,671.4,665.5,649.0952380952381,675.449258190012,674.915835768781,673.8324983800259,675.979515806983,1132.0,1144.0,1144.0,1154.3333333333333,1162.8,1181.3,1188.857142857143,1137.1680457679968,1135.8552312955603,1136.332297055525,1140.8459306695886,1622.0,1669.0,1669.0,1713.3333333333333,1740.8,1761.0,1733.2380952380952,1634.9057171958966,1632.0613722993219,1628.4417240767632,1616.558286622329,2353.0,2388.0,2388.0,2349.0,2290.6,2208.6,2120.6666666666665,2444.1811541899506,2446.3751115949935,2447.8194722017997,2442.7015508013055
2018-10-25,675.0,676.0,676.0,674.6666666666666,673.0,667.9,651.4761904761905,674.9692167313765,674.2929290373885,673.3514792786602,675.9329552262262,1117.0,1132.0,1132.0,1144.0,1153.0,1173.8,1185.904761904762,1121.762277023584,1121.855189676502,1123.6602917926436,1129.2423974213962,1583.0,1622.0,1622.0,1668.6666666666667,1707.4,1746.9,1730.6190476190477,1587.6528113499055,1586.310831497678,1582.4381779249761,1570.4736211651439,2526.0,2353.0,2353.0,2368.0,2326.0,2243.4,2141.7619047619046,2411.063208440302,2403.2211845966162,2394.7610690203273,2386.6264598453326
2018-10-26,675.0,675.0,675.0,675.3333333333334,674.0,669.7,653.7619047619048,673.4075329240064,673.0269265647853,672.3651812686192,675.280585557931,1106.0,1117.0,1117.0,1131.0,1142.4,1165.1,1182.1904761904761,1106.1302191057962,1106.9034461138306,1109.0500406566653,1114.5566106569836,1556.0,1583.0,1583.0,1624.6666666666667,1669.0,1727.7,1725.5714285714287,1561.4944273248907,1560.0656490849137,1556.125251877534,1546.8333525230964,2607.0,2526.0,2526.0,2422.3333333333335,2385.2,2279.1,2169.2380952380954,2735.237551475857,2729.194642572646,2719.7510517858127,2691.391375823896
2018-10-29,675.0,675.0,675.0,675.3333333333334,674.8,671.1,655.952380952381,673.9901628313852,673.9754868745923,673.3891712204852,675.2616293836907,1087.0,1106.0,1106.0,1118.3333333333333,1131.0,1155.7,1178.0,1096.9302580528315,1097.6074254489035,1100.2368638449789,1106.9214912092787,1530.0,1556.0,1556.0,1587.0,1629.0,1705.4,1718.952380952381,1542.620662058573,1541.80808692908,1539.0895711241128,1530.7965730291812,2630.0,2607.0,2607.0,2495.3333333333335,2447.4,2320.9,2198.1428571428573,2709.802278744562,2712.0398999241515,2707.715246913303,2681.8231419340673
2018-10-30,671.0,675.0,675.0,675.0,675.2,672.3,658.0952380952381,673.8108105118454,673.6822433967866,673.1012301049232,674.5153713333226,1073.0,1087.0,1087.0,1103.3333333333333,1117.2,1144.8,1172.952380952381,1073.8129450283316,1073.892549241282,1075.9154738969319,1083.342289182206,1524.0,1530.0,1530.0,1556.3333333333333,1592.0,1679.1,1711.2380952380952,1515.8535015528419,1515.465437593579,1513.7232248507746,1508.389267447245,2596.0,2630.0,2630.0,2587.6666666666665,2500.8,2367.5,2225.2380952380954,2724.3668560437472,2710.7381296223652,2687.648274223761,2653.943352233676
2018-10-31,668.0,671.0,671.0,673.6666666666666,674.4,672.9,660.0,668.7192518474635,668.6352793169644,668.1870781986332,669.1818606961264,1061.0,1073.0,1073.0,1088.6666666666667,1103.0,1132.9,1167.4285714285713,1061.2108896246843,1062.386617583229,1065.007205096665,1073.254805515606,1526.0,1524.0,1524.0,1536.6666666666667,1563.0,1651.9,1703.904761904762,1530.5624305696945,1530.652513697305,1528.716376737561,1519.3896146180093,2530.0,2596.0,2596.0,2611.0,2542.4,2416.5,2246.5714285714284,2680.967276482068,2670.717809796016,2651.2360720873103,2617.72139243612
2018-11-01,666.0,668.0,668.0,671.3333333333334,672.8,672.9,661.6666666666666,665.4665919869416,665.4169814105553,665.1614482073215,666.0991613824995,1051.0,1061.0,1061.0,1073.6666666666667,1088.8,1120.9,1161.2857142857142,1050.3228913624234,1050.7911479440038,1052.97552410816,1062.441848642543,1530.0,1526.0,1526.0,1526.6666666666667,1543.8,1625.6,1696.6190476190477,1535.8024052747849,1536.0753165016354,1533.2576802740214,1520.5375822252795,2502.0,2530.0,2530.0,2585.3333333333335,2577.8,2451.9,2262.3333333333335,2593.565696811671,2589.246258530494,2580.356024542422,2554.449439023812
2018-11-02,665.0,666.0,666.0,668.3333333333334,671.0,672.5,663.1904761904761,663.9839816202633,664.1942643676294,663.8835892358412,664.4295996085182,1041.0,1051.0,1051.0,1061.6666666666667,1075.6,1109.0,1154.5714285714287,1043.9489131644982,1044.2301867031772,1045.999669239153,1056.1384269065757,1531.0,1530.0,1530.0,1526.6666666666667,1533.2,1601.1,1688.2380952380952,1539.4053401836627,1539.465545066966,1537.5111131481335,1524.7162837338237,2397.0,2502.0,2502.0,2542.6666666666665,2573.0,2479.1,2279.190476190476,2603.1765482982696,2597.2783035692064,2580.230093209344,2553.589199067402
2018-11-05,663.0,665.0,665.0,666.3333333333334,669.0,671.9,664.5238095238095,663.2129138357277,663.0465078908537,662.2399708132559,662.163129901271,1033.0,1041.0,1041.0,1051.0,1062.6,1096.8,1147.142857142857,1034.1823165006429,1033.6305226065183,1035.0095739595927,1046.160267462078,1528.0,1531.0,1531.0,1529.0,1528.2,1578.6,1678.904761904762,1539.24522964982,1537.9501489569193,1535.4451555409985,1520.8138639595797,2296.0,2397.0,2397.0,2476.3333333333335,2531.0,2489.2,2294.2380952380954,2434.548965868508,2434.708450416236,2427.2602621024907,2413.677374184172
2018-11-06,660.0,663.0,663.0,664.6666666666666,666.6,670.9,665.6666666666666,660.9075277006045,660.5318711468406,659.785754177717,659.4347968150807,1021.0,1033.0,1033.0,1041.6666666666667,1051.8,1084.5,1139.142857142857,1027.0662116479145,1027.4752241809642,1029.1530386912775,1040.5479767164845,1511.0,1528.0,1528.0,1529.6666666666667,1527.8,1559.9,1668.3809523809523,1530.5986527150303,1530.0931602661724,1527.3676778397921,1511.6187487298912,1968.0,2296.0,2296.0,2398.3333333333335,2464.2,2482.5,2306.3333333333335,2340.033210900343,2329.674979274914,2315.820751819103,2312.1189023221596
2018-11-07,658.0,660.0,660.0,662.6666666666666,664.4,669.4,666.4761904761905,657.0325043597749,656.8125958018661,655.7783696332755,654.1668949927481,1013.0,1021.0,1021.0,1031.6666666666667,1041.4,1072.2,1130.4761904761904,1011.6424617691438,1011.3318749854636,1013.040184878216,1026.264314698488,1496.0,1511.0,1511.0,1523.3333333333333,1525.2,1544.1,1657.142857142857,1494.2549900158917,1493.6222370209582,1491.3238494435604,1475.0643380133783,1747.0,1968.0,1968.0,2220.3333333333335,2338.6,2440.5,2306.6666666666665,1892.8289581888935,1891.6000159327073,1891.1037929302856,1907.938294211134
2018-11-08,656.0,658.0,658.0,660.3333333333334,662.4,667.6,667.0,655.670110734743,655.7547889202846,654.8446173262382,652.2735228078151,1003.0,1013.0,1013.0,1022.3333333333334,1031.8,1060.3,1121.3333333333333,1006.2446753838135,1006.0036729243164,1007.91669807484,1021.382532791689,1495.0,1496.0,1496.0,1511.6666666666667,1519.2,1531.5,1645.095238095238,1487.6419078466474,1486.8920862236905,1482.5285977055792,1464.635181525447,1461.0,1747.0,1747.0,2003.6666666666667,2182.0,2379.9,2297.0476190476193,1777.459673093105,1767.114609918874,1759.0240396173508,1783.5780028657907
2018-11-09,654.0,656.0,656.0,658.0,660.4,665.7,667.1904761904761,654.3278855387523,654.2759409477654,652.9873759569047,648.7962051796657,994.0,1003.0,1003.0,1012.3333333333334,1022.2,1048.9,1111.6190476190477,996.2318742859873,995.3792476872226,997.0658186793546,1010.9469511644636,1496.0,1495.0,1495.0,1500.6666666666667,1512.2,1522.7,1632.3333333333333,1496.2953288233111,1496.4112491794865,1492.6664108957498,1469.9437336604021,1398.0,1461.0,1461.0,1725.3333333333333,1973.8,2273.4,2271.1428571428573,1425.7882173788048,1424.299717969399,1425.5432070804093,1455.0851037363823
2018-11-12,653.0,654.0,654.0,656.0,658.2,663.6,667.047619047619,652.2998654889085,651.8775355538866,650.4666463564265,646.1724144092304,986.0,994.0,994.0,1003.3333333333334,1012.8,1037.7,1101.6190476190477,988.7223330785928,987.9690415920722,989.67832253861,1004.0448817457687,1498.0,1496.0,1496.0,1495.6666666666667,1505.2,1516.7,1619.047619047619,1504.0805510622936,1503.658230818336,1497.1128650064602,1473.2203744274407,1153.0,1398.0,1398.0,1535.3333333333333,1774.0,2152.5,2234.4285714285716,1524.7165350203195,1513.0078908473351,1502.6775575586003,1523.8942635438918
2018-11-13,652.0,653.0,653.0,654.3333333333334,656.2,661.4,666.6666666666666,652.1155140528152,652.1298515721024,650.4591768180712,643.1273618527896,982.0,986.0,986.0,994.3333333333334,1003.4,1027.6,1091.4285714285713,977.8473139334428,977.8050353306813,980.2401601613585,996.6847649459935,1484.0,1498.0,1498.0,1496.3333333333333,1499.2,1513.5,1605.6666666666667,1495.2417883295097,1495.46834005974,1492.304917908331,1469.1216181339964,940.0,1153.0,1153.0,1337.3333333333333,1545.4,2004.8,2185.095238095238,1045.3714955512223,1054.0086604877692,1063.5177032962483,1097.4771364776311
2018-11-14,649.0,652.0,652.0,653.0,654.6,659.5,666.1428571428571,651.7659999625293,651.4417559043084,649.0996015586265,641.5799374803793,970.0,982.0,982.0,987.3333333333334,995.6,1018.5,1081.2380952380952,977.8459509266634,978.1741239796006,980.7895781757818,997.4507990858525,1466.0,1484.0,1484.0,1492.6666666666667,1493.8,1509.5,1590.952380952381,1470.8824323242202,1470.5277023703325,1464.8231239994736,1442.90546332878,1007.0,940.0,940.0,1163.6666666666667,1339.8,1839.2,2126.809523809524,905.2547124882285,911.1114837961919,920.6589595931823,952.528137475637
2018-11-15,646.0,649.0,649.0,651.3333333333334,652.8,657.6,665.3809523809524,646.3829441850883,645.9338370095589,643.5005233539123,635.9828521445152,969.0,970.0,970.0,979.3333333333334,987.0,1009.4,1070.6666666666667,960.9512518680085,961.4616192122699,964.1271417167121,982.3823260693414,1453.0,1466.0,1466.0,1482.6666666666667,1487.8,1503.5,1575.2380952380952,1455.189375519282,1453.3080782208522,1446.1725050147186,1423.9046168042164,1057.0,1007.0,1007.0,1033.3333333333333,1191.8,1686.9,2074.4761904761904,1208.8592120795279,1206.7593895755977,1206.713696383281,1236.5340658758687
2018-11-16,645.0,646.0,646.0,649.0,650.8,655.6,664.3333333333334,643.1268760536686,642.8758009460229,641.0679814145738,634.6816398922217,964.0,969.0,969.0,973.6666666666666,980.2,1001.2,1060.5714285714287,965.9860983205065,966.4997933194869,969.5699423185821,986.1775844353444,1437.0,1453.0,1453.0,1467.6666666666667,1479.4,1495.8,1559.2380952380952,1446.2398391624615,1445.9086222756841,1439.043098784712,1417.074108644854,1050.0,1057.0,1057.0,1001.3333333333334,1111.0,1542.4,2021.1904761904761,1174.3303516548792,1179.2657729233094,1188.6841411938253,1222.284110385952
2018-11-19,644.0,645.0,645.0,646.6666666666666,649.0,653.6,663.1428571428571,643.0379009540238,642.8866159445125,641.3329910655489,634.7729735872839,963.0,964.0,964.0,967.6666666666666,974.2,993.5,1050.7619047619048,960.0736274856968,960.2707624520042,962.6905776425277,978.8107959836813,1416.0,1437.0,1437.0,1452.0,1467.6,1486.4,1543.142857142857,1422.3719619643362,1421.7044041586662,1415.5574546762468,1395.7598273821818,1002.0,1050.0,1050.0,1038.0,1041.4,1407.7,1965.0,1128.5665334874266,1116.293329829619,1097.0026463306788,1118.5614702589278
2018-11-20,642.0,644.0,644.0,645.0,647.2,651.7,661.8571428571429,642.2615455797326,641.7495220463254,639.9799500259065,633.1110040739279,959.0,963.0,963.0,965.3333333333334,969.6,986.5,1041.2380952380952,959.9482737755498,960.0870482107538,962.2488995876272,976.8959882924128,1393.0,1416.0,1416.0,1435.3333333333333,1451.2,1475.2,1526.952380952381,1398.8267851609255,1396.859076533759,1389.5939307882504,1372.628048077816,1056.0,1002.0,1002.0,1036.3333333333333,1011.2,1278.3,1903.3809523809523,1037.864627428351,1041.3546712634657,1046.291870592695,1076.9206886079855
2018-11-21,638.0,642.0,642.0,643.6666666666666,645.2,649.9,660.3809523809524,639.1638662823601,638.3634025173695,636.3962931569844,629.8656831394039,956.0,959.0,959.0,962.0,965.0,980.3,1031.857142857143,955.3156173202511,955.0703335841266,957.2473112233488,971.2194248377939,1378.0,1393.0,1393.0,1415.3333333333333,1433.0,1463.4,1511.6190476190477,1379.6363067016248,1377.123850611813,1369.8945118687952,1353.23170001341,1089.0,1056.0,1056.0,1036.0,1034.4,1187.1,1841.142857142857,1194.8305217148486,1196.8708472213139,1204.3610915175982,1241.5467743356314
2018-11-22,635.0,638.0,638.0,641.3333333333334,643.0,647.9,658.6190476190476,633.7124298065118,633.4004621660954,631.9862800045695,626.0075349579115,952.0,956.0,956.0,959.3333333333334,962.2,974.6,1022.9047619047619,951.3659810656425,952.3836508367942,955.3313280173503,969.4518997362818,1376.0,1378.0,1378.0,1395.6666666666667,1415.4,1451.6,1497.7619047619048,1369.7695021466645,1369.2951276454348,1364.2821568772185,1348.2386830089108,1358.0,1089.0,1089.0,1049.0,1050.8,1121.3,1779.2857142857142,1205.359518409121,1198.8399555311862,1192.6232163163925,1214.1051966897378
2018-11-23,633.0,635.0,635.0,638.3333333333334,640.8,645.8,656.6666666666666,631.1435888319825,631.0719044936076,629.6408741835801,623.2651857334555,947.0,952.0,952.0,955.6666666666666,958.8,969.5,1014.3333333333334,949.7691336517436,949.7006018719012,952.2242404108854,966.1440662670358,1389.0,1376.0,1376.0,1382.3333333333333,1400.0,1439.7,1486.047619047619,1381.0630162683324,1380.3050745897872,1377.3979709874966,1366.1749169123782,1789.0,1358.0,1358.0,1167.6666666666667,1111.0,1111.0,1731.904761904762,1592.4076803937405,1594.3827179060777,1603.17729320071,1625.6915957401982
2018-11-26,631.0,633.0,633.0,635.3333333333334,638.4,643.7,654.6666666666666,629.3405873645069,629.0956484929897,627.0377187276441,618.9989081995099,943.0,947.0,947.0,951.6666666666666,955.4,964.8,1006.2380952380952,945.3672216108002,945.763950186179,949.5063672476294,967.789367791244,1416.0,1389.0,1389.0,1381.0,1390.4,1429.0,1476.8095238095239,1411.6987374689634,1409.9781658832194,1407.489384887031,1396.28667008914,2170.0,1789.0,1789.0,1412.0,1258.8,1150.1,1696.8095238095239,2061.6695884203646,2078.74312922694,2108.53074576058,2120.0255015239723
2018-11-27,629.0,631.0,631.0,633.0,635.8,641.5,652.5714285714286,628.5212395270612,627.8151878141848,625.6928563160081,617.4688873635937,942.0,943.0,943.0,947.3333333333334,951.4,960.5,998.4761904761905,940.5312568399504,940.882506098065,945.1133560049399,964.5071894429526,1444.0,1416.0,1416.0,1393.6666666666667,1390.4,1420.8,1470.142857142857,1449.2038405630194,1446.3565539957185,1443.3396605645512,1431.1812946659038,2121.0,2170.0,2170.0,1772.3333333333333,1492.4,1251.8,1676.0,2397.8685890004235,2406.8787722229526,2414.8191819927106,2403.160748738913
2018-11-28,628.0,629.0,629.0,631.0,633.2,639.2,650.3809523809524,625.9537858389849,625.4111162694353,623.6272686970127,614.6467675397705,945.0,942.0,942.0,944.0,948.0,956.5,991.5714285714286,939.6623672587,940.68351325461,944.9262313520038,965.1568360895998,1455.0,1444.0,1444.0,1416.3333333333333,1400.6,1416.8,1466.047619047619,1469.2517548791384,1467.2479705426178,1464.0954752806438,1448.6359655180813,1950.0,2121.0,2121.0,2026.6666666666667,1705.4,1369.9,1651.7619047619048,2130.9508086236374,2124.025752288119,2106.584147901931,2097.025918655607
2018-11-29,626.0,628.0,628.0,629.3333333333334,631.2,637.1,648.3333333333334,626.5113165146395,626.1783844484452,624.5799035838533,615.9722720607759,944.0,945.0,945.0,943.3333333333334,945.8,954.0,985.4761904761905,945.4235743672255,945.6826028452213,948.8300618576593,967.2414862138957,1463.0,1455.0,1455.0,1438.3333333333333,1416.0,1415.7,1462.7619047619048,1462.7020559238113,1460.4363845558983,1455.959678549521,1442.3564010643686,1755.0,1950.0,1950.0,2080.3333333333335,1877.6,1464.2,1621.0,1959.9803623662604,1956.122286466032,1951.1255085728264,1951.8358274211964
2018-11-30,626.0,626.0,626.0,627.6666666666666,629.4,635.1,646.3333333333334,623.5544617400419,623.2810717751238,621.8022721062373,613.8829810151761,945.0,944.0,944.0,943.6666666666666,944.2,951.5,979.9047619047619,942.0274771016076,941.9995680538991,944.4656358468355,962.6337368109305,1469.0,1463.0,1463.0,1454.0,1433.4,1416.7,1459.7619047619048,1472.4181258354913,1470.3728303532903,1466.4427125696932,1451.2424370855217,1638.0,1755.0,1755.0,1942.0,1957.0,1534.0,1584.095238095238,1772.505607887518,1782.4714513296844,1795.8231920821586,1780.808793810689
2018-12-03,625.0,626.0,626.0,626.6666666666666,628.0,633.2,644.4285714285714,624.6869661531857,624.4446001587668,622.874151153416,614.7687161459559,949.0,945.0,945.0,944.6666666666666,943.8,949.6,974.8571428571429,944.740676206733,945.1327859445928,947.8107216365727,965.5821224351596,1474.0,1469.0,1469.0,1462.3333333333333,1449.4,1419.9,1456.857142857143,1477.8046994994252,1475.8353821216097,1471.212408314968,1454.8981159124733,1739.0,1638.0,1638.0,1781.0,1926.8,1592.8,1542.952380952381,1704.658166120972,1708.6876874357688,1712.1839189528182,1675.9725209019261
2018-12-04,625.0,625.0,625.0,625.6666666666666,626.8,631.3,642.5238095238095,623.7635913634592,623.4444500817795,622.101060750615,614.5579470819599,950.0,949.0,949.0,946.0,945.0,948.2,970.4761904761905,950.393572392075,951.4268680286045,954.3779160857384,970.8947402187072,1472.0,1474.0,1474.0,1468.6666666666667,1461.0,1425.7,1454.142857142857,1482.3171099195279,1479.62295775352,1475.0774707130063,1459.219566255391,1925.0,1739.0,1739.0,1710.6666666666667,1840.6,1666.5,1511.6190476190477,1939.145112109278,1932.8691633665665,1910.8159518541784,1841.4876293457555
2018-12-05,625.0,625.0,625.0,625.3333333333334,626.0,629.6,640.7142857142857,623.8839971505158,623.8267390369463,622.8722747315694,616.3421405250489,951.0,950.0,950.0,948.0,946.6,947.3,966.5238095238095,953.6111032208312,952.9847260748479,954.8888678382091,970.1944938916058,1473.0,1472.0,1472.0,1471.6666666666667,1466.6,1433.6,1451.4761904761904,1472.0040932610484,1470.0029884309708,1467.0755808150789,1452.8229257458584,2080.0,1925.0,1925.0,1767.3333333333333,1801.4,1753.4,1493.952380952381,2118.9416558250145,2114.091459380949,2091.1909654029423,2025.3120078935453
2018-12-06,625.0,625.0,625.0,625.0,625.4,628.3,639.047619047619,623.9098053862627,624.0083054481283,623.6003966816015,617.1646000008676,953.0,951.0,951.0,950.0,947.8,946.8,963.1904761904761,955.6310481417612,954.7152908343782,956.0133755327668,969.8754454511633,1469.0,1473.0,1473.0,1473.0,1470.2,1443.1,1449.6666666666667,1474.3998257455037,1473.9021024093981,1471.9777647713393,1457.1442629502908,2197.0,2080.0,2080.0,1914.6666666666667,1827.4,1852.5,1499.2857142857142,2199.3586370227677,2189.73952353988,2166.3684774559633,2129.6370849606396
2018-12-07,624.0,625.0,625.0,625.0,625.2,627.3,637.4761904761905,623.6133401972863,623.7000195986036,623.0760883376478,617.1731961930062,955.0,953.0,953.0,951.3333333333334,949.6,946.9,960.3333333333334,956.4787080888456,956.8359922484772,959.1599705389485,973.7091551094788,1464.0,1469.0,1469.0,1471.3333333333333,1471.4,1452.4,1448.3809523809523,1467.5788746945727,1466.821547219476,1462.7924209859061,1448.736213019813,2244.0,2197.0,2197.0,2067.3333333333335,1915.8,1936.4,1520.7142857142858,2355.7421323105896,2349.5142918318584,2333.5444231417305,2302.6174349296
2018-12-10,623.0,624.0,624.0,624.6666666666666,624.8,626.4,635.952380952381,622.6506887190038,622.5784749783403,621.429801020827,613.9076616715237,958.0,955.0,955.0,953.0,951.6,947.7,958.047619047619,958.5208397780362,959.0730576517162,961.0865684680183,976.0317825123615,1454.0,1464.0,1464.0,1468.6666666666667,1470.4,1459.9,1446.904761904762,1461.4804169876636,1460.2226022514267,1454.5414049719611,1438.0700357793432,2183.0,2244.0,2244.0,2173.6666666666665,2037.0,1981.9,1558.0,2318.2485323089536,2315.880908910865,2318.742269298088,2332.25551147846
2018-12-11,622.0,623.0,623.0,624.0,624.4,625.6,634.4761904761905,622.2428553013385,622.1736100401104,620.9844294386497,613.6868604753306,963.0,958.0,958.0,955.3333333333334,953.4,949.2,956.3333333333334,962.6589493466902,962.620917336229,963.7383023439131,977.6100219267809,1445.0,1454.0,1454.0,1462.3333333333333,1466.4,1463.7,1444.904761904762,1444.4405748294985,1442.689601629618,1437.25743313865,1422.3294889981591,2153.0,2183.0,2183.0,2208.0,2125.8,1983.2,1595.3809523809523,2192.386414938939,2187.988096307786,2190.0654163948448,2218.734728485975
2018-12-12,621.0,622.0,622.0,623.0,623.8,624.9,633.0,620.8703896982985,620.6692321552904,619.3922565498548,612.6595910612982,968.0,963.0,963.0,958.6666666666666,956.0,951.3,955.2380952380952,968.6517144646662,968.771905235461,969.3181152562403,981.0871473543075,1459.0,1445.0,1445.0,1454.3333333333333,1461.0,1463.8,1442.3809523809523,1438.1606216960604,1436.367040381676,1430.8919851097892,1417.5253862073923,2180.0,2153.0,2153.0,2193.3333333333335,2171.4,1986.4,1643.0,2210.349233497185,2203.3506021371086,2201.0233828024184,2226.254954940467
2018-12-13,617.0,621.0,621.0,622.0,623.0,624.2,631.5238095238095,620.2522443110515,620.1143418182075,619.3009567783527,613.9954452919164,974.0,968.0,968.0,963.0,959.4,953.6,954.5714285714286,974.9251179401844,974.7211125251656,975.0375705077104,983.8715564712415,1478.0,1459.0,1459.0,1452.6666666666667,1458.2,1464.2,1441.1904761904761,1476.9731881816574,1474.4057903540606,1468.0366458261055,1450.2092413307405,2383.0,2180.0,2180.0,2172.0,2191.4,2009.4,1702.047619047619,2278.0727914963772,2276.756212884858,2278.971999319164,2303.052590258589
2018-12-14,614.0,617.0,617.0,620.0,621.4,623.3,630.0,615.2825466256907,614.7929103539798,613.9577384726156,609.1805361978209,978.0,974.0,974.0,968.3333333333334,963.6,956.6,954.7619047619048,980.7673727191171,980.4507938311771,980.6264447335427,989.0272445048948,1490.0,1478.0,1478.0,1460.6666666666667,1460.0,1465.7,1441.7619047619048,1500.4548598391616,1497.8601714678957,1491.533585221236,1473.5202195154043,2433.0,2383.0,2383.0,2238.6666666666665,2228.6,2072.2,1767.5714285714287,2583.7621460439027,2582.49703866979,2578.4428401328087,2569.594411012091
2018-12-17,611.0,614.0,614.0,617.3333333333334,619.4,622.1,628.4761904761905,611.7914693739071,611.793697662604,611.2496371058849,606.6087138006169,977.0,978.0,978.0,973.3333333333334,968.2,959.9,955.1904761904761,981.7078261090362,981.4391862309259,981.439408745627,989.8157429165014,1494.0,1490.0,1490.0,1475.6666666666667,1465.2,1467.8,1443.5238095238096,1502.914039284688,1499.2298623784795,1493.7936852608495,1477.514025857466,2393.0,2433.0,2433.0,2332.0,2266.4,2151.7,1833.095238095238,2501.8264279802097,2504.2620060567633,2498.0979384656716,2484.0152195410083
2018-12-18,607.0,611.0,611.0,614.0,617.0,620.7,626.8571428571429,608.4030591394112,608.3076235734472,607.6599950001719,602.4961672988718,979.0,977.0,977.0,976.3333333333334,972.0,962.7,955.8095238095239,978.2483318821612,977.7834232949518,977.6624383110824,986.6007671068318,1492.0,1494.0,1494.0,1487.3333333333333,1473.2,1469.8,1446.2380952380952,1497.9700173629387,1495.3210336095917,1489.7262131957514,1475.3951464517427,2264.0,2393.0,2393.0,2403.0,2308.4,2217.1,1897.047619047619,2424.674586218076,2420.6124808797713,2409.6926761742698,2405.186418929732
2018-12-19,602.0,607.0,607.0,610.6666666666666,614.0,618.9,625.0952380952381,604.1129648502978,603.7227736060458,602.8519415206873,598.0300726830524,979.0,979.0,979.0,978.0,975.2,965.6,956.5714285714286,980.2461918744954,980.6862541080422,981.1909717561664,989.6572623063589,1473.0,1492.0,1492.0,1492.0,1482.6,1471.8,1449.857142857143,1494.27694823443,1492.0602742477852,1486.204018264848,1471.5838209981562,2071.0,2264.0,2264.0,2363.3333333333335,2330.6,2251.0,1957.142857142857,2258.7343572000855,2262.4340199768176,2271.1917518356204,2290.814920422353
2018-12-20,597.0,602.0,602.0,606.6666666666666,610.2,616.6,623.1904761904761,597.9453036539812,597.4311597578992,596.4286511389831,591.1867166618249,977.0,979.0,979.0,978.3333333333334,977.4,968.4,957.5238095238095,977.3013074715153,977.4259332719697,977.2447402471453,985.498567730341,1437.0,1473.0,1473.0,1486.3333333333333,1485.4,1471.8,1453.6666666666667,1459.6567412639338,1457.3146001018197,1451.7907847430608,1437.732603433422,1913.0,2071.0,2071.0,2242.6666666666665,2308.8,2250.1,2005.4761904761904,2033.5314191207374,2042.1112860809446,2061.266166766599,2093.5251190866184
2018-12-21,596.0,597.0,597.0,602.0,606.2,613.8,621.2380952380952,592.3248998689306,592.285249161107,591.553099637788,587.2835582995745,975.0,977.0,977.0,978.3333333333334,978.0,970.8,958.5238095238095,972.887690757775,972.5040948797666,971.7066736739633,979.4008888112074,1421.0,1437.0,1437.0,1467.3333333333333,1477.2,1468.6,1456.4761904761904,1411.875746828825,1410.0351743759766,1406.0016830543182,1394.5245015608725,1905.0,1913.0,1913.0,2082.6666666666665,2214.8,2221.7,2044.7142857142858,1924.9079817601225,1922.8389463015528,1924.7458126540032,1952.9835256743659
2018-12-24,588.0,596.0,596.0,598.3333333333334,602.6,611.0,619.3809523809524,593.8265747976002,594.1427310571404,593.9388039248178,589.5840406409227,967.0,975.0,975.0,977.0,977.4,972.8,959.6190476190476,976.0016283262707,975.1181600731574,973.6556817128604,979.4066685168523,1391.0,1421.0,1421.0,1443.6666666666667,1463.4,1464.3,1458.6190476190477,1416.6342404198092,1415.0491386217816,1411.3069215462333,1401.3401446058513,1987.0,1905.0,1905.0,1963.0,2109.2,2187.8,2070.7619047619046,1980.7239616693846,1976.4891075040869,1975.4053853227965,1994.445920025762
2019-01-02,578.0,588.0,588.0,593.6666666666666,598.0,607.5,617.2380952380952,583.3739682434052,582.6394697239937,582.7681591642651,582.3663454186626,958.0,967.0,967.0,973.0,975.4,973.7,960.5714285714286,959.8610743096225,959.3863746089189,959.3294699630007,962.786974528482,1365.0,1391.0,1391.0,1416.3333333333333,1442.8,1458.0,1458.7142857142858,1374.987170643873,1375.1983998346377,1374.0878085512923,1370.0916096286742,1963.0,1987.0,1987.0,1935.0,2028.0,2168.2,2080.190476190476,2067.047766511063,2062.5009620182436,2048.154388142467,2009.5512115148679
2019-01-03,571.0,578.0,578.0,587.3333333333334,592.2,603.1,614.7142857142857,571.7238540154484,571.6219227148108,571.8126449415922,571.2897455129671,946.0,958.0,958.0,966.6666666666666,971.2,973.2,961.2857142857143,947.9048839959769,947.9422695428725,948.4012101052609,951.6098336623869,1331.0,1365.0,1365.0,1392.3333333333333,1417.4,1450.0,1456.2857142857142,1349.4244979344676,1347.0672002158262,1342.9941952641889,1335.343504257326,2003.0,1963.0,1963.0,1951.6666666666667,1967.8,2149.2,2070.3333333333335,1945.674908987344,1945.4753261957096,1928.399351003391,1880.56917033269
2019-01-04,563.0,571.0,571.0,579.0,586.0,598.1,611.952380952381,565.5709858135556,565.9739664179513,565.0933157487249,560.3479813008521,933.0,946.0,946.0,957.0,964.6,971.0,961.4761904761905,938.538398125206,939.9060544964269,940.8816118281184,944.7183659210193,1300.0,1331.0,1331.0,1362.3333333333333,1389.0,1437.2,1450.904761904762,1287.7330450619882,1286.8095603620195,1282.2222588449413,1280.079835323472,2016.0,2003.0,2003.0,1984.3333333333333,1954.2,2131.5,2064.714285714286,2094.1600615445705,2099.8770574433975,2090.492152652111,2034.3793446818686
2019-01-07,556.0,563.0,563.0,570.6666666666666,579.2,592.7,608.8571428571429,558.1501922402115,558.2563079486258,558.5445077378693,560.3805768057266,918.0,933.0,933.0,945.6666666666666,955.8,966.9,960.9047619047619,921.6995949757041,921.7785239030668,921.9046259120605,922.5605681895979,1257.0,1300.0,1300.0,1332.0,1361.6,1419.4,1443.5238095238096,1285.0761744093968,1283.9204128935244,1280.8862320151043,1279.157735236213,2117.0,2016.0,2016.0,1994.0,1974.8,2094.8,2067.8571428571427,2010.4664192510443,2013.1504941183762,2010.1376420590923,1976.4719978274188
2019-01-08,546.0,556.0,556.0,563.3333333333334,571.2,586.9,605.5238095238095,551.0291968301217,550.1444083619969,549.7884701532086,551.4433978256952,893.0,918.0,918.0,932.3333333333334,944.4,960.9,959.6666666666666,908.5153589759547,907.9795145498947,907.2866876872667,908.6299507304929,1218.0,1257.0,1257.0,1296.0,1328.8,1396.1,1433.7142857142858,1228.8530892696429,1225.9775701631347,1222.3626555414346,1223.9978249696626,2078.0,2117.0,2117.0,2045.3333333333333,2017.2,2063.2,2085.095238095238,2151.618003058317,2149.5312884748137,2143.5238820768805,2113.632447450582
2019-01-09,536.0,546.0,546.0,555.0,562.8,580.4,601.7142857142857,539.5210229314316,538.9767334549445,539.1231040206086,542.9224665318412,870.0,893.0,893.0,914.6666666666666,929.6,952.5,957.1904761904761,876.6669684145833,876.4060892720705,875.1787265858462,874.6982429821012,1170.0,1218.0,1218.0,1258.3333333333333,1294.2,1368.5,1421.7619047619048,1195.0238501110614,1193.196740066654,1190.7244309085686,1189.1234684503538,1987.0,2078.0,2078.0,2070.3333333333335,2035.4,2031.7,2106.0476190476193,2035.6006613561367,2032.5379232032474,2022.674200061961,1996.4153495557662
2019-01-10,524.0,536.0,536.0,546.0,554.4,573.3,597.4761904761905,529.474419640627,529.2167792116162,529.7504240111165,533.9165650484156,842.0,870.0,870.0,893.6666666666666,912.0,941.6,953.4285714285714,852.2339800594061,852.2582424594906,851.2409944975972,850.43901370819,1137.0,1170.0,1170.0,1215.0,1255.2,1336.3,1407.2857142857142,1134.7963597151409,1132.774048041736,1129.3745687562102,1130.908005625476,1966.0,1987.0,1987.0,2060.6666666666665,2040.2,2004.0,2117.8571428571427,1932.2744038300089,1925.6153519843826,1915.0052564832629,1882.6073005317674
2019-01-11,511.0,524.0,524.0,535.3333333333334,545.0,565.5,592.6666666666666,516.5569793021269,516.217002477396,516.9080578696196,521.6252094918892,814.0,842.0,842.0,868.3333333333334,891.2,927.9,948.2857142857143,823.1245295787722,823.1963396192084,821.2567520994679,818.9445761218872,1118.0,1137.0,1137.0,1175.0,1216.4,1302.7,1391.3333333333333,1121.405693229408,1118.3946319127856,1114.8557648478954,1113.5504415662483,1952.0,1966.0,1966.0,2010.3333333333333,2032.8,1993.5,2119.809523809524,1960.2078354298542,1956.623600816205,1951.234532796601,1914.3502409633231
2019-01-14,499.0,511.0,511.0,523.6666666666666,534.6,556.9,587.2380952380952,502.37583587818466,502.01810881144837,502.8967963549711,508.6266040736438,785.0,814.0,814.0,842.0,867.4,911.6,941.7619047619048,794.6122477268642,793.8740054216512,791.4878511090101,789.2242253857185,1104.0,1118.0,1118.0,1141.6666666666667,1180.0,1270.8,1374.4285714285713,1117.2569678570053,1115.1591308055956,1111.2453781252493,1106.6606865439155,1831.0,1952.0,1952.0,1968.3333333333333,2020.0,1997.4,2113.714285714286,1949.0783097016492,1946.9513883231928,1947.988813580966,1904.966262094948
2019-01-15,483.0,499.0,499.0,511.3333333333333,523.2,547.2,581.2380952380952,490.3828468708982,490.3829423369145,491.6571297321229,498.0619871361683,755.0,785.0,785.0,813.6666666666666,840.8,892.6,933.7619047619048,765.2831324617663,764.7216429927174,762.2003401751876,760.5763404517813,1079.0,1104.0,1104.0,1119.6666666666667,1149.4,1239.1,1357.047619047619,1099.1697828158553,1098.3819836796463,1097.4518775721187,1093.9183229410278,1748.0,1831.0,1831.0,1916.3333333333333,1962.8,1990.0,2096.285714285714,1730.783040884071,1722.747013461966,1713.7500932457021,1676.0582039379235
2019-01-16,466.0,483.0,483.0,497.6666666666667,510.6,536.7,574.5238095238095,472.2930484711023,471.92127418541304,472.67721253075035,479.34617571285355,729.0,755.0,755.0,784.6666666666666,813.2,871.4,924.2380952380952,732.7242586724918,732.7369803748059,730.5064489317155,730.4170525565908,1045.0,1079.0,1079.0,1100.3333333333333,1121.6,1207.9,1338.7142857142858,1065.9134212189258,1064.0947249528735,1061.1989137393991,1054.8991427907986,1868.0,1748.0,1748.0,1843.6666666666667,1896.8,1966.1,2072.6666666666665,1718.4564567485243,1704.970489281864,1692.7660346193088,1650.487886115742
2019-01-17,451.0,466.0,466.0,482.6666666666667,496.6,525.5,567.047619047619,454.2265188455134,453.992455872848,454.5170082287722,461.4568798557893,701.0,729.0,729.0,756.3333333333334,785.0,848.5,913.3333333333334,708.5263885463914,708.8607100761818,706.253229848144,705.7746010709072,1018.0,1045.0,1045.0,1076.0,1096.6,1175.9,1319.2380952380952,1027.7459904638906,1025.2726598233717,1023.6013013270021,1021.194792505052,2037.0,1868.0,1868.0,1815.6666666666667,1873.0,1956.6,2057.6666666666665,1953.1835559492242,1941.716311252979,1937.6665334920972,1890.7689553014927
2019-01-18,442.0,451.0,451.0,466.6666666666667,482.0,513.5,558.9047619047619,439.31497551372786,439.5431611965014,440.3426911708372,448.06367701684303,680.0,701.0,701.0,728.3333333333334,756.8,824.0,900.8571428571429,682.231144045581,681.6990354424769,678.902545480601,678.5270053304421,991.0,1018.0,1018.0,1047.3333333333333,1072.8,1144.6,1298.904761904762,1004.681390885905,1003.7735485962849,1003.8598995617781,1002.3382597109486,2024.0,2037.0,2037.0,1884.3333333333333,1887.2,1960.0,2052.1428571428573,2113.2217213408685,2097.6379197294705,2084.595757689455,2029.0174692187445
2019-01-21,432.0,442.0,442.0,453.0,468.2,501.4,550.3809523809524,433.5490862292253,433.9001331000524,434.4968096802485,440.9260405061261,660.0,680.0,680.0,703.3333333333334,730.0,798.7,887.1428571428571,667.0667503170055,666.9295529387065,664.3220994067761,664.5837180168749,950.0,991.0,991.0,1018.0,1047.4,1113.7,1276.6190476190477,971.792185858855,971.7394933055274,972.1328701010234,973.5438340635087,1892.0,2024.0,2024.0,1976.3333333333333,1901.6,1960.8,2044.7142857142858,1952.2707770680547,1934.2060449359094,1912.8195172234796,1858.3596074666862
2019-01-22,423.0,432.0,432.0,441.6666666666667,454.8,489.0,541.5714285714286,423.78585762325423,423.19400289783755,423.6950262161112,430.40541308755667,638.0,660.0,660.0,680.3333333333334,705.0,772.9,872.1904761904761,645.4257712099061,645.5713647622171,642.7305304480733,642.8105629611297,893.0,950.0,950.0,986.3333333333334,1016.6,1083.0,1251.4761904761904,913.5806258106511,911.6460905052227,911.3327778437721,913.7288641377233,1775.0,1892.0,1892.0,1984.3333333333333,1913.8,1938.3,2021.3333333333333,1750.6878058809443,1744.9781768965415,1743.6563209019184,1705.2056885295447
2019-01-23,409.0,423.0,423.0,432.3333333333333,442.8,476.7,532.4761904761905,416.212953044835,415.48573845621405,415.37161239178,421.41273282956473,607.0,638.0,638.0,659.3333333333334,681.6,747.4,856.0,623.1672081286787,623.0483517061836,620.0159181364285,620.4535745653197,828.0,893.0,893.0,944.6666666666666,979.4,1050.5,1223.047619047619,846.5488899677053,842.9870533586459,839.9638712422345,840.3417820913006,1726.0,1775.0,1775.0,1897.0,1919.2,1908.0,1990.0,1680.2290413307046,1685.3006818078395,1701.4301371202132,1667.2095963861148
2019-01-24,395.0,409.0,409.0,421.3333333333333,431.4,464.0,522.8571428571429,399.9708723592612,398.9529057765006,399.4899406656581,407.22008446679797,576.0,607.0,607.0,635.0,657.2,721.1,838.3809523809524,585.4603804819769,584.2718234927569,581.45196539575,581.0268476877942,748.0,828.0,828.0,890.3333333333334,936.0,1016.3,1191.3333333333333,777.8740073716729,775.4095574577782,772.6781677491773,769.6755651184814,1730.0,1726.0,1726.0,1797.6666666666667,1890.8,1881.9,1958.2380952380952,1690.2216501962507,1686.7617863665112,1694.6303039495597,1646.5596288029635
2019-01-25,384.0,395.0,395.0,409.0,420.2,451.1,512.7619047619048,385.7268990738752,385.1133684578406,386.0776942234912,394.06736896418255,552.0,576.0,576.0,607.0,632.2,694.5,819.1904761904761,555.0719329030147,554.4033155247652,551.9096889271718,549.8704193579006,687.0,748.0,748.0,823.0,882.0,977.4,1155.904761904762,682.4954550196824,680.9548945463382,679.3284972418874,675.9946366584794,1631.0,1730.0,1730.0,1743.6666666666667,1829.4,1858.3,1932.8095238095239,1733.7807295319953,1717.4976225498358,1709.2646907981546,1654.3156570389153
2019-01-28,368.0,384.0,384.0,396.0,408.6,438.4,502.3809523809524,374.9617431339842,375.0966622192295,376.25059361803955,383.2744908879114,526.0,552.0,552.0,578.3333333333334,606.6,668.3,798.8571428571429,534.1123026900154,534.1577114024567,531.5678531700862,529.2452021117222,644.0,687.0,687.0,754.3333333333334,821.2,934.3,1118.4761904761904,645.3867243095858,643.140800448559,640.4437961933611,633.9156118985013,1508.0,1631.0,1631.0,1695.6666666666667,1750.8,1826.2,1911.857142857143,1575.2610474695375,1562.6498349711956,1553.3135277381632,1506.1758296932794
2019-01-29,347.0,368.0,368.0,382.3333333333333,395.8,425.3,491.4761904761905,356.5643096076471,356.0401151339199,357.01547297690973,364.255996328846,498.0,526.0,526.0,551.3333333333334,579.8,642.4,777.3809523809524,507.27602530678695,506.50609435588774,503.12162544638056,499.8840006137956,612.0,644.0,644.0,693.0,760.0,888.3,1080.7142857142858,624.9255319169091,622.6712910122274,618.9258290950763,609.9058499082702,1295.0,1508.0,1508.0,1623.0,1674.0,1793.9,1892.5714285714287,1468.5324721361662,1456.055355028052,1456.7195551862815,1425.4049070163946
2019-01-30,328.0,347.0,347.0,366.3333333333333,380.6,411.7,479.6190476190476,332.2779197570594,331.5351804680322,332.05272342364435,338.6758167007792,472.0,498.0,498.0,525.3333333333334,551.8,616.7,754.6666666666666,477.8839486741999,476.78934069705224,472.79897567126767,469.1636733913893,574.0,612.0,612.0,647.6666666666666,703.8,841.6,1042.1904761904761,600.0790515284766,597.41881090447,594.6582501305976,583.5239078371009,1116.0,1295.0,1295.0,1478.0,1578.0,1748.6,1863.5238095238096,1218.5285974893595,1198.8054341279187,1207.491505785943,1181.8070106993646
2019-01-31,311.0,328.0,328.0,347.6666666666667,364.4,397.9,467.23809523809524,313.3404686368107,313.87024700912116,313.9621484830933,318.82356667692267,450.0,472.0,472.0,498.6666666666667,524.8,591.0,731.0952380952381,453.4164276226791,454.2162198115832,451.22448568605915,449.04881071628034,560.0,574.0,574.0,610.0,653.0,794.5,1003.2857142857143,550.180359000643,548.5085979287737,547.6595856194426,539.5639380162115,1014.0,1116.0,1116.0,1306.3333333333333,1456.0,1673.4,1822.047619047619,1074.293873096296,1043.997623485699,1044.6647140509021,1024.0041660627903
2019-02-01,301.0,311.0,311.0,328.6666666666667,347.6,383.9,454.5238095238095,296.47036784536607,297.7253923547797,297.582787668877,301.5022123266264,438.0,450.0,450.0,473.3333333333333,499.6,565.9,706.9047619047619,431.48080548793274,434.61887721409676,432.57724033336143,431.67784752411234,552.0,560.0,560.0,582.0,615.4,748.7,964.952380952381,563.9182998464635,563.3716411114906,563.7761348785361,558.3636972070472,984.0,1014.0,1014.0,1141.6666666666667,1312.8,1571.1,1776.857142857143,1006.1330869901656,971.7759451307123,964.700107438484,954.7616863251433
2019-02-04,294.0,301.0,301.0,313.3333333333333,331.0,369.8,441.6666666666667,290.23031974284334,291.2049473845566,290.18391846819344,293.30812985793455,423.0,438.0,438.0,453.3333333333333,476.8,541.7,682.7142857142857,427.2438675186536,431.8259988401929,429.84478113315794,429.46899975161955,553.0,552.0,552.0,562.0,588.4,704.8,927.8571428571429,562.1418449375728,562.2987291836782,562.8940084715939,564.1824682388751,972.0,984.0,984.0,1038.0,1183.4,1467.1,1728.3333333333333,1012.0374493651325,982.7477176261451,975.6773465995881,960.0907232796458
2019-02-05,294.0,294.0,294.0,302.0,316.2,356.0,428.85714285714283,285.47838016772226,285.9520899970886,284.62978139257007,287.25995468738506,415.0,423.0,423.0,437.0,456.2,518.0,658.4285714285714,411.91613205777355,415.09854950365826,413.8511548830711,416.5144457334509,553.0,553.0,553.0,555.0,570.2,665.1,892.2857142857143,572.0762144041521,571.1341239360529,571.3526948694041,574.3861378276385,929.0,972.0,972.0,990.0,1076.2,1375.1,1678.6190476190477,978.1096701064948,959.8454681954416,951.2767295075193,932.7954675288166
2019-02-06,290.0,294.0,294.0,296.3333333333333,305.6,343.1,416.3809523809524,291.2766676265843,292.1224191331693,290.87256437267496,292.24392346958325,414.0,415.0,415.0,425.3333333333333,439.6,495.7,634.4761904761905,411.94386900885047,414.9007230420884,414.63841108958053,419.23446868090394,561.0,553.0,553.0,552.6666666666666,558.4,631.1,858.7619047619048,568.999074422497,568.7879176394451,569.7617369933615,576.5327170447862,846.0,929.0,929.0,961.6666666666666,1003.0,1290.5,1622.047619047619,873.7531901336318,872.6530088576905,869.0455034780103,837.2566102627277
2019-02-07,290.0,290.0,290.0,292.6666666666667,298.0,331.2,404.1904761904762,287.8414697543829,287.78065172826723,286.8646808413939,287.7772509601642,415.0,414.0,414.0,417.3333333333333,428.0,476.4,611.6666666666666,417.58939671358735,420.1908177886455,419.97644685179796,426.4166649696686,574.0,561.0,561.0,555.6666666666666,555.8,604.4,827.4761904761905,580.1489284187517,581.367284383459,584.7066003276364,593.1273345525117,792.0,846.0,846.0,915.6666666666666,949.0,1202.5,1563.3809523809523,703.8024983606999,709.6568369776994,712.5864255393719,698.2737717477804
2019-02-08,292.0,290.0,290.0,291.3333333333333,293.8,320.7,392.4761904761905,291.5778719706236,292.1267365439044,291.81951399927834,292.6273971389412,429.0,415.0,415.0,414.6666666666667,421.0,460.3,590.0,422.48920788736723,423.15398529847107,423.5396140405613,431.2005502175364,586.0,574.0,574.0,562.6666666666666,558.6,587.0,799.0952380952381,596.9746591776297,597.236954570583,599.5392760906359,608.3828780864037,736.0,792.0,792.0,855.6666666666666,904.6,1108.7,1506.4761904761904,663.7452282693059,671.631667443202,671.2070351835647,663.8342056380991
2019-02-11,296.0,292.0,292.0,290.6666666666667,292.0,311.5,381.42857142857144,296.85156906934833,296.934905869281,296.7496976358314,297.11845067393244,454.0,429.0,429.0,419.3333333333333,419.2,448.0,570.3333333333334,447.4311192623277,446.48914241444766,446.732316665438,454.169225901408,600.0,586.0,586.0,573.6666666666666,565.4,576.9,772.8571428571429,604.7763049693874,606.8215355056328,611.1045216679215,622.8596158308707,711.0,736.0,736.0,791.3333333333334,855.0,1019.2,1447.904761904762,589.0406585804615,591.3370312777445,584.3033254150796,575.2354825976065
2019-02-12,302.0,296.0,296.0,292.6666666666667,292.4,304.3,371.1904761904762,303.59421596039664,303.11082978870013,302.9552051619826,304.2670869974563,478.0,454.0,454.0,432.6666666666667,425.4,440.8,553.1904761904761,482.8631422969411,481.4712122151553,482.19577040697055,488.7285526886038,611.0,600.0,600.0,586.6666666666666,574.8,572.5,748.1904761904761,621.5817108406803,623.285987896561,627.881224716012,641.6011009224098,707.0,711.0,711.0,746.3333333333334,802.8,939.5,1388.8095238095239,604.8278724783224,600.3441521611098,586.5504367562742,581.2751128880413
2019-02-13,311.0,302.0,302.0,296.6666666666667,294.0,299.8,361.8095238095238,309.864341511111,309.1071872939391,308.4344443559618,309.96350732924896,526.0,478.0,478.0,453.6666666666667,438.0,438.8,538.5714285714286,507.0395272777849,506.2717814974553,508.5136716138693,515.8095074724515,619.0,611.0,611.0,599.0,586.4,572.4,724.7142857142857,631.7227047515446,632.6349413072435,636.6662067358736,650.7958239047814,729.0,707.0,707.0,718.0,758.4,880.7,1335.2857142857142,632.3150934463938,622.7711755832224,613.7893381802387,613.0545137505296
2019-02-14,315.0,311.0,311.0,303.0,298.2,298.1,353.6190476190476,322.2623407001023,321.76069009772425,321.0965617227489,322.18152328104827,560.0,526.0,526.0,486.0,460.4,444.2,527.6666666666666,572.8358951612724,571.868461762653,574.3190437590692,580.5228297519992,624.0,619.0,619.0,610.0,598.0,576.9,702.8095238095239,634.5057511306779,635.6960727641601,640.2733157389712,657.7719401884349,727.0,729.0,729.0,715.6666666666666,735.0,842.0,1286.7619047619048,660.1546558681515,651.3999524587621,643.1778597316649,655.8390079579677
2019-02-15,322.0,315.0,315.0,309.3333333333333,303.2,298.5,346.42857142857144,322.4474479820428,322.7083386116225,322.7108193765075,325.3399238939217,594.0,560.0,560.0,521.3333333333334,489.4,455.2,519.6190476190476,593.4657565147469,594.1092793105526,598.1853354772103,603.7867341571772,628.0,624.0,624.0,618.0,608.0,583.3,682.7619047619048,642.7125091346388,638.3130653206558,642.59118227669,658.2634755662125,713.0,727.0,727.0,721.0,722.0,813.3,1232.4285714285713,656.8751844275047,639.431069744734,636.5480349030936,656.6117825522867
2019-02-18,335.0,322.0,322.0,316.0,309.2,300.6,340.2857142857143,330.4575360032717,331.49039379931014,331.8418631501179,334.01600114131304,625.0,594.0,594.0,560.0,522.4,470.8,514.5238095238095,624.6079282289751,625.3757062388737,630.2001938417685,635.3598866836724,639.0,628.0,628.0,623.6666666666666,616.4,590.9,664.1904761904761,644.6502105716497,639.855744391514,644.1034057547358,661.1412565799073,650.0,713.0,713.0,723.0,717.4,786.2,1169.3809523809523,655.5566046235522,621.726088559466,613.3667961689714,622.5768462532149
2019-02-19,345.0,335.0,335.0,324.0,317.0,304.7,335.1904761904762,347.452054821527,348.51760263496203,349.06430256776895,350.6934509505393,649.0,625.0,625.0,593.0,556.6,491.0,511.9047619047619,650.1933338718792,652.0216110587094,656.2450254438447,658.5296277173638,649.0,639.0,639.0,630.3333333333334,624.2,599.5,647.4285714285714,656.7570696165951,652.7190839209196,658.7151130771631,675.9662060229225,578.0,650.0,650.0,696.6666666666666,705.2,754.0,1103.952380952381,562.1100138295644,529.641761381668,521.9615389208443,519.4694349419069
2019-02-20,353.0,345.0,345.0,334.0,325.6,309.8,331.04761904761904,354.9206806601196,355.1417964274653,355.5545911634729,357.6109800455717,686.0,649.0,649.0,622.6666666666666,590.8,514.4,511.3809523809524,666.7594695074033,669.2959015324159,672.9169784128158,673.1646042815762,657.0,649.0,649.0,638.6666666666666,631.8,609.1,633.0952380952381,664.851897086327,662.0732433637015,666.8094147003379,679.6218549351171,570.0,578.0,578.0,647.0,679.4,718.9,1041.3809523809523,541.050291512368,508.2128752246033,494.66537432293103,478.74907215937674
2019-02-21,359.0,353.0,353.0,344.3333333333333,334.0,316.1,327.7142857142857,362.08316074335244,362.07875980769404,362.56357295923056,363.62799261105533,707.0,686.0,686.0,653.3333333333334,622.8,541.6,513.6666666666666,710.2587598860244,710.0325520429872,709.5810672377272,701.939771590286,666.0,657.0,657.0,648.3333333333334,639.4,618.7,621.8571428571429,665.538243364863,664.3047531679173,671.2550448549874,688.7010644725337,545.0,570.0,570.0,599.3333333333334,647.6,691.3,984.0,565.2881731880334,530.898800924527,512.4242609799919,507.74809510201544
2019-02-22,366.0,359.0,359.0,352.3333333333333,342.8,323.0,325.3333333333333,366.50235011836077,367.6302457128824,368.6383097831248,369.9340851835592,721.0,707.0,707.0,680.6666666666666,652.2,570.8,518.4285714285714,722.2677612305133,721.0408039344863,718.5431953466166,707.7279080721984,685.0,666.0,666.0,657.3333333333334,647.8,627.9,614.1428571428571,676.4167055052887,675.9359892486141,682.6058312798764,696.0069935429372,520.0,545.0,545.0,564.3333333333334,611.2,666.6,927.7619047619048,504.73496754300254,487.76197775257765,468.8862662074416,454.49043590663814
2019-02-25,372.0,366.0,366.0,359.3333333333333,351.6,330.4,323.95238095238096,373.9794808270756,375.0706966572294,376.2093700000736,376.73372636846864,729.0,721.0,721.0,704.6666666666666,677.6,600.0,525.3333333333334,732.3005071405906,730.5028964794901,726.7930900057063,713.7939516917902,713.0,685.0,685.0,669.3333333333334,659.2,637.8,611.1428571428571,703.4373245533479,706.1004878136387,714.1091949639887,727.6406001567058,522.0,520.0,520.0,545.0,572.6,645.0,870.1428571428571,493.3072079494236,476.55214724064194,452.51120671062404,431.60328844690343
2019-02-26,382.0,372.0,372.0,365.6666666666667,359.0,338.0,323.3809523809524,378.85661092064606,378.66310966625883,378.9663767036249,379.1776462281314,738.0,729.0,729.0,719.0,698.4,627.5,533.7619047619048,737.7424337260096,737.2735261783865,733.4784799856224,716.7006830592223,752.0,713.0,713.0,688.0,674.0,649.1,612.3809523809524,740.1289374262437,742.9532437142191,750.477013288867,762.2295211122447,500.0,522.0,522.0,529.0,547.0,626.1,817.3333333333334,519.527214460072,511.3717621469375,495.72391243448965,492.2059876977919
2019-02-27,388.0,382.0,382.0,373.3333333333333,366.4,346.0,324.04761904761904,391.14857606210603,390.90268392231553,390.84412321104,390.67234946420194,749.0,738.0,738.0,729.3333333333334,716.2,653.5,543.8571428571429,749.2761713219793,749.5594548272122,745.947485655191,727.2886345385685,813.0,752.0,752.0,716.6666666666666,694.6,663.2,617.5238095238095,787.746707372149,790.4942213957386,797.1989161773996,807.3941982280433,459.0,500.0,500.0,514.0,531.4,605.4,769.3333333333334,488.27534235381745,485.28182185462833,474.8548398827734,472.95247377062674
2019-02-28,393.0,388.0,388.0,380.6666666666667,373.4,353.7,326.0,397.13337032977176,396.3092216286036,396.23443158485026,396.8850682577173,759.0,749.0,749.0,738.6666666666666,728.8,675.8,555.8095238095239,760.8197845149092,758.5495085724834,753.3722591395082,733.5681580319251,863.0,813.0,813.0,759.3333333333334,725.8,682.6,627.0952380952381,867.4122302172791,869.1598934208339,874.939417236167,880.3205683133024,383.0,459.0,459.0,493.6666666666667,509.2,578.4,729.5238095238095,451.0551275847124,442.5201541392337,425.9533592673358,427.07679153010963
2019-03-01,397.0,393.0,393.0,387.6666666666667,380.2,361.5,329.0952380952381,400.7165025355153,400.5139155402857,400.54794599595573,401.97608561549424,767.0,759.0,759.0,748.6666666666666,739.2,695.7,569.4761904761905,769.5797507958599,767.1642778288469,762.2746307950168,745.5832464655093,900.0,863.0,863.0,809.3333333333334,765.2,706.5,640.8571428571429,899.3676999632563,900.1677426630009,905.3510467217159,909.8221618830139,355.0,383.0,383.0,447.3333333333333,476.8,544.0,694.6190476190476,348.3323121732951,348.6806434423138,342.81453771056636,339.2535224071223
2019-03-04,407.0,397.0,397.0,392.6666666666667,386.4,369.0,333.1904761904762,403.281126156023,403.7181351367953,403.8890820054312,405.222640365374,776.0,767.0,767.0,758.3333333333334,748.4,713.0,584.5714285714286,772.7988779823182,771.113575477991,767.8698237065863,754.1991586753608,924.0,900.0,900.0,858.6666666666666,808.2,733.7,657.047619047619,921.5945317088814,920.7349914036216,923.9703628796278,927.9655529911571,299.0,355.0,355.0,399.0,443.8,508.2,663.2380952380952,373.87211126559623,373.37851527162593,361.1052063104746,360.53686562606345
2019-03-05,413.0,407.0,407.0,399.0,393.4,376.2,338.23809523809524,416.701732901598,417.28710476324966,417.1797270317375,417.6407669209473,783.0,776.0,776.0,767.3333333333334,757.8,728.1,600.6666666666666,782.7555418935491,782.0160300124404,780.284442059135,769.7607495489623,938.0,924.0,924.0,895.6666666666666,850.4,762.2,674.7619047619048,928.6425762649388,928.6706771419427,932.9365072952401,939.8926811574596,270.0,299.0,299.0,345.6666666666667,399.2,473.1,630.6190476190476,280.4246851308649,278.27317962027314,266.3365497276377,232.94274836152636
2019-03-06,418.0,413.0,413.0,405.6666666666667,399.6,383.0,343.9047619047619,420.35547564751494,419.4814160126153,418.57524119835244,419.0427345210905,790.0,783.0,783.0,775.3333333333334,766.8,741.5,617.8095238095239,786.143614170329,786.0739856306919,786.08967202285,779.3331601550168,926.0,938.0,938.0,920.6666666666666,887.6,791.1,693.0952380952381,937.6118503650996,937.4980119755413,939.8970487297738,942.6745921384916,236.0,270.0,270.0,308.0,353.2,442.3,597.1904761904761,300.0687134060936,288.27630303007504,263.35049695444627,232.79884412543583
2019-03-07,421.0,418.0,418.0,412.6666666666667,405.6,389.5,349.8095238095238,424.875002524397,424.1465392081924,422.7538017844302,422.953502954239,790.0,790.0,790.0,783.0,775.0,751.9,635.6666666666666,791.986219896163,791.6205587616032,792.3349031035432,787.46901444656,894.0,926.0,926.0,929.3333333333334,910.2,818.0,710.8571428571429,899.4559041229195,897.9055801910325,899.7164326001495,900.2440320186613,235.0,236.0,236.0,268.3333333333333,308.6,408.9,564.1904761904761,210.30314809213883,211.13244852000776,195.83151589935505,167.72240875385978
2019-03-08,424.0,421.0,421.0,417.3333333333333,411.2,395.7,356.04761904761904,425.1533931029045,425.0654228032276,424.5042805703964,425.7760237178741,790.0,790.0,790.0,787.6666666666666,781.2,760.2,653.5714285714286,785.3872042641835,785.2162274857147,786.2725221563928,782.0315507891631,866.0,894.0,894.0,919.3333333333334,916.4,840.8,726.7142857142857,851.8917848304271,851.8782971417403,852.0555105967285,847.3065716420674,250.0,235.0,235.0,247.0,279.0,377.9,535.0952380952381,235.59060028072236,238.4621648324894,220.12214632825658,205.10296956928164
2019-03-11,429.0,424.0,424.0,421.0,416.6,401.5,362.42857142857144,427.9130054194785,428.3825552468134,428.12169710539416,428.8192734058475,789.0,790.0,790.0,790.0,785.8,767.1,671.4285714285714,785.7244772975727,786.7421900935695,788.8310637798029,785.3978926422941,839.0,866.0,866.0,895.3333333333334,909.6,858.9,740.6190476190476,834.7017372471024,838.0778907696637,838.3447607656863,828.0983285547359,278.0,250.0,250.0,240.33333333333334,258.0,350.9,509.2857142857143,260.12562441059026,257.5675726502575,238.19120158153805,229.9398186954445
2019-03-12,430.0,429.0,429.0,424.6666666666667,421.0,407.2,368.95238095238096,432.83624093359094,432.42669939490935,431.900623450688,431.61216964317634,789.0,789.0,789.0,789.6666666666666,788.4,773.1,688.5714285714286,787.0719093213958,787.9452120592046,789.3789736309765,784.8093422140944,823.0,839.0,839.0,866.3333333333334,892.6,871.5,752.6666666666666,807.6162097865459,809.918479975807,808.7394984412435,797.732182322075,327.0,278.0,278.0,254.33333333333334,253.8,326.5,487.4761904761905,328.28030479437166,323.8078517947936,311.6987267374709,313.696306384978
2019-03-13,434.0,430.0,430.0,427.6666666666667,424.4,412.0,375.3333333333333,431.5580069257228,431.1619382320953,431.0626209757183,430.9606040563866,786.0,789.0,789.0,789.3333333333334,789.6,778.2,704.5238095238095,787.5574773007005,787.6734843953678,788.1678189553134,782.5341704268589,841.0,823.0,823.0,842.6666666666666,869.6,878.6,763.2857142857143,804.7279350840977,805.7366512587726,803.4016177880728,789.0850279692868,403.0,327.0,327.0,285.0,265.2,309.2,469.1904761904762,395.3722932295068,398.3378324011055,392.753686043769,410.8644185101232
2019-03-14,437.0,434.0,434.0,431.0,427.6,416.6,381.6190476190476,437.2891984184316,437.1985833204186,437.0425209968292,435.5745598079079,786.0,786.0,786.0,788.0,788.8,781.9,719.1904761904761,786.3591741211745,785.7537923684005,785.0262741926584,779.1679590996893,883.0,841.0,841.0,834.3333333333334,852.6,881.4,774.2380952380952,855.0123768045216,855.194814676084,852.4453885634911,837.0637391433438,520.0,403.0,403.0,336.0,298.6,303.6,454.7142857142857,482.973510917451,489.2923184619474,495.2430598182466,542.0407878569658
2019-03-15,440.0,437.0,437.0,433.6666666666667,430.8,421.0,387.6190476190476,440.7543594441386,440.4034738466811,440.0438165520139,437.2383952933343,787.0,786.0,786.0,787.0,788.0,784.6,731.5714285714286,787.1660908420469,786.1805592646064,784.2659802561318,778.0866301529484,905.0,883.0,883.0,849.0,850.4,883.4,786.8095238095239,911.7899497814252,911.7974593199439,910.1417161557016,895.8827422514634,476.0,520.0,520.0,416.6666666666667,355.6,317.3,444.76190476190476,611.498143205238,623.3471898350092,638.8396334733457,707.2080062053269
2019-03-18,443.0,440.0,440.0,437.0,434.0,425.3,393.57142857142856,443.2126825792699,442.8375336225661,443.2194079320735,441.0343498357005,789.0,787.0,787.0,786.3333333333334,787.4,786.6,742.3809523809524,787.6708593487327,786.3789353492856,781.8529268183262,774.0074653072049,922.0,905.0,905.0,876.3333333333334,858.2,883.9,800.1904761904761,906.2720433646989,903.1777715318188,902.2839174560418,895.9086700948371,421.0,476.0,476.0,466.3333333333333,400.8,329.4,432.8095238095238,426.19133489352,441.8428210198497,451.29237068842554,466.4445908983819
2019-03-19,446.0,443.0,443.0,440.0,436.8,428.9,399.3333333333333,445.11727576247773,445.19725467285656,445.9127280120555,443.16908840481636,796.0,789.0,789.0,787.3333333333334,787.4,787.9,751.6666666666666,787.9924244233144,786.8133816081224,781.3727321345139,773.715885973204,962.0,922.0,922.0,903.3333333333334,874.8,883.7,814.1904761904761,925.562622791271,922.882064930142,922.5038301196499,920.1663450427635,399.0,421.0,421.0,472.3333333333333,429.4,341.6,418.9047619047619,394.1611311345341,405.3349512465395,412.1017229331478,401.8262647388492
2019-03-20,449.0,446.0,446.0,443.0,440.0,432.2,404.6190476190476,448.7313170560262,449.0249148666911,449.70401531753873,446.89374846253895,813.0,796.0,796.0,790.6666666666666,788.8,789.2,759.8095238095239,801.2122999870054,799.99927777993,794.0408809040257,784.9595463599076,1009.0,962.0,962.0,929.6666666666666,902.6,886.1,829.5714285714286,990.5112004344348,991.0342618602318,992.8539607988629,992.9443066929626,288.0,399.0,399.0,432.0,443.8,354.5,406.95238095238096,438.010671205617,446.70321204725883,453.65857701536993,435.6956438591617
2019-03-21,455.0,449.0,449.0,446.0,443.0,435.3,409.57142857142856,454.0127074622433,453.6291962468905,453.3615805922168,449.79181581892993,826.0,813.0,813.0,799.3333333333334,794.2,791.5,767.6190476190476,823.9732318307045,821.9309732969625,815.7897885286341,808.5429007028264,1027.0,1009.0,1009.0,964.3333333333334,936.2,894.4,846.7142857142857,1033.899562191399,1034.9072091692615,1040.2321523114165,1044.782815523848,251.0,288.0,288.0,369.3333333333333,420.8,359.7,393.14285714285717,199.53667435266289,224.5875984510078,258.3618842213757,190.91197112072405
2019-03-22,458.0,455.0,455.0,450.0,446.6,438.7,414.42857142857144,460.67349866550705,460.74782614657295,460.496192536615,456.4529209926801,830.0,826.0,826.0,811.6666666666666,802.2,795.1,774.2857142857143,831.9713934050728,829.8312640540196,824.0191346663044,817.107388021737,1036.0,1027.0,1027.0,999.3333333333334,965.0,907.7,864.3333333333334,1019.5617899750036,1018.1146002576496,1023.0442820371102,1033.6045931403266,230.0,251.0,251.0,312.6666666666667,367.0,361.3,377.95238095238096,289.80834054636944,292.19052645162265,279.43629347821934,203.10497515464294
2019-03-25,463.0,458.0,458.0,454.0,450.2,442.1,419.14285714285717,461.30050462767935,461.21735482418393,461.18328658952674,457.60767665783777,833.0,830.0,830.0,823.0,810.8,799.1,780.1428571428571,830.3013509974023,828.1637526921417,822.615587731572,816.0815571890928,1053.0,1036.0,1036.0,1024.0,991.2,924.7,881.952380952381,1025.1124180175002,1025.1763798676357,1030.3467218771555,1038.4644644078944,190.0,230.0,230.0,256.3333333333333,317.8,359.3,362.95238095238096,266.7217889799824,276.77607126535327,271.930529807747,209.5530165867815
2019-03-26,466.0,463.0,463.0,458.6666666666667,454.2,445.5,423.76190476190476,468.22043429757406,468.18780331970873,468.26328435431145,464.9244529495235,831.0,833.0,833.0,829.6666666666666,819.6,803.5,785.4761904761905,836.2206705525088,835.4783107230808,830.3402448725321,820.9719488880777,1056.0,1053.0,1053.0,1038.6666666666667,1017.4,946.1,899.4761904761905,1058.800377846271,1061.0206157931066,1066.9612830509564,1069.624102226715,178.0,190.0,190.0,223.66666666666666,271.6,350.5,347.23809523809524,173.92845502770479,185.26824150863354,193.01204771972039,151.51029324985143
2019-03-27,467.0,466.0,466.0,462.3333333333333,458.2,449.1,428.23809523809524,469.8407944856428,469.5514124910913,469.48264036231603,466.3830017283067,823.0,831.0,831.0,831.3333333333334,826.6,807.7,790.3333333333334,827.5802475215219,827.4302681316219,823.7469710699108,816.4709623914806,1087.0,1056.0,1056.0,1048.3333333333333,1036.2,969.4,915.8095238095239,1039.4165252603684,1040.0242533995217,1043.632018424039,1045.7165997862735,167.0,178.0,178.0,199.33333333333334,227.4,335.6,330.85714285714283,196.11086110904512,197.33677800782493,183.38638036458042,137.63531579663663
2019-03-28,464.0,467.0,467.0,465.3333333333333,461.8,452.4,432.2857142857143,469.1973130953623,469.11944484225745,469.02667471285355,466.01278388944286,813.0,823.0,823.0,829.0,828.6,811.4,794.3809523809524,819.1250869882839,818.2102518532057,814.0187546793454,807.1950782078055,1102.0,1087.0,1087.0,1065.3333333333333,1051.8,994.0,931.7619047619048,1108.352660278203,1105.638730142257,1103.5949652508223,1090.7376133815887,150.0,167.0,167.0,178.33333333333334,203.2,312.0,315.0,182.6746801159136,192.60060776310365,194.87147360773838,168.67681858803257
2019-03-29,461.0,464.0,464.0,465.6666666666667,463.6,455.1,435.9047619047619,463.76222342164937,463.4083794312876,463.044902833357,460.8983756877782,807.0,813.0,813.0,822.3333333333334,826.0,814.1,797.4285714285714,806.8978109193392,806.8173863339308,802.4533903192108,795.1360167417773,1110.0,1102.0,1102.0,1081.6666666666667,1066.8,1015.9,945.5238095238095,1099.266976255573,1099.816082295825,1098.2773096949613,1082.0058308424245,122.0,150.0,150.0,165.0,183.0,275.0,300.2857142857143,149.45930399582994,154.26291508499207,156.47909342747744,130.45812988222428
2019-04-01,455.0,461.0,461.0,464.0,464.2,457.2,439.14285714285717,461.2403285938396,461.808676420569,461.3958705430276,458.6153139446989,795.0,807.0,807.0,814.3333333333334,821.4,816.1,799.7142857142857,802.884914325194,802.5029131911311,798.4721828252627,793.2167127731507,1120.0,1110.0,1110.0,1099.6666666666667,1081.6,1036.4,957.2857142857143,1104.7583894137792,1103.889286462406,1102.8033613183188,1084.4688928230564,92.0,122.0,122.0,146.33333333333334,161.4,239.6,287.85714285714283,79.08295759288671,91.10497310180699,102.23948883059688,67.80287287710235
2019-04-02,448.0,455.0,455.0,460.0,462.6,458.4,441.9047619047619,454.00945013244444,454.02126328319275,453.2297728800988,450.813192836512,775.0,795.0,795.0,805.0,813.8,816.7,801.047619047619,786.7444121400493,784.4761742388615,780.139239606695,777.8863200568879,1127.0,1120.0,1120.0,1110.6666666666667,1095.0,1056.2,967.7619047619048,1117.3384066779663,1116.5168345668617,1114.7949918350628,1092.080540925836,104.0,92.0,92.0,121.33333333333333,141.8,206.7,275.3333333333333,32.83720166069293,51.183223451847425,71.87670182422175,18.79016512876865
2019-04-03,437.0,448.0,448.0,454.6666666666667,459.0,458.6,443.85714285714283,443.3657868598688,443.18093469151137,442.22485382699404,440.18064565247556,757.0,775.0,775.0,792.3333333333334,802.6,814.6,801.0,761.5030785729987,759.9300929502351,757.0575780724093,756.1563823415325,1124.0,1127.0,1127.0,1119.0,1109.2,1072.7,977.4285714285714,1126.4124418980318,1126.949304622854,1122.1902062142772,1093.521679016737,210.0,104.0,104.0,106.0,127.0,177.2,266.04761904761904,203.49887690268838,194.48686460425984,187.64270194851724,182.2811124374134
2019-04-04,432.0,437.0,437.0,446.6666666666667,453.0,457.4,445.0,429.41446064797117,428.9949754574277,424.19319490984225,415.8827497153761,742.0,757.0,757.0,775.6666666666666,789.4,809.0,799.7619047619048,746.7476504231734,741.6254341684393,739.690977461655,746.076873435299,1114.0,1124.0,1124.0,1123.6666666666667,1116.6,1084.2,986.2857142857143,1094.3274704126152,1093.1023456067303,1094.1829360944166,1062.9258128814931,276.0,210.0,210.0,135.33333333333334,135.6,169.4,263.1904761904762,157.42249587215065,242.25023172904298,419.9784262859448,555.972283519171
2019-04-05,425.0,432.0,432.0,439.0,446.6,455.1,445.6666666666667,424.80465153483266,425.0941466457088,423.06292863376086,415.61771079770836,733.0,742.0,742.0,758.0,775.2,800.6,797.4761904761905,729.2169278999415,729.4170178323432,729.28545330266,734.3721571602962,1101.0,1114.0,1114.0,1121.6666666666667,1119.0,1092.9,995.2380952380952,1089.3038107181715,1088.0480805115676,1081.4437831825048,1048.5019856685533,312.0,276.0,276.0,196.66666666666666,160.8,171.9,265.0952380952381,420.65308495552654,428.03974312382275,443.76618981645083,473.09818908204693
2019-04-08,419.0,425.0,425.0,431.3333333333333,439.4,451.8,445.85714285714283,418.4785016489194,417.79975742456725,415.6160622783446,407.7951905778083,726.0,733.0,733.0,744.0,760.4,790.9,794.7619047619048,719.2027544766275,719.4907048993758,720.2568601908038,725.5569144951912,1085.0,1101.0,1101.0,1113.0,1117.2,1099.4,1005.0952380952381,1078.111542875801,1078.6096472227025,1072.1766508818578,1037.4334247974598,375.0,312.0,312.0,266.0,198.8,180.1,268.76190476190476,461.20137750621666,452.7851847495094,445.55654289425047,486.89128662769417
2019-04-09,411.0,419.0,419.0,425.3333333333333,432.2,447.4,445.6190476190476,417.32713638250596,416.4156209602587,413.0556419892919,402.741486730969,718.0,726.0,726.0,733.6666666666666,746.6,780.2,791.7142857142857,707.6622622523081,708.3208246763451,712.6118608691208,720.7712689973373,1074.0,1085.0,1085.0,1100.0,1110.2,1102.6,1015.5238095238095,1054.7329857552097,1055.3104330747976,1052.2802837288684,1017.953733916167,428.0,375.0,375.0,321.0,255.4,198.6,274.7142857142857,556.3105091284938,534.9874627630886,523.6741829050011,647.3058799451701
2019-04-10,406.0,411.0,411.0,418.3333333333333,424.8,441.9,444.76190476190476,408.3537869440415,407.4601689250274,404.5904931169215,395.09282348349063,715.0,718.0,718.0,725.6666666666666,735.2,768.9,788.3333333333334,700.7198100230722,701.4236422274195,706.3337264290944,714.9971161858323,1071.0,1074.0,1074.0,1086.6666666666667,1099.6,1104.4,1026.7142857142858,1044.4194849572991,1046.2847052145346,1044.8198980016357,1012.9603817277969,423.0,428.0,428.0,371.6666666666667,320.2,223.6,281.85714285714283,597.1240651167548,572.967390149324,558.0476222028851,681.9173572018753
2019-04-11,403.0,406.0,406.0,412.0,418.6,435.8,443.6190476190476,401.4832995244003,402.0274005453439,401.8536140714893,396.2078755583888,711.0,715.0,715.0,719.6666666666666,726.8,758.1,784.8095238095239,712.4055502890062,712.7346209687892,712.9221314049399,716.73483314714,1073.0,1071.0,1071.0,1076.6666666666667,1089.0,1102.8,1038.5238095238096,1056.817365675098,1058.181492752431,1055.8061482839887,1034.3090905891918,418.0,423.0,423.0,408.6666666666667,362.8,249.2,286.42857142857144,549.7660132043784,540.6506607521712,524.4335589375414,522.615801202913
2019-04-12,399.0,403.0,403.0,406.6666666666667,412.8,429.7,442.14285714285717,399.4172563642056,399.45612197153616,399.15809873351304,393.9766383396932,714.0,711.0,711.0,714.6666666666666,720.6,747.9,781.2380952380952,711.0314029469579,711.1563659591673,711.0679416878085,715.5141146212568,1092.0,1073.0,1073.0,1072.6666666666667,1080.8,1099.9,1049.5714285714287,1063.9878192224414,1064.782681946474,1062.195508539215,1042.8636286368874,445.0,418.0,418.0,423.0,391.2,276.0,287.14285714285717,555.840565199617,550.5930695353361,534.4667229455006,501.44829175742757
2019-04-15,397.0,399.0,399.0,402.6666666666667,407.6,423.5,440.3333333333333,396.021589951553,395.71640435949223,395.6364260859659,391.6706274832536,718.0,714.0,714.0,713.3333333333334,716.8,738.6,777.8095238095239,722.7551614118152,722.2480988221324,720.8794434025323,720.7007343730936,1119.0,1092.0,1092.0,1078.6666666666667,1079.0,1098.1,1059.5238095238096,1102.835517338619,1102.1383591065792,1099.2486727637477,1079.420755771159,459.0,445.0,445.0,428.6666666666667,417.8,308.3,283.57142857142856,528.1837494719714,530.0498641209304,527.1372724654245,535.2470568478961
2019-04-16,394.0,397.0,397.0,399.6666666666667,403.2,417.7,438.2857142857143,395.83753854769685,395.6898376523681,395.6423042255371,392.13287811901324,726.0,718.0,718.0,714.3333333333334,715.2,730.9,774.5238095238095,730.1170507779423,729.1597622075747,727.3818479408097,725.8909648659594,1147.0,1119.0,1119.0,1094.6666666666667,1085.8,1098.0,1069.7142857142858,1134.506362875776,1133.2230129516424,1130.6713842741476,1111.6263879599942,463.0,459.0,459.0,440.6666666666667,434.6,345.0,282.76190476190476,537.8421975656427,539.8454535518267,534.0410303005544,530.9555286294071
2019-04-17,390.0,394.0,394.0,396.6666666666667,399.8,412.3,435.95238095238096,393.28054951167076,393.2338889353238,393.41543926763853,390.82188327782933,732.0,726.0,726.0,719.3333333333334,716.8,726.0,771.5238095238095,739.8412377388213,738.5648092788298,736.5328387351851,734.380270631058,1162.0,1147.0,1147.0,1119.3333333333333,1100.4,1100.0,1080.4285714285713,1159.259413562217,1158.6914062620795,1156.553124813757,1138.0689412735212,490.0,463.0,463.0,455.6666666666667,441.6,380.9,284.76190476190476,519.7940803825434,521.4909180394116,512.2985456663012,508.39435591219876
2019-04-18,391.0,390.0,390.0,393.6666666666667,396.6,407.6,433.2857142857143,388.54691046688,388.469915814135,388.68930272496596,387.0252257099562,751.0,732.0,732.0,725.3333333333334,720.2,723.5,768.4761904761905,745.0923903863693,743.8165292069134,741.068294196507,736.8796973566382,1171.0,1162.0,1162.0,1142.6666666666667,1118.6,1103.8,1089.952380952381,1160.4313490299785,1159.2358500937148,1156.9341751259174,1138.989202774326,572.0,490.0,490.0,470.6666666666667,455.0,408.9,289.0952380952381,545.4825318738399,546.3204715709164,544.3695492283155,558.7015146673614
2019-04-23,392.0,391.0,391.0,391.6666666666667,394.2,403.5,430.5238095238095,391.7472739585821,392.20048313791483,392.20204743168233,390.5460119700313,773.0,751.0,751.0,736.3333333333334,728.2,724.4,765.5238095238095,773.90106234883,773.6236197455302,771.0931669934188,763.9193668862888,1177.0,1171.0,1171.0,1160.0,1138.2,1109.5,1097.6666666666667,1168.841918495944,1168.0575337527885,1165.8231421064231,1148.727685879155,648.0,572.0,572.0,508.3333333333333,485.8,438.5,302.6190476190476,710.7095078702698,712.0288355456435,718.9774804657496,760.3858989045561
2019-04-24,391.0,392.0,392.0,391.0,392.8,400.2,427.5238095238095,393.73210538483266,393.7048096267715,393.84272126440004,392.85153315167366,781.0,773.0,773.0,752.0,740.0,728.4,763.0,796.1720591340545,794.9525344894056,791.2160441077036,780.9852566804582,1182.0,1177.0,1177.0,1170.0,1155.2,1117.1,1104.8095238095239,1171.3570331274243,1169.869961721503,1167.2015877405015,1149.5637471839445,691.0,648.0,648.0,570.0,526.4,472.1,321.5238095238095,728.777213132603,728.195726042031,730.9297126869984,781.872753579613
2019-04-25,389.0,391.0,391.0,391.3333333333333,391.6,397.4,424.3333333333333,391.29030948762085,391.0022521268301,391.3117186445102,390.90872874525314,780.0,781.0,781.0,768.3333333333334,752.6,733.9,760.6666666666666,795.5486425484953,793.5857257575466,788.9427060360912,778.3989138394975,1186.0,1182.0,1182.0,1176.6666666666667,1167.8,1126.8,1111.7619047619048,1176.761549808877,1174.4513442787475,1170.5699729446867,1149.1646484582693,783.0,691.0,691.0,637.0,572.8,503.7,343.4761904761905,742.1703254752019,743.7431900215497,745.5274887885923,795.9370013419821
2019-04-26,386.0,389.0,389.0,390.6666666666667,390.6,395.2,420.8095238095238,389.07325626557406,388.93021072084093,389.1770246614123,389.7969400941008,777.0,780.0,780.0,778.0,763.4,740.1,758.1428571428571,789.8603815166366,788.5921953789348,784.4192117207926,771.4853751586753,1189.0,1186.0,1186.0,1181.6666666666667,1175.6,1138.0,1118.095238095238,1178.0882437737173,1176.3105881876504,1171.8200501782205,1144.3626907790954,884.0,783.0,783.0,707.3333333333334,636.8,539.2,371.7142857142857,868.3002929206764,875.4194274257734,883.3783371817669,958.8678615821342
2019-04-29,384.0,386.0,386.0,388.6666666666667,389.8,393.2,417.0,386.12420367845493,386.2726092652034,386.47090714676006,387.52751409299583,768.0,777.0,777.0,779.3333333333334,772.4,746.3,755.5714285714286,784.763803109485,785.9611409146364,783.3887241987567,769.1261243166672,1188.0,1189.0,1189.0,1185.6666666666667,1181.0,1149.8,1124.4285714285713,1180.8013140195455,1179.9900724014433,1176.4805021358343,1147.2717688560467,1276.0,884.0,884.0,786.0,715.6,585.3,405.3333333333333,947.5271452026963,957.3414934169473,970.6331809108531,1058.4504795864461
2019-04-30,386.0,384.0,384.0,386.3333333333333,388.4,391.3,413.04761904761904,385.3465803004384,385.1454987506888,383.7948570669239,385.2519716627784,763.0,768.0,768.0,775.0,775.8,752.0,752.952380952381,771.2583339976726,770.982247485442,769.2391994451776,753.7881707513632,1187.0,1188.0,1188.0,1187.6666666666667,1184.4,1161.3,1129.2380952380952,1175.3223180078974,1173.8631880670766,1170.6427178440297,1137.9180301093995,1389.0,1276.0,1276.0,981.0,856.4,671.1,458.14285714285717,1463.4012590556335,1481.924598256959,1527.0382114874474,1648.5689642629382
2019-05-01,384.0,386.0,386.0,385.3333333333333,387.2,390.0,409.3333333333333,388.54895085992996,388.33450037285775,387.56704243504976,389.47657214309055,755.0,763.0,763.0,769.3333333333334,773.8,756.9,750.5714285714286,766.269292337681,766.4503736229982,764.3968826266276,746.2803423751697,1189.0,1187.0,1187.0,1188.0,1186.4,1170.8,1133.2857142857142,1171.138724660796,1169.4661560341895,1164.2840592252294,1128.0339097981835,1420.0,1389.0,1389.0,1183.0,1004.6,765.5,517.1428571428571,1415.0489669179565,1410.9664931979908,1412.3947298166324,1508.9555803327744
2019-05-02,382.0,384.0,384.0,384.6666666666667,385.8,388.7,405.6666666666667,385.0883047228798,384.29452466091124,383.5686586572569,387.20584215208874,752.0,755.0,755.0,762.0,768.6,760.6,748.0952380952381,754.9658543127626,754.2728091791283,751.7060190735262,729.9751366158893,1190.0,1189.0,1189.0,1188.0,1187.8,1177.8,1137.047619047619,1186.568276832392,1183.9295062638264,1175.0856142511232,1128.2344824062302,1290.0,1420.0,1420.0,1361.6666666666667,1150.4,861.6,578.952380952381,1527.3621014852652,1506.826163201602,1487.6444060265492,1604.364555713852
2019-05-03,382.0,382.0,382.0,384.0,384.4,387.5,402.1904761904762,383.69791965747146,383.20704406316133,382.4136126787221,386.7231015761845,761.0,752.0,752.0,756.6666666666666,763.0,763.2,746.047619047619,748.8531121449679,748.2994008903185,746.6749648115806,723.8845511015069,1189.0,1190.0,1190.0,1188.6666666666667,1188.6,1182.1,1140.3809523809523,1175.5632942330908,1172.0784698792888,1163.7726869653245,1119.375848324687,1119.0,1290.0,1290.0,1366.3333333333333,1251.8,944.3,636.0,1283.6397272924717,1279.8711539123542,1282.0195171139685,1405.5135335252726
2019-05-07,382.0,382.0,382.0,382.6666666666667,383.6,386.7,399.04761904761904,386.5250594652898,386.4441322230241,385.61145957515686,387.81406222253094,770.0,761.0,761.0,756.0,759.8,766.1,745.3809523809524,769.5508774579544,768.1186709152839,766.250567214859,750.1035434338725,1188.0,1189.0,1189.0,1189.3333333333333,1188.6,1184.8,1143.3333333333333,1177.5514634815413,1174.2927344414459,1166.7729588574045,1134.4118275328678,1159.0,1119.0,1119.0,1276.3333333333333,1298.8,1007.2,684.3333333333334,1098.0565872702086,1106.1814873536819,1122.4427806248973,1195.6398336541467
2019-05-08,382.0,382.0,382.0,382.0,383.2,385.8,396.42857142857144,385.38648377881395,385.3885414528687,385.05522944763334,386.89980720213396,776.0,770.0,770.0,761.0,760.2,768.0,746.0,782.2662991108358,780.4824957416596,777.6495199655022,770.8963677706369,1193.0,1188.0,1188.0,1189.0,1188.6,1186.5,1146.3809523809523,1181.3873975281203,1179.17726290775,1175.3571321163272,1151.5078524968078,1270.0,1159.0,1159.0,1189.3333333333333,1275.4,1065.9,729.5238095238095,1266.980514545804,1261.8558907600423,1247.0498777062655,1239.4909657504652
2019-05-09,382.0,382.0,382.0,382.0,382.4,384.8,394.04761904761904,384.5971427428386,384.36028252392356,384.0920204086736,386.20883170754325,779.0,776.0,776.0,769.0,762.8,768.3,747.6190476190476,788.9746791651348,786.5925320253458,784.7329554392725,780.2730510973745,1198.0,1193.0,1193.0,1190.0,1189.8,1188.1,1150.142857142857,1191.5941363596003,1190.8023021735255,1189.0179891751525,1167.764375171846,1371.0,1270.0,1270.0,1182.6666666666667,1251.6,1128.1,776.8571428571429,1413.1621667320094,1411.8318511878142,1399.156349657839,1370.905826694113
2019-05-10,382.0,382.0,382.0,382.0,382.0,383.9,392.0,384.6743803566948,384.78022510828197,385.37783878258097,389.1726836776201,782.0,779.0,779.0,775.0,767.6,768.1,749.8095238095239,792.3180808859788,791.2044975582065,790.2703750458635,785.6788736953421,1211.0,1198.0,1198.0,1193.0,1191.6,1189.7,1154.7619047619048,1193.5922462995293,1194.3136382983366,1194.8369427987682,1176.8997300824017,1405.0,1371.0,1371.0,1266.6666666666667,1241.8,1196.1,827.2857142857143,1476.8964925269254,1466.8079423878823,1435.5422608835736,1414.3113183349542
2019-05-13,381.0,382.0,382.0,382.0,382.0,383.2,390.23809523809524,385.25004307838117,385.614552725598,386.63427251849646,390.2812638296414,783.0,782.0,782.0,779.0,773.6,768.3,752.4761904761905,795.3610732757878,795.626249719437,795.2301856516575,791.9412154655215,1229.0,1211.0,1211.0,1200.6666666666667,1195.8,1192.2,1160.7619047619048,1216.9391789753588,1217.733893622591,1218.4344196970324,1200.8008971319427,1462.0,1405.0,1405.0,1348.6666666666667,1264.8,1258.3,876.3333333333334,1457.983337881814,1453.2874682092208,1429.1363816900548,1410.974125902845
2019-05-14,381.0,381.0,381.0,381.6666666666667,381.8,382.7,388.8095238095238,384.11583128475183,384.0678820951951,385.21480855331095,389.8722572632336,784.0,783.0,783.0,781.3333333333334,778.0,768.9,755.5714285714286,795.3051608820537,794.7184185320003,793.9167145265167,790.9053884679723,1243.0,1229.0,1229.0,1212.6666666666667,1203.8,1196.2,1168.142857142857,1244.8614067285343,1244.7023949719746,1243.8712984476024,1223.6543493531688,1417.0,1462.0,1462.0,1412.6666666666667,1333.4,1316.1,925.5714285714286,1570.259980427405,1571.8368485252179,1563.9300185525974,1559.179396094054
2019-05-15,383.0,381.0,381.0,381.3333333333333,381.6,382.4,387.6190476190476,384.71781012984974,384.8426852851301,385.96684248556994,390.0353364643254,783.0,784.0,784.0,783.0,780.8,770.5,758.8571428571429,794.8714807834249,794.0340133318957,792.2352368015955,787.9113914005865,1252.0,1243.0,1243.0,1227.6666666666667,1214.8,1201.7,1176.3333333333333,1244.9462899015145,1244.9236432143985,1244.6947643720118,1224.9928554615017,1428.0,1417.0,1417.0,1428.0,1385.0,1330.2,972.9047619047619,1418.357867339146,1423.4809876937363,1421.8463262885095,1437.4980850809468
2019-05-16,385.0,383.0,383.0,381.6666666666667,381.8,382.1,386.6666666666667,387.28616211251403,387.4205974780119,388.7739994273753,393.7908655916725,780.0,783.0,783.0,783.3333333333334,782.2,772.5,762.2857142857143,793.1308469481788,792.0713225604778,789.3653023407836,781.6988042483101,1255.0,1252.0,1252.0,1241.3333333333333,1226.6,1208.2,1184.857142857143,1248.5353486009687,1248.740356492755,1248.3338820605827,1230.9457093608353,1463.0,1428.0,1428.0,1435.6666666666667,1416.6,1334.1,1021.0,1462.3654345058594,1460.643370568454,1450.0523510500134,1459.0845543073847
2019-05-17,386.0,385.0,385.0,383.0,382.4,382.2,386.0,389.2453551336753,389.27694194321884,390.6815627057283,395.88710410475977,778.0,780.0,780.0,782.3333333333334,782.4,775.0,765.4285714285714,788.579615535184,787.9022460126636,785.0109602493845,777.180745366144,1256.0,1255.0,1255.0,1250.0,1238.0,1214.8,1192.6190476190477,1245.6654931718842,1246.6431162040906,1246.6473184258866,1228.0746494821724,1470.0,1463.0,1463.0,1436.0,1435.0,1338.4,1069.4761904761904,1492.9319083687649,1493.007421701324,1483.8371757912587,1485.5514357285795
2019-05-20,388.0,386.0,386.0,384.6666666666667,383.2,382.6,385.4761904761905,389.77001077648345,389.48228840210726,390.6608287149119,395.93542825615424,777.0,778.0,778.0,780.3333333333334,781.6,777.6,768.2857142857143,786.2948419409803,785.6368050271523,782.7103988910607,775.9688973642154,1258.0,1256.0,1256.0,1254.3333333333333,1247.0,1221.4,1199.142857142857,1248.546038546771,1248.2266139681626,1246.3579380011718,1224.737253021305,1501.0,1470.0,1470.0,1453.6666666666667,1448.0,1356.4,1117.6190476190477,1483.590887076883,1484.9002450776707,1477.4973988615038,1472.992104672089
2019-05-21,389.0,388.0,388.0,386.3333333333333,384.6,383.2,385.1904761904762,392.8431183175537,393.042509916786,394.7820404659424,403.5582225216579,778.0,777.0,777.0,778.3333333333334,780.4,779.2,770.7142857142857,782.765277134765,782.3426971172908,780.7066976021553,775.057132485905,1268.0,1258.0,1258.0,1256.3333333333333,1252.8,1228.3,1204.4285714285713,1257.9260838221796,1256.966626782411,1252.8978457991416,1224.6389698188943,1537.0,1501.0,1501.0,1478.0,1455.8,1394.6,1167.047619047619,1553.236253775533,1552.8537828891174,1540.6361802937813,1531.1116885624108
2019-05-22,391.0,389.0,389.0,387.6666666666667,386.2,383.9,385.14285714285717,393.5966682059176,393.8510054160444,395.64032383700084,404.414598860976,779.0,778.0,778.0,777.6666666666666,779.2,780.0,772.9047619047619,784.5360890639946,783.6174047704955,782.0063156710946,777.2603063117654,1287.0,1268.0,1268.0,1260.6666666666667,1257.8,1236.3,1209.4761904761904,1276.7308569655638,1275.539694830713,1270.5272168349588,1239.0787409435998,1558.0,1537.0,1537.0,1502.6666666666667,1479.8,1432.4,1216.904761904762,1584.4200537206775,1588.9866087567705,1584.4596393038237,1579.8929272690723
2019-05-23,393.0,391.0,391.0,389.3333333333333,387.8,384.8,385.14285714285717,395.58405935601843,395.8546422363044,397.5854324479792,405.6389684794206,778.0,779.0,779.0,778.0,778.4,780.3,774.2380952380952,785.8888794425181,784.8675180078293,782.7151600996214,778.1501702473417,1304.0,1287.0,1287.0,1271.0,1264.8,1245.7,1215.0,1301.8702218803533,1300.7555500192216,1295.636870394394,1263.2293500553947,1545.0,1558.0,1558.0,1532.0,1505.8,1461.2,1263.857142857143,1589.152957905046,1588.4135804817927,1581.6736914017133,1578.5345242567168
2019-05-24,394.0,393.0,393.0,391.0,389.4,385.9,385.1904761904762,397.2095310318884,397.48439363617916,399.06465060763304,407.22324105519897,771.0,778.0,778.0,778.3333333333334,778.0,780.2,774.4761904761905,785.4981934650848,784.6479419642696,782.0261849120493,776.522809686337,1322.0,1304.0,1304.0,1286.3333333333333,1274.6,1256.3,1221.047619047619,1316.1146335435574,1315.2359495971978,1310.7548255474906,1279.2855428309038,1585.0,1545.0,1545.0,1546.6666666666667,1522.2,1478.6,1306.5714285714287,1582.154148886731,1580.319030034134,1572.6877038286316,1566.0724376997953
2019-05-28,395.0,394.0,394.0,392.6666666666667,391.0,387.1,385.3333333333333,397.5934683107913,397.85642555720926,399.39027190877755,407.935000479191,763.0,771.0,771.0,776.0,776.6,779.1,774.0,775.8814861254084,775.0267956295519,772.5227979543414,768.4836765847648,1337.0,1322.0,1322.0,1304.3333333333333,1287.8,1267.4,1227.7142857142858,1337.2037434400188,1336.0324028656776,1331.5213908960013,1299.5064876055835,1659.0,1585.0,1585.0,1562.6666666666667,1545.2,1496.6,1349.142857142857,1653.8123406649806,1654.4321225345193,1650.6157720646167,1643.4993785676675
2019-05-29,397.0,395.0,395.0,394.0,392.4,388.5,385.6190476190476,398.5495260979794,398.74052669256,400.1973319121364,408.76311475585663,756.0,763.0,763.0,770.6666666666666,773.8,777.1,773.1904761904761,767.1880253238651,767.0464244023663,765.0645459029703,762.0684679274132,1340.0,1337.0,1337.0,1321.0,1303.6,1278.2,1234.904761904762,1346.8000827619376,1346.429560393743,1343.1250082309398,1312.9286602740044,1623.0,1659.0,1659.0,1596.3333333333333,1576.8,1516.3,1390.857142857143,1711.692982773593,1713.2197103560743,1710.1380185932478,1697.9471156734458
2019-05-30,398.0,397.0,397.0,395.3333333333333,394.0,390.1,386.14285714285717,401.39889521708346,401.63579098544216,403.0712814975908,411.16845097378314,752.0,756.0,756.0,763.3333333333334,769.4,774.3,772.1904761904761,759.7920124207194,759.8119636389878,757.9001930359768,754.6305742632579,1335.0,1340.0,1340.0,1333.0,1318.0,1287.9,1242.095238095238,1339.3408304123568,1338.5167923360627,1335.5591041709752,1307.0870778084964,1620.0,1623.0,1623.0,1622.3333333333333,1594.0,1536.9,1426.047619047619,1603.999972175132,1606.8072201495606,1599.9082198201863,1582.365550488283
2019-05-31,401.0,398.0,398.0,396.6666666666667,395.4,391.6,386.8095238095238,402.4388702787445,402.320824053346,403.5954392155749,411.43249791748497,748.0,752.0,752.0,757.0,764.0,771.2,771.4285714285714,756.846762614941,756.403025011977,754.3482464123142,752.1668067211555,1325.0,1335.0,1335.0,1337.3333333333333,1327.6,1296.2,1249.095238095238,1329.2045777043259,1328.3240429896107,1326.0053705991209,1302.290531618419,1650.0,1620.0,1620.0,1634.0,1606.4,1556.1,1442.4285714285713,1625.7227763188057,1624.5081147910328,1606.7673176155092,1561.5861688385535
2019-06-03,403.0,401.0,401.0,398.6666666666667,397.0,393.2,387.5238095238095,406.4855599296372,406.29414923847366,407.2697449418773,414.614165371582,739.0,748.0,748.0,752.0,758.0,768.0,770.7142857142857,753.5837920494644,752.7233751843861,750.7699626681399,749.8492819075369,1304.0,1325.0,1325.0,1333.3333333333333,1331.8,1303.2,1255.6666666666667,1318.408749616047,1318.1948089565196,1316.2329232731438,1293.4472398596624,1739.0,1650.0,1650.0,1631.0,1627.4,1574.8,1454.857142857143,1655.0986416223595,1658.7968433210233,1651.6804463480637,1609.5459114894077
2019-06-04,405.0,403.0,403.0,400.6666666666667,398.8,394.9,388.42857142857144,406.90204126197625,406.7841589807153,407.76093015221676,415.18651634788677,731.0,739.0,739.0,746.3333333333334,751.6,764.1,769.952380952381,740.829727355605,740.0379714973888,738.5576400747581,739.5435060012262,1285.0,1304.0,1304.0,1321.3333333333333,1328.2,1308.0,1261.142857142857,1284.7288764185894,1286.5124971601758,1285.7985927890272,1266.125420399028,1806.0,1739.0,1739.0,1669.6666666666667,1658.2,1601.7,1470.047619047619,1786.9939413361726,1786.9398876577418,1774.4317597958093,1718.55207338667
2019-06-05,408.0,405.0,405.0,403.0,400.8,396.6,389.5238095238095,408.7644577568686,408.80153739906496,409.9252899536781,417.2033286119845,726.0,731.0,731.0,739.3333333333334,745.2,759.5,768.952380952381,732.7292351793052,732.9744920782468,732.1428349124942,733.9209655168049,1246.0,1285.0,1285.0,1304.6666666666667,1317.8,1310.7,1265.6666666666667,1270.4722539200116,1271.0232932976305,1269.5594549985617,1249.4998287151793,1826.0,1806.0,1806.0,1731.6666666666667,1687.6,1632.2,1494.6190476190477,1845.7630046416587,1845.5106293842334,1830.5510472353133,1777.9532928703356
2019-06-06,412.0,408.0,408.0,405.3333333333333,403.0,398.5,390.76190476190476,412.7275871155939,412.46155998436393,413.247540607082,419.86832966085984,719.0,726.0,726.0,732.0,739.2,754.3,767.2857142857143,728.6260428707578,728.7786737371171,728.8523014293265,732.2215134222698,1213.0,1246.0,1246.0,1278.3333333333333,1299.0,1308.5,1268.3809523809523,1212.9816714922845,1212.948374050149,1212.154779218045,1201.398088987321,1862.0,1826.0,1826.0,1790.3333333333333,1728.2,1661.1,1528.2857142857142,1872.1873053314364,1872.435090924314,1861.0057685149845,1825.705793748867
2019-06-07,411.0,412.0,412.0,408.3333333333333,405.8,400.6,392.1904761904762,416.6842713096685,416.70710017911347,417.9010208586958,425.06425412710297,717.0,719.0,719.0,725.3333333333334,732.6,748.3,764.8571428571429,719.7201341824262,718.9203393252186,718.2261303208334,721.5680790126193,1187.0,1213.0,1213.0,1248.0,1274.6,1301.1,1269.5714285714287,1188.0977689515655,1187.1303089484077,1185.6368949428993,1175.4067080873813,1848.0,1862.0,1862.0,1831.3333333333333,1776.6,1691.5,1561.7619047619048,1918.7243431883003,1921.3945999904415,1909.3421175327242,1861.6703751217333
2019-06-10,414.0,411.0,411.0,410.3333333333333,407.8,402.4,393.57142857142856,413.39978550095503,413.09491314027804,414.3051727444049,421.12906510351587,714.0,717.0,717.0,720.6666666666666,726.4,742.2,762.047619047619,718.0101113196113,717.3495131248109,716.7393847333808,720.4103084497134,1166.0,1187.0,1187.0,1215.3333333333333,1247.0,1289.4,1269.2857142857142,1170.0246076184114,1170.4362595776922,1170.0360571222936,1160.3476051138587,1798.0,1848.0,1848.0,1845.3333333333333,1816.2,1721.8,1589.2857142857142,1855.1484717819008,1856.729906723059,1848.6014062202573,1805.1544063590923
2019-06-11,416.0,414.0,414.0,412.3333333333333,410.0,404.4,395.0952380952381,418.0576027679588,418.46575370385534,419.6354708736633,425.69180125027304,712.0,714.0,714.0,716.6666666666666,721.4,736.5,758.952380952381,717.474184280247,717.0843808505376,716.1810176847749,719.6231385726962,1149.0,1166.0,1166.0,1188.6666666666667,1219.4,1273.8,1267.7619047619048,1150.943160235704,1150.948229126971,1150.9827052816397,1143.2225342774311,1746.0,1798.0,1798.0,1836.0,1828.0,1743.1,1609.6190476190477,1794.6798335715691,1792.864485102907,1779.5392684640588,1729.4408970969118
2019-06-12,419.0,416.0,416.0,413.6666666666667,412.2,406.5,396.7142857142857,419.52615417604466,419.71571670890376,420.8510274153743,427.094152990659,710.0,712.0,712.0,714.3333333333334,717.6,731.4,755.6190476190476,714.991397347961,714.5485529711725,713.4713298612348,716.4078205728804,1137.0,1149.0,1149.0,1167.3333333333333,1192.2,1255.0,1264.8095238095239,1135.553523024864,1135.5167772678626,1135.3262525612124,1128.702534196715,1718.0,1746.0,1746.0,1797.3333333333333,1816.0,1751.8,1625.857142857143,1742.583354506139,1745.741981048541,1740.1216779702343,1697.0373346227148
2019-06-13,420.0,419.0,419.0,416.3333333333333,414.4,408.7,398.5238095238095,423.56090740681697,423.6015592509232,424.65271055163123,432.0608496130606,716.0,710.0,710.0,712.0,714.4,726.8,752.1428571428571,713.6228127269325,713.8118826757233,713.513058350334,717.2372221563727,1131.0,1137.0,1137.0,1150.6666666666667,1170.4,1234.7,1260.4285714285713,1133.9052304636016,1134.1508724963294,1134.00518994254,1125.5840574840818,1800.0,1718.0,1718.0,1754.0,1794.4,1761.3,1638.047619047619,1759.9353641100088,1759.8466919696646,1752.3529992190358,1707.2196333428165
2019-06-14,422.0,420.0,420.0,418.3333333333333,416.0,410.9,400.3809523809524,423.2120629813499,423.0078552109545,423.92533189051863,431.66687359112194,720.0,716.0,716.0,712.6666666666666,713.8,723.2,748.9047619047619,724.4017955531941,724.7127924296267,724.8406920183453,728.7400497570283,1125.0,1131.0,1131.0,1139.0,1154.0,1214.3,1255.095238095238,1135.8519698741477,1136.4060308993826,1136.4690912213864,1127.4076538898717,1826.0,1800.0,1800.0,1754.6666666666667,1782.0,1779.3,1656.2857142857142,1927.2181930725797,1921.7792924857108,1907.6369628002767,1861.9506616690392
2019-06-17,428.0,422.0,422.0,420.3333333333333,418.2,413.0,402.23809523809524,426.4250625046325,426.6678539204912,427.63122555829966,434.48503146215575,728.0,720.0,720.0,715.3333333333334,714.4,720.4,745.9047619047619,728.2448887905624,727.3403069775576,727.2206437554926,731.9455243816739,1117.0,1125.0,1125.0,1131.0,1141.6,1194.3,1249.047619047619,1127.8171115501405,1127.6899813009761,1127.9648790777246,1119.8566292857918,1956.0,1826.0,1826.0,1781.3333333333333,1777.6,1796.9,1675.2380952380952,1887.3798565325599,1887.1891657272386,1874.807106723267,1832.5159070551647
2019-06-18,432.0,428.0,428.0,423.3333333333333,421.0,415.5,404.2857142857143,434.47294882933613,434.6011822063217,435.33577686089257,441.96577120982045,736.0,728.0,728.0,721.3333333333334,717.2,719.3,743.4285714285714,741.3017260553016,740.782307581775,740.7543642161138,745.5040375064427,1110.0,1117.0,1117.0,1124.3333333333333,1131.8,1175.6,1242.4761904761904,1120.3532980495318,1120.8331508305027,1120.8954534192171,1115.6670389577905,2051.0,1956.0,1956.0,1860.6666666666667,1809.2,1818.6,1698.7142857142858,2089.024421746119,2083.652516304763,2072.659284032066,2030.2806499190012
2019-06-19,437.0,432.0,432.0,427.3333333333333,424.2,418.2,406.4761904761905,437.59988690088556,437.3570781807259,438.0812518523071,445.0496783708834,743.0,736.0,736.0,728.0,722.0,719.8,741.4285714285714,746.850928532277,746.9046785556908,747.2399406351144,752.827179403728,1101.0,1110.0,1110.0,1117.3333333333333,1124.0,1158.1,1235.5238095238096,1110.949864027019,1111.761289352948,1112.6310674716697,1109.0471536690611,2080.0,2051.0,2051.0,1944.3333333333333,1870.2,1843.1,1726.3809523809523,2129.163596226161,2134.155708969577,2131.9539533115258,2091.15312417425
2019-06-20,440.0,437.0,437.0,432.3333333333333,427.8,421.1,408.8095238095238,442.8213953565511,442.5503506159842,443.1562821865138,449.6308222876573,751.0,743.0,743.0,735.6666666666666,728.6,721.5,739.8095238095239,753.9910717078258,754.1571718907115,754.8136474536594,761.4552240049425,1096.0,1101.0,1101.0,1109.3333333333333,1116.8,1143.6,1228.047619047619,1099.0173370726156,1099.9648418780134,1100.426037159249,1097.1665933664608,2278.0,2080.0,2080.0,2029.0,1942.6,1868.5,1753.952380952381,2124.840790681068,2127.5814606912368,2125.0573165780215,2093.2521671662153
2019-06-21,442.0,440.0,440.0,436.3333333333333,431.8,423.9,411.23809523809524,445.07919268934927,445.1501015483534,445.8947428991313,452.56182589637393,756.0,751.0,751.0,743.3333333333334,735.6,724.7,738.5238095238095,762.1653812470412,762.0000953867283,762.0509261118087,768.8257320051389,1111.0,1096.0,1096.0,1102.3333333333333,1109.8,1131.9,1219.857142857143,1099.6449513881857,1100.5538659025942,1101.3380870775695,1100.1341905394024,2363.0,2278.0,2278.0,2136.3333333333335,2038.2,1910.1,1789.2380952380952,2425.5811617654217,2432.530467651238,2432.810504267212,2388.852252389194
2019-06-24,442.0,442.0,442.0,439.6666666666667,435.8,427.0,413.6666666666667,446.6829008474569,446.86082163614833,447.8936665901512,455.0725897527721,765.0,756.0,756.0,750.0,742.8,728.6,737.4285714285714,765.1504281880061,764.7763251843261,765.1193377706053,773.0764297505315,1150.0,1111.0,1111.0,1102.6666666666667,1107.0,1124.3,1211.4761904761904,1137.4129431750503,1137.4530431384267,1136.890363139135,1128.537110431815,2389.0,2363.0,2363.0,2240.3333333333335,2145.6,1961.6,1827.5714285714287,2432.2744233245294,2446.903780662512,2455.6540638576894,2420.313057362077
2019-06-25,442.0,442.0,442.0,441.3333333333333,438.6,429.8,416.0,445.433667073797,445.39036484875567,446.36127214377916,453.1356015092864,774.0,765.0,765.0,757.3333333333334,750.2,733.7,736.8095238095239,775.3565142517295,774.7992901484299,774.7117918309152,781.6704167435757,1191.0,1150.0,1150.0,1119.0,1113.6,1122.7,1204.142857142857,1194.52848007484,1194.9555186100708,1192.4354413117,1177.4406664473074,2440.0,2389.0,2389.0,2343.3333333333335,2232.2,2020.7,1867.7619047619048,2465.7158772492953,2460.4384699503316,2447.0848209908722,2406.4151894816055
2019-06-26,443.0,442.0,442.0,442.0,440.6,432.4,418.2857142857143,445.801514391617,446.04696640478704,446.9904353737448,454.32551074504585,783.0,774.0,774.0,765.0,757.8,739.9,736.952380952381,784.7770740381834,784.4333656681604,783.7595237209201,788.1058314004052,1243.0,1191.0,1191.0,1150.6666666666667,1129.8,1126.9,1197.904761904762,1233.5579941712222,1233.184544497688,1230.1715368972423,1214.3501726022018,2465.0,2440.0,2440.0,2397.3333333333335,2310.0,2090.1,1908.4761904761904,2537.62828627889,2539.4229186184216,2534.4499510403257,2487.158580402941
2019-06-27,442.0,443.0,443.0,442.3333333333333,441.8,434.8,420.57142857142856,446.88348479011734,447.16563356839106,448.233112362909,455.61139130355417,787.0,783.0,783.0,774.0,765.8,747.2,737.9047619047619,794.0054659889105,793.4189813995991,792.5636129709089,795.6857004613926,1286.0,1243.0,1243.0,1194.6666666666667,1158.2,1137.5,1193.4285714285713,1295.8419238900142,1296.2730872347229,1292.3606464179925,1271.278717881195,2488.0,2465.0,2465.0,2431.3333333333335,2387.0,2164.8,1946.857142857143,2551.7699971240218,2556.0167481967346,2557.0915294308315,2517.920842932011
2019-06-28,441.0,442.0,442.0,442.3333333333333,442.2,437.0,422.7142857142857,444.482628054214,444.5058336359576,445.44079211718827,453.26742391188463,792.0,787.0,787.0,781.3333333333334,773.0,754.3,739.3809523809524,794.3360966181934,794.0799551786731,792.9799026495498,795.0960877967287,1317.0,1286.0,1286.0,1240.0,1196.2,1153.0,1190.857142857143,1321.8299121811185,1324.1620967615993,1321.8016960944806,1301.4085500063036,2557.0,2488.0,2488.0,2464.3333333333335,2429.0,2233.6,1988.047619047619,2576.3267018338825,2572.298429782725,2557.967580383887,2512.1706615217163
2019-07-01,439.0,441.0,441.0,442.0,442.0,438.9,424.76190476190476,443.8431219603968,444.0725574114836,444.9200127814512,452.20115524502273,796.0,792.0,792.0,787.3333333333334,780.2,761.5,741.2857142857143,799.8777762959547,800.7281658620625,800.5661720829972,803.1007652421157,1370.0,1317.0,1317.0,1282.0,1237.4,1172.2,1190.0,1349.3988680645389,1350.0694347078297,1347.0736098800437,1324.7220880792129,2717.0,2557.0,2557.0,2503.3333333333335,2467.8,2306.7,2032.6666666666667,2656.746009864501,2658.4979451100908,2651.3703976211727,2609.442292732504
2019-07-02,440.0,439.0,439.0,440.6666666666667,441.4,440.0,426.57142857142856,441.91244712318354,442.1233069998423,443.01889560366675,450.2394222156836,803.0,796.0,796.0,791.6666666666666,786.4,768.3,743.5714285714286,805.1443158817285,805.7187841248616,805.8391413050653,809.3541746313377,1433.0,1370.0,1370.0,1324.3333333333333,1281.4,1197.5,1192.142857142857,1430.6153590972851,1429.744365293715,1424.7743945024895,1397.0507171761733,2939.0,2717.0,2717.0,2587.3333333333335,2533.4,2382.8,2083.4761904761904,2877.494932981103,2881.6628361596468,2880.838348574239,2846.770400549525
2019-07-03,443.0,440.0,440.0,440.0,441.0,440.8,428.3333333333333,444.5961775625433,444.75209546642725,445.5239778201205,452.75670073271147,814.0,803.0,803.0,797.0,792.2,775.0,746.6190476190476,816.3859361782004,817.0093445521779,817.4847202472217,821.7253625861018,1569.0,1433.0,1433.0,1373.3333333333333,1329.8,1229.8,1198.2857142857142,1497.170045515942,1497.2205955500986,1492.6260742087009,1464.5309952231742,3298.0,2939.0,2939.0,2737.6666666666665,2633.2,2471.6,2140.6190476190477,3115.5128150022733,3115.809791597748,3114.6923976486396,3073.103900704182
2019-07-04,448.0,443.0,443.0,440.6666666666667,441.0,441.4,430.14285714285717,450.5164396852194,450.3345705281342,451.403192048967,459.8171012551046,820.0,814.0,814.0,804.3333333333334,798.4,782.1,750.5714285714286,835.0744432937162,835.7077340959021,834.8874103191,835.9882459105693,1665.0,1569.0,1569.0,1457.3333333333333,1395.0,1276.6,1211.8095238095239,1708.3960537249254,1707.0713298094781,1698.9325389312025,1652.0567892867805,3346.0,3298.0,3298.0,2984.6666666666665,2799.8,2593.4,2211.6666666666665,3569.2203827287312,3571.00960066063,3576.115564166188,3527.97331765865
2019-07-05,454.0,448.0,448.0,443.6666666666667,442.2,442.2,432.04761904761904,455.1668867677307,454.93354211895263,456.1828150787549,464.5162212470884,829.0,820.0,820.0,812.3333333333334,805.0,789.0,755.047619047619,833.6066466035652,834.0129464377834,833.7953480503492,837.3138564563474,1695.0,1665.0,1665.0,1555.6666666666667,1470.8,1333.5,1231.7619047619048,1733.1854660215872,1735.6296298046163,1732.472626959312,1694.2464738583096,3260.0,3346.0,3346.0,3194.3333333333335,2971.4,2700.2,2284.0476190476193,3374.0468386271514,3375.1422282922495,3377.9269142442367,3354.2124731613258
2019-07-08,458.0,454.0,454.0,448.3333333333333,444.8,443.4,434.04761904761904,460.58885543437844,460.82654730731053,461.69481571922256,468.6204105905658,835.0,829.0,829.0,821.0,812.4,796.3,760.2857142857143,841.1148277867445,841.7050683008281,842.4887001724144,849.2405478400324,1739.0,1695.0,1695.0,1643.0,1546.4,1391.9,1254.7142857142858,1699.9264115095496,1700.7383080020961,1698.5697415222483,1673.0193107896944,3343.0,3260.0,3260.0,3301.3333333333335,3112.0,2789.9,2350.6190476190477,3214.220788726642,3214.106209775544,3210.704748637484,3200.356802809474
2019-07-09,463.0,458.0,458.0,453.3333333333333,448.6,445.0,436.2857142857143,465.01943203583613,465.4740755923872,466.90024498910753,475.1436435719605,845.0,835.0,835.0,828.0,820.2,803.3,765.9047619047619,847.1222351257728,847.702967159928,848.4052900471954,853.9513772582781,1791.0,1739.0,1739.0,1699.6666666666667,1620.2,1450.8,1281.0,1778.297145437567,1778.9542944555305,1776.242572505861,1744.5387676180026,3361.0,3343.0,3343.0,3316.3333333333335,3237.2,2885.3,2421.809523809524,3434.90104849099,3437.318396907338,3437.415598280474,3414.3576879488596
2019-07-10,468.0,463.0,463.0,458.3333333333333,453.2,447.1,438.6190476190476,471.15414897944686,471.4204696209726,472.9649420758993,481.55629060780745,860.0,845.0,845.0,836.3333333333334,828.6,810.4,772.1428571428571,859.6729067536864,859.5778463644258,860.9380859549062,866.9109995459253,1881.0,1791.0,1791.0,1741.6666666666667,1691.8,1510.8,1310.7619047619048,1834.9633418243054,1838.7029563596443,1837.407884834255,1803.011734715992,3416.0,3361.0,3361.0,3321.3333333333335,3321.6,2977.4,2496.2380952380954,3405.4156942880445,3399.956814336705,3397.1444994198655,3373.1160869341543
2019-07-11,472.0,468.0,468.0,463.0,458.2,449.6,441.0952380952381,477.28820301082493,477.50946712357745,479.10412526909386,487.8832891093294,879.0,860.0,860.0,846.6666666666666,837.8,818.1,779.1904761904761,879.583152265175,879.4308481041654,880.2168265917572,884.7953780005128,1945.0,1881.0,1881.0,1803.6666666666667,1754.2,1574.6,1345.6190476190477,1962.9728622704565,1958.9723822626465,1952.152103339357,1906.2675633814806,3541.0,3416.0,3416.0,3373.3333333333335,3345.2,3072.5,2575.7619047619046,3497.808236773556,3487.015178214978,3461.324322693362,3427.4453394710113
2019-07-12,472.0,472.0,472.0,467.6666666666667,463.0,452.6,443.6190476190476,480.86952208689655,480.81201444253446,482.1928088601317,491.55117907792226,888.0,879.0,879.0,861.3333333333334,849.6,827.3,787.2380952380952,897.9647747086274,898.4333470059775,899.7027456303113,903.2669204477422,1992.0,1945.0,1945.0,1872.3333333333333,1810.2,1640.5,1384.095238095238,1992.6467285182762,1989.7598862417885,1983.5251391358752,1943.1525373681689,3724.0,3541.0,3541.0,3439.3333333333335,3384.2,3177.8,2662.5714285714284,3617.7841677190204,3621.9477245861335,3617.812823656438,3578.3087668904614
2019-07-15,477.0,472.0,472.0,470.6666666666667,466.6,455.7,446.0952380952381,477.3021145513434,477.5224968060533,479.1194092902289,489.27487289261256,905.0,888.0,888.0,875.6666666666666,861.4,836.9,795.4285714285714,898.192604937826,897.8113998271011,898.6516414723253,902.7253328853982,2052.0,1992.0,1992.0,1939.3333333333333,1869.6,1708.0,1425.095238095238,2027.6668975583225,2026.7379990004342,2022.7229434699461,1985.4042777327709,3968.0,3724.0,3724.0,3560.3333333333335,3477.0,3294.5,2754.190476190476,3785.3320912874988,3798.4029048353677,3807.5322312826174,3768.720855270616
2019-07-16,481.0,477.0,477.0,473.6666666666667,470.4,459.5,448.7142857142857,484.65298905285067,485.43893966965226,486.76698349525367,495.51929507275264,928.0,905.0,905.0,890.6666666666666,875.4,847.8,804.2380952380952,924.547880653153,926.1207872399266,927.8577132876459,932.304654337569,2085.0,2052.0,2052.0,1996.3333333333333,1932.2,1776.2,1469.2380952380952,2100.4586229527645,2101.3627630925284,2098.9596722783886,2065.3446286618714,4095.0,3968.0,3968.0,3744.3333333333335,3602.0,3419.6,2856.190476190476,4065.466433505592,4068.8474679148426,4071.2307831152084,4025.7109746805813
2019-07-17,486.0,481.0,481.0,476.6666666666667,474.0,463.6,451.23809523809524,488.39556912100204,488.30965743343273,489.132980717513,497.8372346083264,953.0,928.0,928.0,907.0,892.0,860.3,813.7619047619048,948.530802992919,950.0751151718521,952.4092009008975,956.753425136356,2134.0,2085.0,2085.0,2043.0,1991.0,1841.4,1515.3333333333333,2109.9775620096834,2110.985269925022,2110.100357063136,2083.2359635430357,4256.0,4095.0,4095.0,3929.0,3748.8,3535.2,2958.0476190476193,4112.74235278033,4110.3609400918995,4111.267771222699,4081.2680461094496
2019-07-18,492.0,486.0,486.0,481.3333333333333,477.6,467.9,453.8095238095238,494.1877486017488,493.9565284263083,494.45074521071086,502.9442351403137,982.0,953.0,953.0,928.6666666666666,910.6,874.2,824.0952380952381,976.3813783150608,976.2580697936182,976.9685313906107,980.1339421355636,2170.0,2134.0,2134.0,2090.3333333333335,2041.6,1897.9,1564.095238095238,2180.650568071588,2176.1408637104987,2172.911666807188,2146.465426365668,4379.0,4256.0,4256.0,4106.333333333333,3916.8,3631.0,3063.0476190476193,4293.934159456112,4289.437814227992,4285.870994829675,4260.248264835926
2019-07-19,497.0,492.0,492.0,486.3333333333333,481.6,472.3,456.42857142857144,500.54777255639306,500.2111560256968,500.58292864879127,508.9784531635801,1002.0,982.0,982.0,954.3333333333334,931.2,890.4,835.4761904761905,1007.1503904054005,1006.1869967889149,1006.3399043377281,1008.0535044749516,2201.0,2170.0,2170.0,2129.6666666666665,2086.6,1948.4,1615.0,2196.810808489504,2196.133631675583,2196.3492942675193,2178.6394283527,4438.0,4379.0,4379.0,4243.333333333333,4084.4,3734.3,3172.5238095238096,4369.574137213349,4366.896291009014,4367.171738133698,4335.074413634128
2019-07-22,503.0,497.0,497.0,491.6666666666667,486.6,476.6,459.14285714285717,504.50034911372643,504.9655863862553,505.83525905124696,514.1622319198095,1017.0,1002.0,1002.0,979.0,954.0,907.7,847.4285714285714,1022.6312257828682,1022.9763643749319,1023.7982695686765,1026.2860331637814,2219.0,2201.0,2201.0,2168.3333333333335,2128.4,1999.0,1667.6190476190477,2225.609436928827,2225.7727431117505,2226.9027416483273,2208.653150185279,4315.0,4438.0,4438.0,4357.666666666667,4227.2,3852.1,3275.3809523809523,4434.9769349843355,4439.887224854437,4431.150269615091,4381.4292201194785
2019-07-23,506.0,503.0,503.0,497.3333333333333,491.8,481.1,462.04761904761904,511.0807574543034,511.11870612022983,512.15025436717,520.9753659062726,1019.0,1017.0,1017.0,1000.3333333333334,976.4,925.9,859.8571428571429,1031.564590632324,1031.9796241693148,1033.0182275753994,1034.9690530739026,2209.0,2219.0,2219.0,2196.6666666666665,2161.8,2047.0,1720.3809523809523,2229.464230922508,2229.47850769853,2230.5084633216406,2211.868215453548,3808.0,4315.0,4315.0,4377.333333333333,4296.6,3949.3,3368.3333333333335,4198.826291239858,4197.159087554906,4182.232995517717,4144.374443485431
2019-07-24,512.0,506.0,506.0,502.0,496.8,485.4,465.0952380952381,510.9627029964443,510.9939088690555,512.3176516020255,520.9680973276035,1012.0,1019.0,1019.0,1012.6666666666666,994.6,943.3,871.952380952381,1017.3479119088973,1018.1601253286751,1019.6679231977599,1022.7358583132765,2180.0,2209.0,2209.0,2209.6666666666665,2186.6,2088.8,1770.8095238095239,2190.427905467265,2191.216278505329,2190.4524142237487,2168.1033619318437,3609.0,3808.0,3808.0,4187.0,4239.2,3994.0,3435.904761904762,3475.1392764749153,3490.620829630704,3497.5530488164586,3500.859572183975
2019-07-25,515.0,512.0,512.0,507.0,502.0,489.8,468.42857142857144,518.7110212834363,518.9089450786595,520.2009743793856,529.0204677990865,1005.0,1012.0,1012.0,1016.0,1006.4,958.5,883.2857142857143,1011.2278888571641,1012.6256471125131,1012.8633097841108,1013.6915381457998,2109.0,2180.0,2180.0,2202.6666666666665,2195.8,2118.7,1817.904761904762,2151.538698709031,2151.515495927036,2150.745131736064,2134.2692955753528,3647.0,3609.0,3609.0,3910.6666666666665,4109.8,4013.3,3491.5714285714284,3485.7600880385817,3485.7172266276593,3485.268400768595,3480.680544682853
2019-07-26,516.0,515.0,515.0,511.0,506.6,494.1,471.85714285714283,519.1214846970144,519.0695705710771,520.3867150925184,530.1062788869436,996.0,1005.0,1005.0,1012.0,1011.0,971.1,893.8571428571429,1000.4365846215369,1002.2734361142034,1002.705942511534,1002.8622433347061,2050.0,2109.0,2109.0,2166.0,2183.6,2135.1,1859.142857142857,2043.4150634410853,2046.441406698863,2050.228589690212,2043.8792390184713,3660.0,3647.0,3647.0,3688.0,3963.4,4023.9,3547.8571428571427,3604.6898625911685,3605.4051152169736,3612.435097119075,3588.6903671995715
2019-07-29,516.0,516.0,516.0,514.3333333333334,510.4,498.5,475.3809523809524,517.7008305741311,518.1830303244813,520.1248141401632,531.0209233261079,988.0,996.0,996.0,1004.3333333333334,1009.8,981.9,903.8095238095239,990.961523323977,992.2743056817013,991.88391225392,991.4172910919475,1969.0,2050.0,2050.0,2113.0,2153.4,2140.9,1895.5238095238096,2009.5698761230628,2009.3221077946387,2010.1519714427805,1999.772389140433,3664.0,3660.0,3660.0,3638.6666666666665,3807.8,4017.5,3603.6666666666665,3590.0825028198324,3577.8372007629278,3559.2034561854557,3534.2735697469816
2019-07-30,516.0,516.0,516.0,515.6666666666666,513.0,502.4,478.95238095238096,516.9426789630662,517.0258055224598,519.0398072844307,530.700739662929,982.0,988.0,988.0,996.3333333333334,1004.0,990.2,913.1428571428571,981.1939931082528,981.1051546170827,979.7267785453712,977.889644527053,1891.0,1969.0,1969.0,2042.6666666666667,2103.4,2132.6,1926.5714285714287,1902.5631751872133,1901.7844087758099,1901.8015701118904,1902.706962231332,3657.0,3664.0,3664.0,3657.0,3677.6,3987.1,3656.3809523809523,3587.4815164814745,3571.2715607968826,3548.3970841813716,3516.332616581989
