date,bdi_hsi,bdi_si,bdi_pi,bdi_ci,wti_usd_bbl,brent_usd_bbl,usd_inr,gpr,gpr_acts,gpr_threats,gpr_ma7,gpr_ma30,gpr_article_count,wind_speed_max_kmh,wind_gust_max_kmh,precip_mm,pressure_hpa,is_bdi_trading_day,is_market_trading_day
2012-08-01,570.0,1047.0,954.0,1181.0,88.99,106.78,55.47,67.74896240234375,42.65711212158203,88.95060729980469,74.40645599365234,84.01039123535156,929,23.1,45.0,1.0,999.1,True,True
2012-08-02,558.0,1032.0,931.0,1178.0,87.22,107.55,55.84,52.747894287109375,49.07982635498047,52.63383102416992,71.0289535522461,83.18814086914062,942,16.8,35.6,0.4,998.1,True,True
2012-08-03,552.0,1023.0,910.0,1200.0,91.4,109.57,55.75,74.2411117553711,98.68345642089844,47.035282135009766,72.02621459960938,81.3508071899414,937,13.8,24.5,12.8,995.7,True,True
2012-08-04,,,,,,,,45.37763977050781,54.285552978515625,45.27951431274414,69.88113403320312,80.10636901855469,1095,19.2,34.2,14.3,994.9,False,False
2012-08-05,,,,,,,,53.1072998046875,79.41574096679688,44.16038131713867,67.26110076904297,79.78831481933594,499,20.1,34.2,26.9,996.0,False,False
2012-08-06,544.0,1010.0,890.0,1214.0,92.3,110.01,55.52,99.59353637695312,138.13841247558594,72.01317596435547,65.4169921875,81.08303833007812,765,24.4,49.7,1.5,998.2,True,True
2012-08-07,539.0,995.0,868.0,1237.0,93.68,112.39,55.06,114.60892486572266,110.57046508789062,110.67202758789062,72.48934173583984,83.94317626953125,896,20.8,41.0,0.0,1000.8,True,True
2012-08-08,538.0,982.0,840.0,1204.0,93.39,113.42,55.28,75.28562927246094,39.50204849243164,112.0252685546875,73.56600189208984,83.66285705566406,836,18.9,41.0,4.4,1001.2,True,True
2012-08-09,535.0,966.0,823.0,1192.0,93.39,113.52,55.17,87.43833923339844,93.87451171875,78.30061340332031,78.52178192138672,83.32569122314453,985,16.0,29.9,27.6,999.2,True,True
2012-08-10,531.0,946.0,814.0,1169.0,92.94,113.13,55.18,85.19978332519531,101.92504119873047,56.67703628540039,80.08731079101562,83.85680389404297,972,13.4,27.7,23.4,998.3,True,True
2012-08-11,,,,,,,,52.33610534667969,61.38236618041992,56.31885528564453,81.08137512207031,83.40072631835938,1076,20.2,35.6,10.4,1000.7,False,False
2012-08-12,,,,,,,,63.949180603027344,89.25328063964844,53.17574691772461,82.63021087646484,81.93955993652344,518,23.4,40.7,2.1,1002.7,False,False
2012-08-13,523.0,906.0,804.0,1158.0,92.76,114.48,55.34,89.93396759033203,99.6190414428711,74.78291320800781,81.25027465820312,82.25428009033203,663,20.6,37.1,5.0,1002.5,True,True
2012-08-14,512.0,886.0,803.0,1147.0,93.4,113.9,55.66,109.05572509765625,108.72003936767578,90.6832504272461,80.45696258544922,84.28254699707031,729,15.8,40.3,16.4,1002.1,True,True
2012-08-15,506.0,877.0,801.0,1120.0,94.35,115.51,55.66,94.5273666381836,32.77787780761719,129.8649444580078,83.20578002929688,85.62577819824219,806,12.6,29.5,3.6,1002.1,True,True
2012-08-16,502.0,865.0,801.0,1105.0,95.66,116.12,55.62,95.69639587402344,66.04742431640625,116.30126953125,84.38550567626953,83.62122344970703,900,14.5,32.0,18.3,1000.9,True,True
2012-08-17,496.0,856.0,806.0,1095.0,96.0,115.2,55.62,104.33283996582031,104.0116958618164,105.34660339355469,87.1187973022461,83.61614227294922,889,13.8,24.1,57.6,999.3,True,True
2012-08-18,,,,,,,,49.14788818359375,52.26304626464844,43.5925407409668,86.66333770751953,80.32820892333984,1011,17.2,32.4,18.3,997.3,False,False
2012-08-19,,,,,,,,34.650291442871094,55.26980972290039,23.05023956298828,82.477783203125,75.9376220703125,478,19.0,38.5,1.4,999.8,False,False
2012-08-20,490.0,847.0,819.0,1087.0,96.03,115.5,55.5,69.01182556152344,88.45637512207031,49.18756866455078,79.48890686035156,76.88318634033203,672,27.2,54.7,0.4,1002.2,True,True
2012-08-21,485.0,841.0,833.0,1082.0,96.55,116.03,55.46,75.3927230834961,103.34590911865234,54.854984283447266,74.67990112304688,77.45909881591797,703,25.0,49.3,10.9,1003.4,True,True
2012-08-22,481.0,838.0,843.0,1091.0,96.89,115.77,55.5,123.79440307617188,136.1802520751953,106.4885482788086,78.86090850830078,78.89588928222656,776,21.3,43.2,5.8,1004.9,True,True
2012-08-23,477.0,833.0,840.0,1103.0,95.87,117.45,55.14,76.19268798828125,79.57521057128906,78.4415054321289,76.07466888427734,77.77759552001953,913,14.8,33.5,4.8,1004.9,True,True
2012-08-24,474.0,833.0,828.0,1124.0,95.78,115.76,55.41,69.69965362548828,65.8280029296875,61.00783920288086,71.12706756591797,77.20555114746094,903,13.0,24.1,20.4,1003.6,True,True
2012-08-25,,,,,,,,28.860706329345703,38.36249542236328,15.999054908752441,68.22889709472656,75.62122344970703,1033,13.1,28.1,47.7,1002.7,False,False
2012-08-26,,,,,,,,53.42850875854492,79.89608001708984,33.32061004638672,70.9114990234375,75.16016387939453,496,12.0,31.7,5.2,1001.4,False,False
2012-08-27,,,,,95.54,113.74,55.68,83.16069793701172,110.53961944580078,61.467308044433594,72.93276977539062,75.91908264160156,717,15.5,34.6,0.3,1001.2,False,True
2012-08-28,472.0,845.0,812.0,1182.0,96.3,112.62,55.65,73.70896911621094,34.579803466796875,100.95040130615234,72.69223022460938,75.99446105957031,764,13.3,30.6,2.0,1002.2,True,True
2012-08-29,466.0,853.0,788.0,1177.0,95.5,112.53,55.69,65.1778335571289,61.155025482177734,70.13782501220703,64.31843566894531,74.41697692871094,864,18.8,40.7,2.0,1003.5,True,True
2012-08-30,463.0,857.0,758.0,1169.0,94.61,112.28,55.63,84.21781921386719,97.95169067382812,75.86557006835938,65.46488189697266,75.05415344238281,944,19.2,40.7,3.3,1003.0,True,True
2012-08-31,459.0,858.0,735.0,1172.0,96.47,113.93,55.52,69.28677368164062,52.62743377685547,76.81883239746094,65.40589904785156,75.10541534423828,1004,18.3,40.0,1.0,1002.1,True,True
2012-09-01,,,,,,,,48.182804107666016,54.03879928588867,35.05731964111328,68.16619873046875,74.9532470703125,1100,18.8,33.8,15.0,1001.4,False,False
2012-09-02,,,,,,,,64.0728759765625,76.6507797241211,53.278602600097656,69.68682861328125,74.61430358886719,517,13.5,27.7,28.0,1000.6,False,False
2012-09-03,458.0,855.0,714.0,1180.0,,,,57.5265007019043,76.46590423583984,39.862571716308594,66.02479553222656,75.01927185058594,691,21.8,37.1,9.2,997.8,True,False
2012-09-04,456.0,857.0,686.0,1186.0,95.34,114.98,55.61,83.33502960205078,91.3863754272461,62.36612319946289,67.39994812011719,76.02686309814453,795,26.5,49.7,5.2,998.9,True,True
2012-09-05,455.0,852.0,647.0,1188.0,95.37,113.32,55.88,81.70010375976562,96.25746154785156,67.93619537353516,69.76026916503906,75.43041229248047,892,25.2,50.4,4.4,1002.0,True,True
2012-09-06,457.0,849.0,617.0,1186.0,95.58,114.5,55.64,54.94014358520508,45.105560302734375,53.74641418457031,65.57774353027344,73.44145202636719,1025,14.7,28.4,38.0,1005.3,True,True
2012-09-07,458.0,845.0,599.0,1186.0,96.41,113.64,55.27,69.73827362060547,88.48458862304688,57.98955535888672,65.64225006103516,73.25653839111328,1045,8.0,22.3,15.2,1005.1,True,True
2012-09-08,,,,,,,,63.17500686645508,49.28912353515625,82.22399139404297,67.78398895263672,72.44776153564453,1206,15.5,29.5,6.5,1003.4,False,False
2012-09-09,,,,,,,,66.14111328125,65.93753051757812,54.998409271240234,68.07945251464844,71.8124771118164,601,12.8,24.1,7.2,1002.0,False,False
2012-09-10,461.0,837.0,582.0,1188.0,96.52,113.84,55.44,66.42849731445312,70.63896179199219,73.64983367919922,69.35116577148438,72.28221893310547,748,11.8,30.6,13.5,1002.5,True,True
2012-09-11,466.0,832.0,566.0,1187.0,97.03,114.86,55.25,79.34294128417969,63.27897262573242,79.1713638305664,68.78086853027344,72.79534912109375,835,18.1,36.4,11.8,1002.9,True,True
2012-09-12,471.0,827.0,545.0,1186.0,97.02,114.86,55.21,99.15667724609375,73.22330474853516,103.82830810546875,71.27466583251953,73.10276794433594,902,16.0,33.1,4.2,1003.5,True,True
2012-09-13,475.0,821.0,527.0,1198.0,98.3,116.0,55.34,65.81260681152344,68.73431396484375,57.33120346069336,72.82787322998047,71.66133117675781,1057,17.6,35.3,8.3,1003.7,True,True
2012-09-14,477.0,825.0,502.0,1204.0,98.94,117.48,53.3,76.23063659667969,48.361087799072266,92.20095825195312,73.75535583496094,71.05143737792969,956,15.3,37.8,7.0,1002.5,True,True
2012-09-15,,,,,,,,49.441307067871094,27.38284683227539,59.383995056152344,71.79339599609375,69.50960540771484,1206,13.8,36.4,16.0,1000.9,False,False
2012-09-16,,,,,,,,75.143310546875,87.39735412597656,72.89802551269531,73.07942199707031,68.53662109375,529,12.0,27.7,19.2,1001.8,False,False
2012-09-17,479.0,828.0,483.0,1219.0,96.51,116.7,53.88,92.0157699584961,34.94572830200195,123.87979888916016,76.73474884033203,69.9655532836914,756,13.3,28.8,5.9,1004.5,True,True
2012-09-18,480.0,834.0,474.0,1326.0,95.25,113.29,53.9,82.91783905029297,57.86383056640625,89.63341522216797,77.24545288085938,71.57447052001953,799,10.7,24.5,9.4,1004.9,True,True
2012-09-19,480.0,839.0,468.0,1421.0,91.97,108.49,53.99,53.06172561645508,30.22765350341797,63.032127380371094,70.66045379638672,71.04280090332031,874,12.9,29.2,2.1,1004.6,True,True
2012-09-20,482.0,843.0,468.0,1531.0,92.14,109.41,54.26,52.32091522216797,45.63987731933594,54.383094787597656,68.73307037353516,70.27373504638672,1013,16.2,36.4,2.0,1005.3,True,True
2012-09-21,484.0,845.0,467.0,1584.0,92.64,111.27,53.46,67.89513397216797,85.498291015625,59.4283447265625,67.54228210449219,68.41043090820312,927,14.0,31.0,4.6,1005.5,True,True
2012-09-22,,,,,,,,28.168092727661133,28.081390380859375,23.422653198242188,64.50325775146484,66.80960845947266,1176,14.4,31.0,4.1,1005.7,False,False
2012-09-23,,,,,,,,51.75886917114258,51.599552154541016,43.03912353515625,61.162620544433594,66.21158599853516,512,11.6,27.0,4.5,1004.8,False,False
2012-09-24,486.0,850.0,461.0,1578.0,91.68,109.2,53.43,60.30682373046875,34.3549690246582,71.63859558105469,56.63277053833008,67.2597885131836,769,8.7,23.0,7.0,1004.6,True,True
2012-09-25,483.0,847.0,441.0,1568.0,91.07,110.77,53.36,74.92713165283203,86.49067687988281,85.25845336914062,55.491241455078125,67.97640991210938,840,7.9,22.7,0.0,1005.4,True,True
2012-09-26,479.0,847.0,426.0,1549.0,89.92,108.99,53.52,87.26852416992188,65.24993133544922,108.84976959228516,60.377925872802734,68.11333465576172,911,8.7,23.8,0.2,1007.7,True,True
2012-09-27,476.0,847.0,418.0,1548.0,91.89,111.45,52.99,106.64201354980469,132.8922119140625,94.21844482421875,68.1380844116211,69.21110534667969,994,9.6,29.9,5.0,1008.4,True,True
2012-09-28,472.0,844.0,425.0,1621.0,92.18,111.36,52.92,89.97920227050781,59.801490783691406,116.38748168945312,71.29295349121094,70.0378189086914,994,11.3,29.5,0.6,1007.8,True,True
2012-09-29,,,,,,,,62.022544860839844,78.69480895996094,37.50813674926758,76.12930297851562,69.2979736328125,1175,18.0,41.0,1.8,1007.6,False,False
2012-09-30,,,,,,,,59.507205963134766,79.09871673583984,32.98807144165039,77.2362060546875,68.97198486328125,501,20.4,40.7,1.3,1007.7,False,False
2012-10-01,467.0,836.0,439.0,1660.0,92.44,112.58,52.46,52.09804916381836,69.25025177001953,43.32115936279297,76.06352233886719,69.10249328613281,763,17.4,39.6,1.1,1008.3,True,True
2012-10-02,454.0,830.0,463.0,1676.0,91.88,112.49,52.42,81.33536529541016,117.94183349609375,67.63290405273438,76.97898864746094,69.67790985107422,896,20.1,42.5,9.9,1008.4,True,True
2012-10-03,448.0,825.0,496.0,1738.0,88.19,109.32,52.25,63.84767532348633,52.41859436035156,62.46040725708008,73.63314819335938,69.88861846923828,882,24.3,47.2,1.7,1006.6,True,True
2012-10-04,445.0,818.0,544.0,1873.0,91.69,110.48,51.74,72.01234436035156,68.66934204101562,62.48401641845703,68.6860580444336,69.51119232177734,1058,25.6,49.3,2.7,1004.5,True,True
2012-10-05,444.0,810.0,598.0,1932.0,89.87,112.17,51.77,87.9742202758789,121.43551635742188,73.1533203125,68.39962768554688,69.72032928466797,979,11.2,27.7,0.3,1005.5,True,True
2012-10-06,,,,,,,,49.2252197265625,46.18701171875,48.15565872192383,66.57144165039062,69.52983093261719,1144,10.2,24.8,0.0,1007.8,False,False
2012-10-07,,,,,,,,39.357242584228516,26.15739631652832,43.635704040527344,63.692874908447266,68.51713562011719,505,17.9,33.5,7.2,1008.0,False,False
2012-10-08,444.0,802.0,647.0,1921.0,89.43,112.6,,92.6003646850586,109.09994506835938,77.00010681152344,69.47891998291016,69.49797821044922,787,18.4,38.5,23.6,1006.5,True,True
2012-10-09,442.0,795.0,712.0,1829.0,92.42,114.32,52.73,108.14913177490234,71.87748718261719,146.5515899658203,73.30945587158203,70.89824676513672,827,22.1,43.9,2.6,1006.3,True,True
2012-10-10,442.0,791.0,784.0,1775.0,91.24,116.11,53.05,64.5305404663086,57.18391799926758,65.58342742919922,73.40701293945312,70.8349838256836,924,9.7,24.1,1.8,1007.3,True,True
2012-10-11,444.0,789.0,843.0,1833.0,92.19,116.18,52.66,89.17181396484375,79.01985168457031,98.86553955078125,75.85836029052734,71.16261291503906,1003,13.0,28.1,0.2,1008.3,True,True
2012-10-12,444.0,787.0,871.0,1914.0,91.83,115.17,52.81,81.25166320800781,87.23245239257812,88.35201263427734,74.89799499511719,70.5657730102539,1060,12.5,26.6,1.1,1009.3,True,True
2012-10-13,,,,,,,,74.74205017089844,47.68767166137695,89.49652099609375,78.54325866699219,70.8634262084961,1108,12.4,31.0,6.7,1009.9,False,False
2012-10-14,,,,,,,,46.46888732910156,52.94382858276367,33.12028503417969,79.5592041015625,69.87136840820312,499,8.7,21.6,1.6,1010.6,False,False
2012-10-15,444.0,783.0,885.0,1960.0,91.84,115.0,53.09,129.81033325195312,124.61779022216797,111.93920135498047,84.87491607666016,72.55033111572266,689,11.7,29.2,0.0,1012.1,True,True
2012-10-16,443.0,776.0,904.0,2103.0,92.07,115.0,52.89,79.95852661132812,30.36663246154785,107.64727783203125,80.84768676757812,72.7108383178711,870,11.0,24.1,0.0,1013.0,True,True
2012-10-17,443.0,768.0,904.0,2162.0,92.04,113.49,52.86,95.4528579711914,112.78108978271484,76.43233489990234,85.2651596069336,72.82540893554688,937,12.5,27.0,0.0,1012.5,True,True
2012-10-18,444.0,754.0,895.0,2135.0,92.0,112.58,53.46,109.91007995605469,121.74640655517578,101.54853057861328,88.22776794433594,73.72515106201172,1085,12.8,29.2,0.0,1012.2,True,True
2012-10-19,445.0,746.0,879.0,2217.0,90.0,111.89,54.08,103.82190704345703,135.84681701660156,70.14407348632812,91.45209503173828,75.41716003417969,1021,11.8,27.7,0.0,1012.5,True,True
2012-10-20,,,,,,,,71.02417755126953,101.96000671386719,51.971771240234375,90.92096710205078,76.04059600830078,1166,13.8,31.3,0.0,1013.1,False,False
2012-10-21,,,,,,,,82.65523529052734,38.03114700317383,116.31301879882812,96.09044647216797,76.53260040283203,521,13.5,29.5,0.0,1013.1,False,False
2012-10-22,445.0,740.0,861.0,2332.0,88.3,109.62,53.51,163.3594970703125,171.90426635742188,158.47830200195312,100.88318634033203,81.03898620605469,730,10.6,27.4,0.0,1012.9,True,True
2012-10-23,442.0,732.0,843.0,2587.0,86.65,107.53,53.72,106.50161743164062,95.1903076171875,116.04340362548828,104.67505645751953,82.86373901367188,902,12.0,25.2,0.0,1012.0,True,True
2012-10-24,440.0,721.0,825.0,2530.0,85.39,107.66,53.73,74.35617065429688,81.54003143310547,68.01244354248047,101.66123962402344,83.3320541381836,891,7.8,21.6,0.0,1011.0,True,True
2012-10-25,437.0,716.0,811.0,2432.0,85.59,107.64,53.55,89.9630355834961,89.68612670898438,74.80708312988281,98.81166076660156,83.833251953125,1031,7.7,15.8,0.0,1010.4,True,True
2012-10-26,434.0,712.0,804.0,2451.0,85.84,108.9,53.55,67.88048553466797,87.97300720214844,56.44474792480469,93.67717742919922,83.18698120117188,976,13.8,28.4,0.0,1010.7,True,True
2012-10-27,,,,,,,,50.012123107910156,76.2536849975586,19.570186614990234,90.67545318603516,81.29931640625,1126,12.8,31.3,0.0,1010.9,False,False
2012-10-28,,,,,,,,50.76731872558594,75.91658020019531,21.107309341430664,86.12003326416016,79.99225616455078,522,16.3,35.6,0.0,1011.3,False,False
2012-10-29,432.0,706.0,799.0,2460.0,85.52,109.33,54.1,117.22061920166016,129.84422302246094,108.30290222167969,79.52877044677734,81.83219146728516,763,16.4,35.6,0.0,1010.9,True,True
2012-10-30,430.0,699.0,792.0,2458.0,85.65,109.4,53.96,69.49442291259766,84.67618560791016,44.945281982421875,74.24202728271484,82.16510009765625,858,16.6,33.8,0.0,1010.5,True,True
2012-10-31,429.0,693.0,782.0,2419.0,86.23,109.89,53.8,75.20423889160156,128.52471923828125,23.822736740112305,74.36317443847656,82.935302734375,925,15.9,32.0,0.0,1010.9,True,True
2012-11-01,426.0,689.0,770.0,2355.0,87.05,108.84,53.76,53.590579986572266,66.78202819824219,38.991966247558594,69.1671142578125,82.01048278808594,989,14.7,30.6,1.0,1011.1,True,True
2012-11-02,422.0,678.0,766.0,2304.0,84.9,106.79,53.75,55.20946502685547,71.22761535644531,48.60889434814453,67.35696411132812,81.72254180908203,1020,8.7,21.2,10.3,1010.5,True,True
2012-11-03,,,,,,,,61.56099319458008,93.51847839355469,29.251367568969727,69.00680541992188,81.37416076660156,1130,10.7,31.7,16.8,1010.4,False,False
2012-11-04,,,,,,,,55.51789855957031,86.09534454345703,30.776578903198242,69.68546295166016,80.29228210449219,537,13.9,28.1,5.4,1009.6,False,False
2012-11-05,419.0,671.0,757.0,2261.0,85.64,105.59,54.6,61.5718879699707,73.6588363647461,54.612220764160156,61.73564147949219,80.70384216308594,807,15.6,36.0,7.7,1009.4,True,True
2012-11-06,416.0,669.0,747.0,2186.0,88.62,109.27,54.42,129.58700561523438,104.96533966064453,127.9598388671875,70.32029724121094,83.71149444580078,818,13.5,30.6,4.2,1009.9,True,True
2012-11-07,412.0,662.0,737.0,2098.0,84.5,108.21,54.37,43.58641815185547,43.45225524902344,48.32462692260742,65.803466796875,82.07769775390625,912,7.6,19.4,18.1,1010.2,True,True
2012-11-08,409.0,654.0,726.0,2119.0,85.07,107.23,54.3,59.48845672607422,43.69867706298828,67.6910171508789,66.6460189819336,80.45567321777344,1058,7.4,20.2,1.4,1009.3,True,True
2012-11-09,407.0,647.0,722.0,2203.0,86.08,108.61,54.61,72.01234436035156,58.73782730102539,81.6552505493164,69.04643249511719,80.70507049560547,1012,12.9,27.4,0.0,1011.1,True,True
2012-11-10,,,,,,,,54.08273696899414,48.52463912963867,58.46293640136719,67.97810363769531,79.53543090820312,1225,9.2,20.2,0.0,1012.8,False,False
2012-11-11,,,,,,,,51.65797424316406,51.498966217041016,42.95522689819336,67.42668914794922,78.54898071289062,513,8.3,15.1,0.0,1012.5,False,False
2012-11-12,405.0,644.0,720.0,2283.0,85.56,110.23,,108.3355484008789,91.3863754272461,110.87310791015625,74.10720825195312,79.66876220703125,795,8.9,22.0,0.0,1012.9,True,True
2012-11-13,405.0,649.0,732.0,2327.0,85.38,108.82,54.82,61.272926330566406,68.71986389160156,57.31915283203125,64.34806060791016,80.1622314453125,865,9.7,24.1,0.0,1013.2,True,True
2012-11-14,402.0,652.0,774.0,2375.0,86.32,109.66,54.87,56.916969299316406,90.7868423461914,25.241731643676758,66.25242614746094,77.73245239257812,873,13.5,28.8,0.0,1011.7,True,True
2012-11-15,403.0,653.0,846.0,2350.0,85.45,110.07,54.65,96.56777954101562,110.85698699951172,87.59906768798828,71.54946899414062,78.28609466552734,1132,21.3,41.8,0.0,1011.8,True,True
2012-11-16,405.0,655.0,886.0,2347.0,86.62,106.81,55.16,98.02496337890625,128.05113220214844,78.70011138916016,75.26555633544922,78.371826171875,980,22.5,45.4,0.0,1012.3,True,True
2012-11-17,,,,,,,,110.41893005371094,118.54666900634766,127.13095092773438,83.31358337402344,78.3887939453125,1170,24.0,45.7,2.1,1011.0,False,False
2012-11-18,,,,,,,,79.13984680175781,101.43802642822266,75.20829010009766,87.23956298828125,77.56605529785156,586,18.7,37.4,1.7,1010.4,False,False
2012-11-19,407.0,664.0,902.0,2369.0,89.05,110.06,55.05,116.35051727294922,102.3462142944336,125.20471954345703,88.38455963134766,79.07693481445312,968,18.7,37.1,0.6,1010.3,True,True
2012-11-20,409.0,674.0,933.0,2367.0,86.46,110.01,55.1,135.60218811035156,108.14783477783203,173.96865844726562,99.0030288696289,80.84183502197266,855,19.9,37.8,0.0,1011.9,True,True
2012-11-21,416.0,687.0,963.0,2335.0,87.08,110.81,55.14,116.17536163330078,125.2083969116211,114.87977600097656,107.46851348876953,79.26902770996094,1055,15.5,32.8,0.0,1012.4,True,True
2012-11-22,424.0,695.0,991.0,2318.0,,,,121.62774658203125,142.65103149414062,124.93429565429688,111.04850769042969,79.77323150634766,926,11.4,27.7,0.0,1012.1,True,False
2012-11-23,431.0,706.0,1013.0,2288.0,87.01,110.14,55.44,122.54585266113281,152.7108154296875,95.53192138671875,114.5514907836914,81.37955474853516,865,8.8,18.0,0.0,1012.1,True,True
2012-11-24,,,,,,,,62.56029510498047,68.60450744628906,52.02084732055664,107.71454620361328,80.46613311767578,1059,8.3,15.8,0.1,1011.8,False,False
2012-11-25,,,,,,,,50.73954772949219,43.357173919677734,48.21888732910156,103.65735626220703,79.89476776123047,457,8.1,20.5,0.0,1012.8,False,False
2012-11-26,434.0,716.0,1021.0,2277.0,87.28,110.18,55.63,110.5606689453125,118.69883728027344,91.93466186523438,102.83023834228516,81.91304779052734,779,9.0,16.6,0.0,1013.3,True,True
2012-11-27,438.0,724.0,1023.0,2275.0,86.81,109.33,55.35,67.26025390625,50.2899169921875,69.91126251220703,93.06710052490234,82.46281433105469,788,8.9,18.7,0.0,1012.3,True,True
2012-11-28,442.0,732.0,1009.0,2275.0,86.1,108.26,55.7,55.39410400390625,95.72090911865234,24.56636619567871,84.38406372070312,80.40193176269531,897,8.9,14.4,0.0,1012.2,True,True
2012-11-29,446.0,742.0,994.0,2241.0,87.64,110.47,54.71,56.9495849609375,75.69905853271484,36.83195114135742,75.14433288574219,79.98377227783203,1047,8.7,16.2,0.0,1011.0,True,True
2012-11-30,448.0,751.0,980.0,2199.0,88.54,110.84,54.26,68.23002624511719,88.42601013183594,51.06186294555664,67.38492584228516,79.75129699707031,971,9.2,21.2,0.0,1011.3,True,True
2012-12-01,,,,,,,,36.50212478637695,42.45472717285156,35.411434173583984,63.662330627441406,79.18167877197266,1089,16.5,34.9,0.0,1012.4,False,False
2012-12-02,,,,,,,,73.61261749267578,66.71456909179688,77.90515899658203,66.9299087524414,79.79512023925781,495,16.6,34.2,0.0,1013.8,False,False
2012-12-03,448.0,760.0,973.0,2166.0,88.69,111.27,54.66,67.43140411376953,84.02980041503906,63.08024215698242,60.76858901977539,79.99079895019531,786,14.7,33.5,0.0,1013.9,True,True
2012-12-04,447.0,766.0,962.0,2095.0,88.04,109.99,54.73,101.98326873779297,105.43488311767578,100.50640869140625,65.72901916503906,81.53964233398438,877,11.6,27.7,0.0,1013.2,True,True
2012-12-05,446.0,772.0,949.0,2000.0,87.36,108.96,54.46,84.93763732910156,103.08405303955078,79.84069061279297,69.94952392578125,82.3185043334961,897,9.1,20.2,0.0,1013.2,True,True
2012-12-06,446.0,771.0,940.0,1897.0,85.47,108.01,54.31,39.543968200683594,48.51968765258789,35.411434173583984,67.46300506591797,79.31707000732422,1089,9.8,16.9,0.0,1013.1,True,True
2012-12-07,447.0,768.0,936.0,1832.0,85.45,107.16,54.35,107.20284271240234,135.37228393554688,77.25685119628906,73.03054809570312,81.43761444091797,927,11.5,25.6,0.0,1012.2,True,True
2012-12-08,,,,,,,,61.2304573059082,61.04198455810547,61.09804916381836,76.56317138671875,81.49568176269531,1082,11.1,23.4,0.0,1011.9,False,False
2012-12-09,,,,,,,,21.23440933227539,42.33809280395508,11.771384239196777,69.08056640625,79.80308532714844,468,9.3,18.7,0.0,1011.3,False,False
2012-12-10,447.0,765.0,928.0,1762.0,85.14,108.25,54.42,59.91724395751953,51.199554443359375,64.0582275390625,68.00711822509766,79.99756622314453,774,11.9,25.2,0.0,1011.6,True,True
2012-12-11,447.0,760.0,914.0,1652.0,85.36,107.6,54.31,107.62855529785156,71.53150939941406,119.32868957519531,68.81359100341797,81.8632583618164,831,15.2,30.6,0.0,1011.6,True,True
2012-12-12,444.0,751.0,894.0,1446.0,86.35,110.17,54.23,108.60877227783203,123.74224090576172,103.2132568359375,72.19517517089844,81.87236022949219,854,12.0,29.9,2.2,1011.7,True,True
2012-12-13,443.0,751.0,871.0,1407.0,85.39,110.18,54.36,95.92377471923828,82.87804412841797,95.71634674072266,80.24943542480469,83.02738952636719,1036,10.5,26.6,0.9,1013.1,True,True
2012-12-14,443.0,748.0,839.0,1440.0,86.32,109.28,54.49,104.71763610839844,125.27436065673828,81.27092742919922,79.8944091796875,84.62074279785156,949,10.9,22.3,0.1,1015.8,True,True
2012-12-15,,,,,,,,57.11323547363281,53.94072723388672,59.989192962646484,79.30622863769531,83.30559539794922,1102,9.5,24.8,0.0,1015.9,False,False
2012-12-16,,,,,,,,57.554264068603516,51.00187301635742,53.17574691772461,84.49478149414062,81.95657348632812,518,12.1,30.2,0.0,1016.1,False,False
2012-12-17,444.0,746.0,815.0,1403.0,86.71,109.35,54.68,87.63406372070312,96.10075378417969,72.87046813964844,88.45433044433594,81.19707489013672,756,13.7,30.2,0.0,1014.9,True,True
2012-12-18,444.0,745.0,793.0,1315.0,87.46,109.96,54.91,80.30467224121094,136.0977325439453,33.38792419433594,84.55091857910156,81.23590087890625,825,11.0,28.8,0.0,1014.4,True,True
2012-12-19,444.0,742.0,765.0,1233.0,89.09,109.95,54.67,102.01748657226562,125.63368225097656,89.8207778930664,83.60930633544922,80.75813293457031,1104,9.5,23.4,0.0,1013.1,True,True
2012-12-20,445.0,738.0,734.0,1226.0,89.76,110.57,54.92,82.29981994628906,54.697662353515625,91.24650573730469,81.66302490234375,78.98139190673828,966,9.4,16.9,0.0,1012.4,True,True
2012-12-21,446.0,738.0,710.0,1228.0,88.2,109.13,55.06,77.03646087646484,55.85405731201172,87.35212707519531,77.70857238769531,77.6767578125,946,8.6,17.6,0.0,1013.4,True,True
2012-12-22,,,,,,,,60.71916198730469,53.806461334228516,61.709861755371094,78.22370147705078,75.64647674560547,982,10.2,27.0,0.0,1013.9,False,False
2012-12-23,,,,,,,,67.74166870117188,94.54641723632812,45.06345748901367,79.67904663085938,73.81966400146484,489,18.7,41.0,0.0,1014.8,False,False
2012-12-24,447.0,735.0,699.0,1235.0,88.29,108.44,54.95,89.38674926757812,146.77206420898438,34.97782516479492,79.92942810058594,74.71388244628906,630,13.9,30.2,0.0,1013.9,True,True
2012-12-25,,,,,,,,105.3998794555664,180.1293487548828,25.040943145751953,83.51445770263672,76.53589630126953,220,9.2,22.3,0.0,1012.9,False,False
2012-12-26,,,,,90.71,110.72,54.86,55.93453598022461,61.958187103271484,41.3433952331543,76.93118286132812,74.71501922607422,533,13.4,28.4,0.0,1013.1,False,True
2012-12-27,,,,,90.91,110.04,54.94,61.99993133544922,61.80908966064453,66.28485107421875,74.03119659423828,74.53968048095703,748,14.3,31.0,0.0,1013.0,False,True
2012-12-28,,,,,90.66,110.05,54.77,103.94142150878906,126.14788055419922,90.18838500976562,77.87476348876953,76.15792083740234,733,10.3,25.9,0.0,1011.9,False,True
2012-12-29,,,,,,,,46.18281936645508,75.33927154541016,13.964530944824219,75.79814147949219,75.79902648925781,789,9.3,21.6,0.0,1012.3,False,False
2012-12-30,,,,,,,,68.85244750976562,76.2672348022461,63.61440658569336,75.95682525634766,75.81977844238281,433,9.4,17.6,0.0,1012.3,False,False
2012-12-31,,,,,91.83,110.8,54.86,49.50288009643555,49.35050582885742,54.88425827026367,70.2591323852539,76.25313568115234,803,8.7,17.3,0.0,1011.7,False,True
2013-01-01,,,,,,,,116.83330535888672,137.02786254882812,102.86529541015625,71.8924789428711,77.6938247680664,482,9.9,24.1,0.0,1012.5,False,False
2013-01-02,446.0,732.0,685.0,1237.0,93.14,112.98,54.23,82.32990264892578,67.59239196777344,88.59515380859375,75.66324615478516,78.19044494628906,684,14.2,31.7,0.0,1012.6,True,True
2013-01-03,447.0,737.0,675.0,1254.0,92.97,113.03,54.46,78.42606353759766,119.1385269165039,43.47582244873047,78.00983428955078,77.40520477294922,887,11.1,31.0,0.4,1012.6,True,True
2013-01-04,446.0,739.0,670.0,1285.0,93.12,112.58,54.93,80.4021224975586,112.21649932861328,46.79981994628906,74.64707946777344,77.25402069091797,824,13.1,27.4,0.3,1012.8,True,True
2013-01-05,,,,,,,,55.04756164550781,83.93123626708984,26.925745010375977,75.91346740722656,77.77080535888672,1023,12.5,25.2,0.1,1011.9,False,False
2013-01-06,,,,,,,,21.65077018737793,28.778833389282227,12.002195358276367,69.17037200927734,74.9190673828125,459,12.9,29.2,0.0,1012.5,False,False
2013-01-07,443.0,739.0,670.0,1319.0,93.2,112.49,55.2,83.806640625,123.12435913085938,66.02006530761719,74.07090759277344,75.6716079711914,751,9.4,19.8,0.0,1012.9,True,True
2013-01-08,442.0,739.0,682.0,1386.0,93.21,113.03,55.02,84.62763977050781,96.41960144042969,67.01956176757812,69.47010040283203,77.78471374511719,822,14.2,29.5,0.0,1014.2,True,True
2013-01-09,443.0,740.0,717.0,1384.0,93.08,113.07,54.79,70.40132904052734,132.98138427734375,24.6488037109375,67.76602172851562,78.13418579101562,894,12.7,27.0,0.0,1015.0,True,True
2013-01-10,443.0,741.0,754.0,1367.0,93.81,112.97,54.49,54.5674934387207,57.59950256347656,48.04367446899414,64.35765075683594,76.36548614501953,1032,9.1,17.6,0.0,1013.8,True,True
2013-01-11,448.0,743.0,772.0,1367.0,93.6,110.3,54.81,94.95783996582031,101.94751739501953,91.10816955566406,66.43704223632812,75.91045379638672,907,7.3,21.2,0.0,1013.7,True,True
2013-01-12,,,,,,,,84.41516876220703,110.27249908447266,77.45529174804688,70.63240814208984,75.5268325805664,1138,8.4,23.4,0.0,1014.4,False,False
2013-01-13,,,,,,,,55.9083137512207,69.67028045654297,46.4895133972168,75.5263442993164,73.89985656738281,474,9.5,19.8,0.0,1013.3,False,False
2013-01-14,451.0,745.0,774.0,1370.0,94.27,111.32,54.5,77.53734588623047,128.8311309814453,42.983154296875,74.63072967529297,74.58065795898438,769,13.6,28.8,0.0,1012.9,True,True
2013-01-15,454.0,743.0,768.0,1365.0,93.26,111.72,54.58,124.8553237915039,194.48594665527344,84.35465240478516,80.37754821777344,76.82402801513672,849,13.5,28.8,0.0,1014.7,True,True
2013-01-16,457.0,740.0,754.0,1431.0,94.28,110.97,54.66,96.06802368164062,120.6021728515625,88.759521484375,84.0442123413086,77.10515594482422,931,12.1,27.0,0.0,1015.7,True,True
2013-01-17,464.0,738.0,743.0,1573.0,95.49,111.01,54.35,125.95314025878906,131.84371948242188,136.15419006347656,94.2421646118164,78.62677764892578,1052,9.8,23.8,0.0,1016.1,True,True
2013-01-18,470.0,735.0,740.0,1605.0,95.61,111.71,53.82,146.60467529296875,187.9115447998047,168.34690856933594,101.62028503417969,80.1130142211914,949,10.7,27.4,0.0,1016.1,True,True
2013-01-19,,,,,,,,106.30095672607422,137.47946166992188,119.44943237304688,104.746826171875,80.91305541992188,1153,9.4,24.5,0.0,1015.5,False,False
2013-01-20,,,,,,,,106.42787170410156,159.15042114257812,110.62264251708984,111.96390533447266,81.89276885986328,498,11.7,26.3,0.0,1015.1,False,False
2013-01-21,474.0,730.0,736.0,1604.0,,,,121.64796447753906,130.6022491455078,155.62168884277344,118.26541900634766,83.9237289428711,708,14.8,32.4,0.7,1016.9,True,False
2013-01-22,477.0,728.0,729.0,1577.0,96.09,112.72,53.72,151.14378356933594,175.7916259765625,181.53890991210938,122.02091979980469,86.70379638671875,789,16.0,36.7,0.0,1017.3,True,True
2013-01-23,478.0,721.0,727.0,1564.0,95.06,113.68,53.66,116.95853424072266,90.26982879638672,144.31341552734375,125.0052719116211,87.62285614013672,878,14.6,34.9,0.0,1016.9,True,True
2013-01-24,478.0,713.0,723.0,1541.0,95.35,114.59,53.67,98.55047607421875,95.07786560058594,105.7391128540039,121.09060668945312,87.39454650878906,1042,18.0,36.0,0.0,1016.5,True,True
2013-01-25,475.0,712.0,718.0,1520.0,95.15,113.88,53.78,124.61068725585938,124.22712707519531,120.88731384277344,117.9486083984375,89.68374633789062,957,16.9,35.6,0.0,1016.6,True,True
2013-01-26,,,,,,,,65.71369934082031,107.20050811767578,34.7728157043457,112.15042877197266,89.80754089355469,1109,13.5,29.5,0.0,1016.6,False,False
2013-01-27,,,,,,,,69.59175872802734,111.00408172607422,46.294185638427734,106.88813018798828,88.66255187988281,476,12.0,28.1,0.0,1016.5,False,False
2013-01-28,472.0,711.0,713.0,1507.0,95.95,113.92,53.97,121.24431610107422,138.13841247558594,108.01976013183594,106.8304672241211,91.16460418701172,765,11.5,27.7,0.0,1015.7,True,True
2013-01-29,467.0,710.0,703.0,1491.0,97.62,115.22,53.64,37.03491973876953,41.02324676513672,34.217437744140625,90.5291976928711,90.10401916503906,805,12.7,27.4,0.0,1014.7,True,True
2013-01-30,461.0,695.0,690.0,1477.0,97.98,115.42,53.21,90.16455841064453,70.34636688232422,97.79303741455078,86.70148468017578,91.45940399169922,845,11.8,27.4,0.0,1015.6,True,True
2013-01-31,455.0,688.0,677.0,1468.0,97.65,115.55,53.32,53.66896438598633,17.83458709716797,79.337646484375,80.28984069824219,89.35392761230469,1111,12.0,27.4,0.0,1016.3,True,True
2013-02-01,449.0,684.0,664.0,1454.0,97.46,115.55,53.16,134.15383911132812,137.17015075683594,131.57546997070312,81.65315246582031,91.08139038085938,963,10.2,22.3,0.0,1016.2,True,True
2013-02-02,,,,,,,,38.865867614746094,53.64863204956055,29.832172393798828,77.8177490234375,89.7627182006836,1108,10.6,23.0,0.0,1015.1,False,False
2013-02-03,,,,,,,,62.764442443847656,69.52360534667969,69.58746337890625,76.84241485595703,89.17479705810547,475,10.4,25.2,0.0,1014.4,False,False
2013-02-04,444.0,682.0,653.0,1461.0,96.21,116.06,53.24,82.70536804199219,86.79031372070312,86.87002563476562,71.33685302734375,90.09672546386719,761,13.2,29.9,0.0,1015.8,True,True
2013-02-05,438.0,681.0,651.0,1466.0,96.68,117.03,52.99,81.3898696899414,89.25328063964844,67.67822265625,77.67327117919922,92.08802795410156,814,13.6,29.9,0.0,1016.4,True,True
2013-02-06,431.0,677.0,657.0,1484.0,96.44,116.61,53.07,92.0157699584961,122.31005096435547,76.51399230957031,77.93772888183594,92.36166381835938,864,11.2,23.4,0.0,1014.9,True,True
2013-02-07,425.0,674.0,695.0,1481.0,95.84,117.17,53.22,75.93278503417969,126.16509246826172,36.83195114135742,81.11827850341797,92.07183837890625,1047,14.3,29.5,0.0,1012.3,True,True
2013-02-08,421.0,671.0,723.0,1461.0,95.71,118.9,53.58,91.72178649902344,126.60848236083984,58.66887664794922,75.05655670166016,92.78251647949219,939,15.1,34.2,0.0,1012.5,True,True
2013-02-09,,,,,,,,80.94056701660156,125.5199966430664,59.82632827758789,81.06723022460938,93.66162109375,1105,17.7,37.1,0.0,1013.7,False,False
2013-02-10,,,,,,,,105.04971313476562,139.63514709472656,69.88170623779297,87.10797882080078,93.99801635742188,473,17.2,39.2,0.0,1013.9,False,False
2013-02-11,418.0,669.0,737.0,1453.0,97.01,118.29,53.95,98.34883880615234,169.3523712158203,29.738231658935547,89.34275817871094,94.46247100830078,741,13.7,32.8,0.0,1013.5,True,True
2013-02-12,417.0,666.0,749.0,1448.0,97.48,117.89,53.75,91.13523864746094,102.705322265625,72.48694610595703,90.73495483398438,95.63670349121094,836,12.2,28.1,0.0,1013.4,True,True
2013-02-13,414.0,668.0,782.0,1448.0,97.03,118.43,53.79,176.86680603027344,80.81442260742188,232.8612823486328,102.85653686523438,98.94768524169922,899,12.5,29.9,0.0,1012.5,True,True
2013-02-14,412.0,664.0,808.0,1429.0,97.3,118.48,53.94,86.18997192382812,85.92466735839844,90.78156280517578,104.32184600830078,97.6588363647461,1153,15.8,32.4,0.0,1012.4,True,True
2013-02-15,412.0,667.0,832.0,1434.0,95.95,117.4,54.28,73.30233764648438,90.47592163085938,58.0506591796875,101.69049835205078,96.89998626708984,949,12.1,28.8,0.0,1012.2,True,True
2013-02-16,,,,,,,,66.25135040283203,38.52766418457031,87.2259521484375,99.59203338623047,94.90992736816406,1200,15.5,32.0,0.2,1011.2,False,False
2013-02-17,,,,,,,,78.87065887451172,65.52323913574219,87.44457244873047,95.8521728515625,92.6521224975586,504,14.8,36.7,1.7,1009.9,False,False
2013-02-18,411.0,672.0,845.0,1408.0,,,,63.09653091430664,73.38603210449219,69.95565032958984,90.81613159179688,91.21197509765625,630,14.5,28.1,3.7,1011.5,True,False
2013-02-19,411.0,679.0,859.0,1377.0,96.69,117.04,54.26,113.0272445678711,86.6764144897461,137.36370849609375,93.94355773925781,91.43195343017578,762,15.8,32.8,0.0,1013.1,True,True
2013-02-20,410.0,687.0,875.0,1355.0,94.92,116.23,54.18,86.96478271484375,110.34176635742188,65.73994445800781,81.10041046142578,90.27584838867188,838,12.4,24.5,0.0,1013.4,True,True
2013-02-21,411.0,695.0,892.0,1344.0,92.79,114.19,54.47,33.24657440185547,12.052450180053711,45.23820114135742,73.53707122802734,86.34593963623047,1096,12.5,29.9,0.0,1014.0,True,True
2013-02-22,412.0,705.0,909.0,1335.0,93.12,113.74,54.28,81.15421295166016,95.61431884765625,61.3475227355957,74.65876770019531,85.1524658203125,898,12.3,28.8,0.0,1015.1,True,True
2013-02-23,,,,,,,,37.708736419677734,52.05138397216797,38.59199523925781,70.58124542236328,83.12440490722656,1142,11.9,26.3,0.0,1014.2,False,False
2013-02-24,,,,,,,,39.51373291015625,39.39210510253906,32.85690689086914,64.95883178710938,80.287841796875,503,12.0,25.6,0.0,1013.8,False,False
2013-02-25,414.0,717.0,922.0,1323.0,92.74,114.55,53.96,49.62648391723633,57.71935272216797,41.26597595214844,63.03453826904297,79.75160217285156,801,14.5,31.0,0.0,1013.9,True,True
2013-02-26,419.0,724.0,939.0,1291.0,92.63,112.96,54.14,114.36246490478516,102.21625518798828,111.4918212890625,63.225284576416016,81.24395751953125,840,15.2,33.1,0.0,1014.0,True,True
2013-02-27,426.0,734.0,961.0,1264.0,92.84,112.24,53.72,119.15711212158203,95.03227233886719,151.9270782470703,67.82418823242188,81.17438507080078,834,14.7,32.0,0.0,1012.9,True,True
2013-02-28,436.0,745.0,990.0,1249.0,92.03,112.2,54.37,66.07115936279297,11.975960731506348,99.89134216308594,72.51341247558594,82.14225769042969,1103,12.8,28.8,0.0,1011.1,True,True
2013-03-01,447.0,764.0,1036.0,1243.0,90.71,110.14,54.9,56.746341705322266,42.42875289916992,70.779541015625,69.02657318115234,81.0283203125,934,15.9,32.4,0.0,1012.0,True,True
2013-03-02,,,,,,,,31.03768539428711,22.503381729125977,32.84757614135742,68.07357025146484,80.27394104003906,1174,15.5,32.0,0.0,1013.2,False,False
2013-03-03,,,,,,,,40.56205368041992,40.437198638916016,44.97148895263672,68.22332763671875,77.15421295166016,490,14.5,31.7,0.0,1013.3,False,False
2013-03-04,454.0,781.0,1058.0,1239.0,90.13,109.9,54.92,45.37763977050781,54.285552978515625,52.82609939575195,67.61634826660156,77.37127685546875,730,16.2,34.9,0.0,1014.0,True,True
2013-03-05,466.0,801.0,1080.0,1246.0,90.88,110.42,54.87,85.88137817382812,73.38603210449219,88.41617584228516,63.54762268066406,78.14183807373047,810,16.0,35.6,0.0,1014.5,True,True
2013-03-06,472.0,818.0,1090.0,1251.0,90.47,110.27,54.83,89.93396759033203,52.29999923706055,112.17436981201172,59.37289047241211,78.3827896118164,884,16.9,34.9,0.0,1014.2,True,True
2013-03-07,478.0,837.0,1112.0,1260.0,91.53,110.42,54.45,89.28753662109375,94.94688415527344,89.0944595336914,62.68951416015625,78.64604949951172,1113,17.7,37.4,0.0,1013.9,True,True
2013-03-08,483.0,852.0,1124.0,1262.0,92.01,108.91,54.32,92.39599609375,75.05389404296875,108.13135528564453,67.7823257446289,78.65872192382812,968,18.5,36.7,0.0,1013.2,True,True
2013-03-09,,,,,,,,56.396759033203125,35.509368896484375,74.0457992553711,71.40504455566406,78.00752258300781,1116,18.0,35.3,0.0,1010.9,False,False
2013-03-10,,,,,,,,57.11323547363281,75.91658020019531,52.76826858520508,73.76950073242188,76.8539047241211,522,21.3,42.1,0.0,1009.7,False,False
2013-03-11,485.0,864.0,1128.0,1260.0,92.07,108.64,54.38,70.56848907470703,99.31944274902344,62.13166427612305,77.36819458007812,76.50817108154297,798,19.9,39.2,0.0,1010.3,True,True
2013-03-12,486.0,876.0,1131.0,1314.0,92.44,108.48,54.19,92.6003646850586,109.09994506835938,91.00012969970703,78.32804870605469,76.09319305419922,787,23.2,43.9,0.0,1009.3,True,True
2013-03-13,490.0,889.0,1138.0,1314.0,92.47,107.51,54.3,104.33283996582031,66.86466217041016,136.3308868408203,80.3850326538086,76.29265594482422,889,17.8,34.6,0.0,1010.0,True,True
2013-03-14,494.0,903.0,1147.0,1302.0,93.03,108.1,54.22,49.96774673461914,29.302318572998047,63.546669006347656,74.7679214477539,74.92041015625,1127,19.5,39.6,0.0,1011.2,True,True
2013-03-15,506.0,913.0,1162.0,1299.0,93.49,109.32,54.06,86.62572479248047,62.17853927612305,121.01376342773438,73.94359588623047,71.91236877441406,956,12.0,32.0,0.2,1012.3,True,True
2013-03-16,,,,,,,,87.4698486328125,50.63261032104492,112.6202621459961,78.38260650634766,71.95503234863281,1174,15.3,36.0,0.0,1013.4,False,False
2013-03-17,,,,,,,,55.20946502685547,55.03952407836914,68.86259460449219,78.11064147949219,71.35193634033203,480,12.6,33.8,4.0,1012.5,False,False
2013-03-18,513.0,925.0,1172.0,1295.0,93.71,108.54,54.1,107.28964233398438,115.8726806640625,96.64925384521484,83.35652160644531,72.71987915039062,741,19.9,39.6,0.0,1010.0,True,True
2013-03-19,522.0,937.0,1184.0,1290.0,92.44,106.91,54.4,82.03292083740234,70.09750366210938,84.4541244506836,81.84688568115234,72.82528686523438,848,20.5,41.0,0.0,1009.3,True,True
2013-03-20,532.0,950.0,1190.0,1294.0,93.21,108.27,54.32,72.51012420654297,83.70065307617188,50.77426528930664,77.30078125,73.13907623291016,868,20.2,39.2,0.0,1009.6,True,True
2013-03-21,539.0,959.0,1202.0,1290.0,92.46,106.41,54.27,85.62372589111328,53.350101470947266,102.34828186035156,82.39449310302734,72.22562408447266,1238,19.5,39.2,0.0,1008.0,True,True
2013-03-22,542.0,968.0,1208.0,1284.0,93.41,106.51,54.3,109.61961364746094,129.77261352539062,113.94017791748047,85.67933654785156,72.98078918457031,967,21.7,42.5,0.0,1006.2,True,True
2013-03-23,,,,,,,,56.05021286010742,39.1143798828125,69.91126251220703,81.19081115722656,73.74090576171875,1182,21.0,44.6,0.0,1008.6,False,False
2013-03-24,,,,,,,,59.98613357543945,26.578439712524414,77.5916519165039,81.87319946289062,73.0353012084961,497,20.1,41.8,0.0,1009.5,False,False
2013-03-25,543.0,978.0,1210.0,1284.0,94.55,106.66,54.22,102.8192367553711,89.13282775878906,111.51837158203125,81.23456573486328,75.20565795898438,741,21.3,41.0,0.0,1007.0,True,True
2013-03-26,545.0,981.0,1204.0,1275.0,95.99,107.1,54.42,87.94427490234375,116.89810180664062,48.752281188964844,82.07904815673828,76.82000732421875,791,19.2,39.2,0.0,1005.7,True,True
2013-03-27,547.0,977.0,1191.0,1258.0,96.53,108.51,54.45,100.5026626586914,160.3092803955078,60.171199798583984,86.0779800415039,78.51587677001953,824,15.3,35.6,0.0,1006.9,True,True
2013-03-28,547.0,965.0,1176.0,1249.0,97.24,108.46,54.44,57.269142150878906,48.07819747924805,60.152950286865234,82.02732849121094,76.6127700805664,1099,17.7,38.9,0.0,1007.8,True,True
2013-03-29,,,,,,,54.52,125.15999603271484,124.77474212646484,124.88934326171875,84.24738311767578,76.8128662109375,794,13.0,33.5,0.0,1008.4,False,True
2013-03-30,,,,,,,,59.20585632324219,53.121253967285156,68.92413330078125,84.69818878173828,76.58402252197266,1119,22.0,45.0,0.0,1006.4,False,False
2013-03-31,,,,,,,,21.00994300842285,27.92702865600586,11.646950721740723,79.13015747070312,75.39280700683594,473,20.2,42.1,0.0,1006.6,False,False
2013-04-01,,,,,97.1,108.76,54.28,99.55804443359375,36.091487884521484,142.9933624267578,78.66427612304688,77.67681884765625,732,19.5,42.5,0.0,1008.3,False,True
2013-04-02,543.0,944.0,1155.0,1229.0,97.23,109.66,54.43,72.47573852539062,25.50093650817871,99.26139831542969,76.45448303222656,78.74060821533203,777,19.8,41.8,0.0,1008.8,True,True
2013-04-03,537.0,933.0,1129.0,1209.0,95.02,107.82,54.46,77.13086700439453,56.65833282470703,81.01481628417969,73.11565399169922,79.7990493774414,816,18.8,41.8,0.0,1008.0,True,True
2013-04-04,529.0,924.0,1106.0,1209.0,93.26,105.09,54.91,123.71868896484375,80.16960906982422,149.17013549804688,82.60844421386719,81.06029510498047,1071,19.0,40.7,0.0,1004.7,True,True
2013-04-05,525.0,915.0,1094.0,1215.0,92.76,103.98,54.75,99.51920318603516,49.6064338684082,130.04095458984375,78.94548034667969,81.37979888916016,932,18.4,38.5,0.0,1004.4,True,True
2013-04-06,,,,,,,,75.28562927246094,43.78144073486328,104.33726501464844,81.24258422851562,80.91307067871094,1056,19.3,38.5,0.0,1005.3,False,False
2013-04-07,,,,,,,,90.27962493896484,96.9249496459961,80.84497833251953,91.13825988769531,80.84252166748047,477,21.6,45.4,0.0,1005.0,False,False
2013-04-08,523.0,912.0,1084.0,1223.0,93.36,103.16,54.58,121.8519515991211,80.98458099365234,172.62557983398438,94.3230972290039,83.02436828613281,734,21.4,43.6,0.0,1005.8,True,True
2013-04-09,518.0,907.0,1077.0,1236.0,94.18,104.08,54.47,82.03292083740234,70.09750366210938,97.44706726074219,95.68841552734375,83.85501861572266,848,22.5,45.4,0.0,1006.6,True,True
2013-04-10,518.0,902.0,1080.0,1250.0,94.59,104.8,54.41,92.12703704833984,63.8911018371582,106.58297729492188,97.83071899414062,84.57363891601562,827,21.9,44.6,0.0,1006.1,True,True
2013-04-11,521.0,900.0,1095.0,1257.0,93.44,103.62,54.36,54.70295333862305,42.415775299072266,60.64962387084961,87.97132873535156,83.31039428710938,1090,22.8,47.9,0.0,1005.9,True,True
2013-04-12,526.0,901.0,1112.0,1265.0,91.23,100.58,54.62,97.20853424072266,44.727378845214844,149.2281951904297,87.6412353515625,83.07291412353516,886,23.7,48.2,0.0,1007.5,True,True
2013-04-13,,,,,,,,78.52442932128906,52.1884880065918,101.57081604003906,88.10391998291016,84.0248031616211,1139,22.3,46.1,0.0,1008.4,False,False
2013-04-14,,,,,,,,37.35978698730469,0.0,62.13166427612305,80.5439453125,82.38260650634766,532,18.5,41.4,0.0,1008.6,False,False
2013-04-15,528.0,902.0,1125.0,1257.0,88.75,99.32,54.48,105.3128433227539,76.35540771484375,111.45391082763672,78.18121337890625,82.97737121582031,692,22.2,41.4,0.0,1006.1,True,True
2013-04-16,531.0,902.0,1143.0,1251.0,88.73,97.88,54.08,108.67475128173828,144.45367431640625,113.79481506347656,81.98719024658203,84.75955200195312,823,24.0,50.0,0.0,1003.2,True,True
2013-04-17,537.0,900.0,1167.0,1245.0,86.65,96.84,54.16,153.71543884277344,245.18765258789062,70.3005599975586,90.78553771972656,86.30707550048828,862,24.4,49.3,0.0,1002.1,True,True
2013-04-18,538.0,899.0,1180.0,1238.0,87.83,97.48,53.95,82.49689483642578,88.56934356689453,84.42923736572266,94.75609588623047,86.32254028320312,1044,26.0,48.2,1.7,1004.2,True,True
2013-04-19,539.0,898.0,1196.0,1234.0,88.04,98.94,53.98,91.2050552368164,50.91762161254883,115.2765884399414,93.8984603881836,86.94570922851562,908,26.0,55.8,10.8,1005.3,True,True
2013-04-20,,,,,,,,94.73210144042969,91.39403533935547,91.47798919677734,96.21383666992188,87.24932098388672,1084,23.7,47.2,2.3,1007.7,False,False
2013-04-21,,,,,,,,65.20802307128906,65.00730895996094,86.75602722167969,100.1921615600586,85.76893615722656,508,13.7,38.5,9.0,1008.8,False,False
2013-04-22,540.0,902.0,1202.0,1230.0,88.81,99.07,54.19,165.16957092285156,137.2176513671875,160.2342987060547,108.74311828613281,89.40624237060547,722,16.4,36.4,4.5,1009.6,True,True
2013-04-23,540.0,902.0,1193.0,1220.0,89.21,99.25,54.39,153.32225036621094,152.85031127929688,134.20237731933594,115.12133026123047,92.51744842529297,821,15.2,32.8,1.1,1010.1,True,True
2013-04-24,543.0,903.0,1165.0,1214.0,91.07,100.71,54.22,104.45033264160156,111.56658935546875,93.05755615234375,108.08345794677734,92.57181549072266,888,14.4,33.5,0.9,1010.2,True,True
2013-04-25,544.0,905.0,1121.0,1220.0,93.27,101.62,54.11,76.640380859375,124.51100158691406,61.36854934692383,107.24681854248047,92.19502258300781,1167,15.1,32.0,0.2,1009.5,True,True
2013-04-26,545.0,904.0,1082.0,1246.0,92.63,102.39,54.41,98.46273040771484,91.14825439453125,99.4194564819336,108.28363037109375,92.12702178955078,942,17.4,36.4,0.0,1008.9,True,True
2013-04-27,,,,,,,,69.98382568359375,75.58243560791016,67.8927001953125,104.74816131591797,92.55084991455078,1136,21.6,41.0,0.0,1006.7,False,False
2013-04-28,,,,,,,,80.14276123046875,106.52810668945312,44.4274787902832,106.8816909790039,91.0502700805664,496,21.9,42.1,0.0,1004.8,False,False
2013-04-29,545.0,900.0,1058.0,1260.0,94.09,102.88,54.2,89.40803527832031,98.04611206054688,66.91102600097656,96.0586166381836,92.05701446533203,741,23.2,44.6,0.0,1005.1,True,True
2013-04-30,544.0,895.0,1028.0,1273.0,93.22,101.53,53.68,74.62605285644531,90.92887115478516,55.159027099609375,84.81629943847656,93.8442153930664,799,22.3,45.4,0.0,1005.4,True,True
2013-05-01,545.0,888.0,1018.0,1279.0,90.74,98.34,53.65,68.93204498291016,76.35540771484375,63.68794631958008,79.74226379394531,92.82334899902344,865,26.1,50.0,0.0,1003.2,True,True
2013-05-02,546.0,884.0,1010.0,1322.0,93.7,100.32,53.79,70.48016357421875,76.6507797241211,74.59004211425781,78.86222839355469,92.75682830810547,1034,29.0,51.8,0.0,1001.1,True,True
2013-05-03,546.0,880.0,1006.0,1344.0,95.25,104.6,53.8,82.29981994628906,136.74415588378906,28.5145320892334,76.5532455444336,92.92913055419922,966,29.0,58.0,0.0,1001.4,True,True
2013-05-04,,,,,,,,56.625091552734375,81.54003143310547,36.6220817565918,74.64485168457031,90.69267272949219,1053,31.3,59.0,0.0,1002.6,False,False
2013-05-05,,,,,,,,61.98151779174805,68.65636444091797,57.26618957519531,72.0503921508789,89.44142150878906,481,28.7,57.2,0.0,1005.0,False,False
2013-05-06,,,,,95.8,105.0,54.13,88.39717102050781,139.14486694335938,61.898963928222656,71.9059829711914,89.87847137451172,712,30.8,59.8,0.0,1004.5,False,True
2013-05-07,546.0,876.0,999.0,1393.0,95.28,105.18,54.06,83.02174377441406,99.31944274902344,82.84222412109375,73.10536193847656,89.63654327392578,798,28.9,57.6,0.0,1003.8,True,True
2013-05-08,548.0,874.0,995.0,1408.0,96.24,103.79,54.08,84.93763732910156,46.18701171875,102.7320785522461,75.39187622070312,88.40606689453125,858,28.7,57.6,0.0,1002.7,True,True
2013-05-09,551.0,872.0,995.0,1398.0,96.09,103.59,54.34,65.07382202148438,80.3196029663086,51.534217834472656,74.61954498291016,87.84075927734375,1069,26.9,54.4,0.0,1002.6,True,True
2013-05-10,551.0,869.0,994.0,1382.0,95.81,101.31,54.94,61.07770919799805,71.63495635986328,41.825439453125,71.58781433105469,86.8057861328125,922,27.2,54.4,0.0,1002.4,True,True
2013-05-11,,,,,,,,71.02417755126953,73.63778686523438,61.42118453979492,73.64482879638672,87.34982299804688,1166,25.1,49.7,0.0,1001.3,False,False
2013-05-12,,,,,,,,48.81678771972656,69.52360534667969,23.195819854736328,71.76415252685547,85.73676300048828,475,24.1,51.1,0.0,1003.6,False,False
2013-05-13,553.0,866.0,993.0,1370.0,94.76,102.17,54.85,78.7603530883789,110.84883117675781,53.93434143066406,70.38745880126953,85.74462890625,715,18.7,39.6,0.0,1004.0,True,True
2013-05-14,555.0,861.0,988.0,1360.0,93.96,102.7,54.5,86.73805236816406,74.11805725097656,89.29812622070312,70.91836547851562,87.39057159423828,802,17.7,36.7,0.0,1002.4,True,True
2013-05-15,555.0,857.0,974.0,1338.0,93.95,101.57,54.78,44.513790130615234,59.169029235839844,30.845508575439453,65.14352416992188,85.36393737792969,893,15.6,37.1,4.5,1000.2,True,True
2013-05-16,554.0,854.0,951.0,1334.0,94.85,104.27,54.68,89.78886413574219,121.48123168945312,74.6622543334961,68.67424774169922,84.73440551757812,1033,19.9,40.0,0.3,1000.7,True,True
2013-05-17,553.0,853.0,930.0,1326.0,95.72,103.83,55.17,105.79786682128906,138.20497131347656,97.07501983642578,75.0628433227539,83.13715362548828,908,27.4,55.1,0.0,1003.0,True,True
2013-05-18,,,,,,,,45.92814636230469,57.23347091674805,47.73836898803711,71.47769165039062,81.91819763183594,1154,27.7,55.4,0.2,1002.9,False,False
2013-05-19,,,,,,,,103.51773834228516,90.2992172241211,118.35758209228516,79.2921142578125,82.32862091064453,512,30.5,59.8,0.0,1001.8,False,False
2013-05-20,555.0,851.0,917.0,1317.0,96.29,104.55,55.02,123.02521514892578,154.4437713623047,106.08818054199219,85.61566925048828,83.27172088623047,727,27.3,57.6,0.0,1001.2,True,True
2013-05-21,554.0,852.0,899.0,1321.0,95.55,103.1,55.42,95.35551452636719,90.92887115478516,117.21292114257812,86.84673309326172,84.27664184570312,799,30.1,58.7,0.0,1001.2,True,True
2013-05-22,552.0,851.0,880.0,1333.0,93.98,102.14,55.62,76.76866149902344,76.53236389160156,70.21910095214844,91.45457458496094,81.32994079589844,863,23.7,48.6,0.0,999.9,True,True
2013-05-23,551.0,853.0,863.0,1339.0,94.12,100.46,55.7,100.92051696777344,136.11924743652344,74.0457992553711,93.04480743408203,79.58321380615234,1116,23.6,47.2,0.0,999.4,True,True
2013-05-24,546.0,855.0,854.0,1350.0,93.84,101.24,55.78,104.98847961425781,158.80255126953125,54.18696212768555,92.92918395996094,79.60115814208984,915,24.4,53.3,0.0,998.4,True,True
2013-05-25,,,,,,,,99.09390258789062,129.83682250976562,84.75396728515625,100.5242919921875,80.349609375,1170,17.3,42.1,0.0,998.2,False,False
2013-05-26,,,,,,,,32.66831970214844,52.10842514038086,32.597679138183594,90.40294647216797,78.15645599365234,507,16.7,36.7,0.3,999.5,False,False
2013-05-27,,,,,,,,126.3936767578125,126.00462341308594,140.1337432861328,90.8841552734375,80.03678894042969,629,11.5,30.2,10.1,1001.0,False,False
2013-05-28,545.0,857.0,838.0,1346.0,94.65,103.77,56.07,157.53294372558594,139.5982666015625,189.21295166015625,99.76663970947266,82.61646270751953,757,10.9,33.8,5.0,1000.0,True,True
2013-05-29,543.0,858.0,821.0,1348.0,93.13,102.14,56.28,108.14913177490234,95.8366470336914,139.89015197753906,104.24956512451172,83.24116516113281,827,19.1,27.7,58.9,999.1,True,True
2013-05-30,537.0,859.0,806.0,1339.0,93.57,101.79,56.5,95.18872833251953,94.8957290649414,89.70606231689453,103.43074035644531,83.92658996582031,1044,25.3,61.2,21.0,997.4,True,True
2013-05-31,533.0,865.0,795.0,1336.0,91.93,100.43,56.5,67.14663696289062,59.5021858215332,80.64988708496094,98.02476501464844,83.86707305908203,888,28.3,53.6,0.0,1001.1,True,True
2013-06-01,,,,,,,,64.05517578125,42.57200622558594,81.16401672363281,93.01923370361328,83.65290832519531,1086,21.3,42.5,1.8,1003.3,False,False
2013-06-02,,,,,,,,51.15934371948242,51.00187301635742,42.54059982299805,95.66080474853516,82.6148910522461,518,15.1,33.1,0.1,1003.1,False,False
2013-06-03,529.0,871.0,786.0,1333.0,93.41,101.63,56.66,62.92530059814453,53.76995086669922,59.79927062988281,86.5938949584961,82.82489776611328,737,14.0,31.3,0.8,1002.3,True,True
2013-06-04,526.0,873.0,776.0,1338.0,93.36,102.04,56.43,110.1469497680664,73.20527648925781,128.9053497314453,79.824462890625,84.43041229248047,812,12.3,29.2,2.2,1002.7,True,True
2013-06-05,521.0,877.0,768.0,1335.0,93.66,103.51,56.84,58.66412353515625,38.989036560058594,65.04141235351562,72.75518035888672,83.4393081665039,847,13.7,30.6,0.0,1002.6,True,True
2013-06-06,521.0,880.0,764.0,1344.0,94.71,103.37,56.92,80.57597351074219,101.15371704101562,69.48297882080078,70.66764068603516,83.3577880859375,1110,16.2,37.8,0.8,1001.6,True,True
2013-06-07,524.0,885.0,764.0,1352.0,96.11,104.07,56.57,156.52792358398438,188.70693969726562,145.29251098632812,83.4364013671875,85.74412536621094,910,18.4,37.4,0.8,1001.2,True,True
2013-06-08,,,,,,,,78.29705047607422,90.0646743774414,70.11463928222656,85.47095489501953,86.18489837646484,1100,18.1,39.6,2.6,1000.0,False,False
2013-06-09,,,,,,,,87.5271987915039,93.96991729736328,67.18301391601562,90.6663589477539,87.0665512084961,492,16.3,32.8,17.5,999.0,False,False
2013-06-10,525.0,889.0,766.0,1359.0,95.82,103.87,58.13,97.70214080810547,120.59220886230469,77.37370300292969,95.63448333740234,87.95581817626953,712,13.4,29.5,26.0,998.6,True,True
2013-06-11,525.0,890.0,777.0,1379.0,95.5,101.5,58.34,126.30946350097656,146.23046875,94.8660659790039,97.94341278076172,90.53890991210938,813,9.3,23.0,52.1,998.8,True,True
2013-06-12,525.0,892.0,808.0,1427.0,95.98,103.11,57.82,80.8882827758789,76.79933166503906,70.46405029296875,101.11829376220703,90.6098403930664,860,22.4,30.6,21.0,995.3,True,True
2013-06-13,528.0,895.0,833.0,1484.0,96.66,103.38,58.07,82.10367584228516,132.2207794189453,68.27178192138672,101.33653259277344,90.45536041259766,1049,20.0,43.9,22.6,994.1,True,True
2013-06-14,533.0,895.0,859.0,1537.0,97.83,105.1,57.56,79.86274719238281,62.308895111083984,86.61962127685547,90.38436889648438,91.63365936279297,954,26.7,55.1,4.0,995.1,True,True
2013-06-15,,,,,,,,98.6066665649414,98.30314636230469,107.61782836914062,93.28573608398438,91.92758178710938,1075,22.1,43.9,1.7,998.3,False,False
2013-06-16,,,,,,,,90.09075164794922,69.08726501464844,115.25120544433594,93.65196228027344,91.40401458740234,478,18.5,37.4,1.7,1000.6,False,False
2013-06-17,539.0,900.0,878.0,1588.0,97.86,105.8,57.97,149.29881286621094,102.32699584960938,178.46080017089844,101.02291107177734,94.84970092773438,710,14.5,34.2,0.6,1000.6,True,True
2013-06-18,544.0,900.0,892.0,1674.0,98.46,105.21,58.79,124.2212905883789,99.07113647460938,130.83892822265625,100.72460174560547,95.5398178100586,800,13.5,28.8,0.5,998.6,True,True
2013-06-19,547.0,903.0,909.0,1757.0,98.24,105.56,58.7,116.4417724609375,136.0977325439453,113.51895141601562,105.80367279052734,95.32037353515625,825,15.3,26.6,17.8,998.7,True,True
2013-06-20,548.0,909.0,920.0,1792.0,94.89,102.72,59.57,91.31602478027344,94.17408752441406,89.02388763427734,107.11972045898438,95.18572235107422,1052,13.7,31.7,5.2,999.3,True,True
2013-06-21,552.0,916.0,927.0,1822.0,93.81,100.36,59.43,73.69450378417969,95.5079574584961,61.2792854309082,106.2385482788086,95.083251953125,899,16.0,29.9,10.1,998.7,True,True
2013-06-22,,,,,,,,42.50514602661133,33.89944839477539,47.12581253051758,98.22404479980469,93.13607025146484,1169,17.5,31.3,24.3,997.4,False,False
2013-06-23,,,,,,,,41.06488800048828,40.9384880065918,34.1467399597168,91.22035217285156,91.00528717041016,484,13.4,31.3,15.5,995.1,False,False
2013-06-24,552.0,923.0,937.0,1912.0,95.07,99.8,59.8,89.89329528808594,125.46322631835938,52.32435989379883,82.73384857177734,90.69860076904297,737,22.0,45.4,6.3,992.8,True,True
2013-06-25,552.0,930.0,959.0,1959.0,95.25,101.51,59.66,85.92912292480469,94.23108673095703,71.4527587890625,77.26353454589844,92.47396087646484,771,29.8,56.5,3.1,996.8,True,True
2013-06-26,554.0,937.0,976.0,2061.0,95.47,100.62,60.7,96.83511352539062,104.58179473876953,80.52143096923828,74.46258544921875,91.4886703491211,821,26.0,51.8,0.9,1000.0,True,True
2013-06-27,558.0,944.0,994.0,2120.0,97.0,102.74,60.19,39.08634567260742,32.4716911315918,43.33536148071289,67.00120544433594,87.54045104980469,1017,26.1,48.6,2.3,999.9,True,True
2013-06-28,564.0,950.0,1007.0,2165.0,96.36,102.49,59.52,39.43532943725586,42.887939453125,41.73490905761719,62.107032775878906,85.24999237060547,924,24.5,50.8,9.6,999.8,True,True
2013-06-29,,,,,,,,15.581221580505371,12.42660903930664,15.547528266906738,58.26076126098633,82.5964126586914,1063,23.4,42.5,15.2,1000.1,False,False
2013-06-30,,,,,,,,66.65126037597656,106.31375885009766,33.25356674194336,61.91595458984375,82.57989501953125,497,20.4,45.7,4.1,1000.0,False,False
2013-07-01,566.0,954.0,1014.0,2176.0,97.94,103.19,59.38,71.90812683105469,114.6988525390625,39.862571716308594,59.34664535522461,82.84165954589844,691,18.1,41.0,4.5,998.2,True,True
2013-07-02,569.0,954.0,1016.0,2134.0,99.65,103.96,59.54,107.83097839355469,77.39933013916016,129.11737060546875,62.47548294067383,84.730712890625,768,17.3,37.8,17.1,998.1,True,True
2013-07-03,569.0,952.0,1017.0,2020.0,101.92,106.12,60.21,84.93763732910156,48.38639450073242,114.3505859375,60.77584457397461,85.46446228027344,819,22.7,40.3,1.2,999.4,True,True
2013-07-04,568.0,943.0,1012.0,1936.0,,,,77.55175018310547,58.905174255371094,79.84069061279297,66.2708969116211,84.3779525756836,897,18.2,34.6,12.3,999.9,True,False
2013-07-05,568.0,932.0,1008.0,1929.0,103.09,107.46,60.23,67.95011138916016,33.87047576904297,91.8167953491211,70.34444427490234,84.68748474121094,780,15.5,33.5,6.9,1000.2,True,True
2013-07-06,,,,,,,,43.504642486572266,37.17491149902344,41.3433952331543,74.33350372314453,83.45177459716797,1066,13.2,31.3,2.2,1002.2,False,False
2013-07-07,,,,,,,,68.53588104248047,30.36663246154785,88.65069580078125,74.60272979736328,80.51870727539062,435,16.1,36.7,0.2,1002.7,False,False
2013-07-08,568.0,924.0,1002.0,1977.0,103.03,107.75,60.75,87.94427490234375,87.67357635498047,81.25379943847656,76.89360809326172,80.84027862548828,678,12.0,27.0,0.4,1001.0,True,True
2013-07-09,566.0,920.0,1006.0,2012.0,103.46,107.9,60.09,98.94683074951172,111.50863647460938,78.70011138916016,75.62445068359375,81.22093963623047,770,10.5,25.9,3.8,998.8,True,True
2013-07-10,564.0,911.0,1024.0,2037.0,106.41,108.43,59.88,87.17283630371094,104.28540802001953,65.23825073242188,75.94376373291016,80.86995697021484,760,15.2,31.7,3.1,997.0,True,True
2013-07-11,561.0,904.0,1062.0,2047.0,104.77,108.18,59.82,77.26105499267578,70.6046371459961,80.30623626708984,75.90223693847656,79.23501586914062,1029,17.1,34.9,7.5,995.6,True,True
2013-07-12,561.0,901.0,1097.0,2058.0,105.85,109.03,59.88,75.10594940185547,102.460205078125,39.4439697265625,76.92449951171875,79.04226684570312,838,28.0,52.9,2.9,998.6,True,True
2013-07-13,,,,,,,,54.833152770996094,57.87992858886719,59.005924224853516,78.54285430908203,78.13324737548828,1027,25.0,46.8,3.0,1000.3,False,False
2013-07-14,,,,,,,,93.21077728271484,71.47990417480469,119.24259185791016,82.06784057617188,78.57818603515625,462,12.0,24.1,24.5,999.2,False,False
2013-07-15,560.0,897.0,1118.0,2052.0,106.2,109.05,59.89,125.8574447631836,110.41363525390625,117.21292114257812,87.4840087890625,79.48654174804688,658,11.2,26.3,4.0,998.4,True,True
2013-07-16,559.0,894.0,1136.0,2044.0,105.88,109.29,59.29,100.76251220703125,75.33927154541016,111.71624755859375,87.74339294433594,79.84226989746094,789,16.6,34.2,10.8,997.9,True,True
2013-07-17,556.0,895.0,1153.0,2034.0,106.39,109.67,59.34,117.40746307373047,108.68563842773438,118.54826354980469,92.0626220703125,78.77922821044922,790,18.4,40.0,0.6,998.1,True,True
2013-07-18,550.0,894.0,1165.0,2006.0,107.94,109.71,59.59,55.372318267822266,25.97735595703125,81.25379943847656,88.93566131591797,76.48426055908203,1017,14.5,28.8,2.2,996.3,True,True
2013-07-19,544.0,897.0,1172.0,1987.0,108.0,109.34,59.37,83.66990661621094,98.5782470703125,75.8990707397461,90.1590805053711,75.39186096191406,871,14.3,31.3,4.7,995.7,True,True
2013-07-20,,,,,,,,49.81304931640625,55.8671875,56.95402526855469,89.44192504882812,74.00843048095703,1064,11.6,26.6,3.3,996.9,False,False
2013-07-21,,,,,,,,43.77842712402344,0.0,72.80626678466797,82.38015747070312,73.01123046875,454,8.2,24.1,20.4,995.3,False,False
2013-07-22,541.0,898.0,1170.0,1978.0,106.61,108.82,59.71,78.05756378173828,77.81729125976562,64.90730285644531,75.55160522460938,74.1963119506836,679,16.6,38.2,5.2,993.3,True,True
2013-07-23,539.0,902.0,1159.0,1956.0,107.13,109.27,59.64,74.88516998291016,105.39482879638672,58.60646057128906,71.85484313964844,75.32365417480469,752,16.8,36.0,1.5,995.0,True,True
2013-07-24,539.0,907.0,1145.0,1936.0,105.41,108.23,59.14,49.37989044189453,65.63719177246094,41.0609245300293,62.136619567871094,73.97320556640625,805,16.3,35.6,13.6,996.6,True,True
2013-07-25,535.0,914.0,1123.0,1890.0,105.47,108.1,59.01,54.64029312133789,68.09012603759766,39.7557258605957,62.03204345703125,72.93024444580078,970,18.7,30.6,10.9,996.0,True,True
2013-07-26,534.0,917.0,1104.0,1873.0,104.76,107.57,59.08,87.67440795898438,68.40354919433594,95.09219360351562,62.6041145324707,72.62488555908203,869,27.1,51.5,11.6,996.0,True,True
2013-07-27,,,,,,,,34.90253448486328,44.284671783447266,26.38413429260254,60.47404098510742,72.48542785644531,1044,25.5,51.5,29.9,999.9,False,False
2013-07-28,,,,,,,,88.13927459716797,146.4466094970703,61.075469970703125,66.8113021850586,74.10889434814453,451,20.0,40.3,3.8,1001.7,False,False
2013-07-29,534.0,917.0,1090.0,1864.0,104.61,108.1,59.33,101.85054779052734,135.38272094726562,56.461280822753906,70.2103042602539,76.98453521728516,683,18.2,40.3,25.1,998.9,True,True
2013-07-30,532.0,919.0,1075.0,1856.0,103.14,107.47,60.8,96.21566009521484,82.21671295166016,106.67511749267578,73.25751495361328,77.97001647949219,723,23.4,52.9,68.3,994.0,True,True
2013-07-31,531.0,916.0,1057.0,1881.0,105.1,107.89,60.77,50.381256103515625,58.59721374511719,34.91132736206055,73.40056610107422,77.25245666503906,789,25.0,47.5,1.3,994.5,True,True
2013-08-01,530.0,912.0,1041.0,1935.0,107.93,109.94,60.45,45.96228790283203,65.45829772949219,27.29934310913086,72.16085052490234,75.1901626586914,1009,25.2,53.3,1.8,997.1,True,True
2013-08-02,529.0,909.0,1021.0,1950.0,106.94,109.63,60.88,43.63861846923828,31.63948631286621,52.78091049194336,65.87002563476562,73.81352996826172,835,18.4,32.8,0.5,1000.3,True,True
2013-08-03,,,,,,,,65.75039672851562,87.39735412597656,57.277015686035156,70.27686309814453,73.42015075683594,1058,8.9,23.0,1.9,1001.5,False,False
2013-08-04,,,,,,,,54.98038101196289,95.91950225830078,34.288429260253906,65.53987884521484,72.98782348632812,482,12.7,30.2,22.1,1000.7,False,False
2013-08-05,527.0,908.0,1009.0,1939.0,106.61,109.81,60.88,85.84397888183594,70.4774398803711,92.37665557861328,63.25322723388672,74.39913940429688,656,14.0,33.5,6.5,1000.6,True,True
2013-08-06,526.0,908.0,992.0,1907.0,105.32,108.77,60.78,65.87492370605469,93.81736755371094,62.602359771728516,58.9188346862793,74.31044006347656,704,16.5,33.1,2.8,1001.1,True,True
2013-08-07,525.0,907.0,977.0,1853.0,104.41,108.39,61.2,128.6837158203125,182.08563232421875,131.16685485839844,70.10490417480469,75.66841888427734,798,19.6,39.6,2.4,1002.7,True,True
2013-08-08,522.0,911.0,962.0,1829.0,103.45,107.32,60.72,95.32569122314453,88.24424743652344,101.91381072998047,77.15681457519531,75.54771423339844,973,15.1,33.1,8.7,1002.3,True,True
2013-08-09,521.0,913.0,948.0,1813.0,106.04,108.49,60.34,81.24469757080078,117.81034851074219,67.55751037597656,82.52911376953125,75.35011291503906,897,12.6,27.4,14.5,1002.2,True,True
2013-08-10,,,,,,,,73.39986419677734,95.44425201416016,58.380619049072266,83.62189483642578,75.22140502929688,1038,12.1,27.4,14.7,1002.5,False,False
2013-08-11,,,,,,,,21.698041915893555,28.841670989990234,24.05680274963379,78.86727142333984,73.4411392211914,458,6.9,16.2,14.6,1003.6,False,False
2013-08-12,518.0,911.0,940.0,1805.0,106.19,109.28,61.15,84.8097152709961,99.4690170288086,82.96698760986328,78.71952056884766,74.44036102294922,664,11.8,27.7,3.9,1002.8,True,True
2013-08-13,516.0,910.0,933.0,1846.0,106.78,110.69,61.33,78.55891418457031,78.31710052490234,65.3241958618164,80.5315170288086,73.95196533203125,759,12.0,30.2,4.6,1002.1,True,True
2013-08-14,518.0,909.0,928.0,2021.0,106.89,110.26,61.27,42.36020278930664,33.78384780883789,42.26860046386719,68.19959259033203,71.1687240600586,782,12.1,27.4,4.3,1002.0,True,True
2013-08-15,517.0,910.0,926.0,2099.0,107.43,111.58,61.41,75.8603286743164,63.02235412597656,84.10698699951172,65.4188232421875,70.33865356445312,1048,13.3,28.4,2.4,1002.3,True,True
2013-08-16,517.0,913.0,923.0,2112.0,107.58,111.82,61.65,48.60426712036133,74.54562377929688,49.742733001708984,60.75590515136719,68.04521179199219,886,12.9,29.9,4.1,1001.1,True,True
2013-08-17,,,,,,,,74.04183959960938,77.02323913574219,58.891239166259766,60.84761428833008,68.66752624511719,1029,13.6,28.4,3.1,1000.2,False,False
2013-08-18,,,,,,,,99.68375396728516,107.02128601074219,102.01866149902344,71.98843383789062,69.20132446289062,432,14.7,30.6,20.4,999.5,False,False
2013-08-19,519.0,916.0,917.0,2140.0,107.14,111.41,63.13,113.08908081054688,159.71640014648438,62.691410064697266,76.0283432006836,71.3105239868164,703,22.7,47.9,9.6,997.6,True,True
2013-08-20,520.0,917.0,912.0,2218.0,104.9,110.74,63.21,96.34892272949219,73.1827392578125,99.19265747070312,78.56977081298828,73.06287384033203,722,27.8,54.0,12.2,995.9,True,True
2013-08-21,522.0,919.0,905.0,2268.0,103.93,110.82,64.11,62.34443283081055,82.87004852294922,55.29743957519531,81.4246597290039,72.53910064697266,797,19.1,44.3,0.0,996.9,True,True
2013-08-22,525.0,920.0,904.0,2284.0,104.93,110.51,64.55,58.66005325317383,75.6793441772461,45.90839767456055,78.96747589111328,71.9982681274414,960,13.5,30.2,0.4,998.6,True,True
2013-08-23,528.0,925.0,903.0,2312.0,106.48,112.12,63.22,98.12107849121094,164.3360137939453,52.218082427978516,86.04130554199219,73.62297058105469,844,9.7,23.0,0.8,1000.7,True,True
2013-08-24,,,,,,,,86.91868591308594,109.11624908447266,80.30623626708984,87.880859375,74.69892120361328,1029,12.0,25.9,11.6,1001.7,False,False
2013-08-25,,,,,,,,69.59175872802734,83.25305938720703,46.294185638427734,83.58200073242188,74.09616088867188,476,13.5,30.6,9.1,1001.3,False,False
2013-08-26,,,,,105.88,112.23,64.26,110.09980010986328,133.62196350097656,71.64894104003906,83.15496063232422,76.60273742675781,692,12.2,25.9,10.9,1000.9,False,True
2013-08-27,531.0,927.0,904.0,2335.0,109.11,115.21,66.24,154.7476806640625,202.4811553955078,112.59285736083984,91.49764251708984,78.8230209350586,685,12.5,23.4,11.8,1001.4,True,True
2013-08-28,531.0,929.0,901.0,2284.0,110.17,116.27,68.8,140.363037109375,159.92112731933594,120.05101013183594,102.64315795898438,80.10676574707031,826,15.0,32.0,5.8,1003.5,True,True
2013-08-29,530.0,934.0,904.0,2256.0,108.51,116.91,66.55,187.63999938964844,179.8677215576172,198.03622436523438,121.06886291503906,83.15424346923828,918,16.1,39.6,1.0,1005.0,True,True
2013-08-30,531.0,937.0,907.0,2243.0,107.98,115.97,65.71,122.40435028076172,114.4008560180664,120.86737060546875,124.53790283203125,85.55501556396484,866,14.2,32.4,0.3,1004.6,True,True
2013-08-31,,,,,,,,187.61988830566406,208.5062713623047,184.14511108398438,138.9237823486328,90.27693939208984,1077,16.4,33.8,1.3,1003.9,False,False
2013-09-01,,,,,,,,108.71361541748047,140.25515747070312,63.81089782714844,144.5126190185547,92.44610595703125,518,15.8,31.3,7.9,1004.1,False,False
2013-09-02,534.0,939.0,912.0,2263.0,,,,104.6073989868164,46.34907150268555,144.97389221191406,143.72799682617188,93.7413330078125,570,19.1,35.6,23.4,1005.0,True,False
2013-09-03,534.0,939.0,921.0,2344.0,108.67,115.49,67.71,105.57984924316406,96.48362731933594,124.37335205078125,136.7040252685547,95.42798614501953,753,18.4,38.9,34.0,1004.5,True,True
2013-09-04,535.0,939.0,933.0,2445.0,107.29,115.65,67.08,50.25387191772461,66.79891967773438,41.78767013549805,123.83128356933594,94.24164581298828,791,13.8,36.0,5.9,1004.2,True,True
2013-09-05,534.0,943.0,961.0,2660.0,108.5,115.81,66.01,89.52886199951172,82.87804412841797,85.0811996459961,109.8154067993164,95.03011322021484,1036,14.5,30.6,2.2,1003.5,True,True
2013-09-06,537.0,952.0,1020.0,2799.0,110.62,117.15,65.23,126.0838851928711,129.5047607421875,114.37386322021484,110.34104919433594,94.94345092773438,867,10.2,22.3,18.1,1004.8,True,True
2013-09-07,,,,,,,,59.55815124511719,79.16643524169922,42.44954299926758,92.04651641845703,93.7511978149414,1168,10.5,24.1,12.3,1005.8,False,False
2013-09-08,,,,,,,,66.25135040283203,48.03449249267578,70.11463928222656,85.98048400878906,93.25141906738281,550,12.0,28.4,10.2,1006.8,False,False
2013-09-09,540.0,959.0,1105.0,3113.0,109.62,115.2,65.24,111.56315612792969,153.99659729003906,64.22418212890625,86.97415924072266,94.52352905273438,772,11.3,26.6,10.1,1007.6,True,True
2013-09-10,542.0,965.0,1186.0,3255.0,107.48,112.1,63.83,66.75199127197266,74.86483764648438,62.444671630859375,81.42732238769531,96.02532958984375,794,10.8,28.4,7.0,1006.2,True,True
2013-09-11,543.0,958.0,1241.0,3431.0,107.65,112.37,63.26,110.54598236083984,98.80512237548828,139.4685516357422,90.04048156738281,96.88320922851562,869,11.5,26.6,1.0,1006.1,True,True
2013-09-12,545.0,954.0,1278.0,3397.0,108.72,113.11,63.42,76.2971420288086,95.07786560058594,74.01737976074219,88.15023803710938,96.80781555175781,1042,9.3,23.4,0.5,1007.0,True,True
2013-09-13,544.0,946.0,1306.0,3446.0,108.31,113.31,63.36,95.27296447753906,116.89810180664062,79.22245788574219,83.7486801147461,98.57157135009766,904,8.1,20.2,0.6,1006.9,True,True
2013-09-14,,,,,,,,77.73173522949219,41.726715087890625,99.4405746459961,86.34490203857422,98.63394927978516,1108,14.1,28.4,1.2,1004.5,False,False
2013-09-15,,,,,,,,64.95230865478516,70.63896179199219,78.55982208251953,86.1593246459961,99.17888641357422,561,11.7,25.2,5.1,1002.0,False,False
2013-09-16,547.0,940.0,1321.0,3480.0,106.54,110.86,62.83,127.75743865966797,109.16929626464844,128.99879455566406,88.47279357910156,100.96940612792969,726,7.1,25.9,11.7,1001.8,True,True
2013-09-17,548.0,936.0,1349.0,3691.0,105.36,109.05,63.36,112.64398956298828,91.50147247314453,111.01274108886719,95.02879333496094,101.40141296386719,794,10.2,27.0,10.0,1001.4,True,True
2013-09-18,549.0,934.0,1385.0,3838.0,108.23,109.09,63.37,83.11102294921875,102.58262634277344,59.23664093017578,91.10951232910156,100.40214538574219,837,9.4,19.8,13.6,1001.3,True,True
2013-09-19,554.0,942.0,1415.0,3924.0,106.26,110.66,61.76,58.43898391723633,30.662687301635742,76.72712707519531,88.558349609375,99.13848114013672,1077,15.2,32.0,22.1,999.5,True,True
2013-09-20,558.0,951.0,1453.0,4018.0,104.7,110.22,62.27,90.80135345458984,73.758544921875,100.6722183227539,87.91954803466797,100.08704376220703,985,21.1,40.3,22.6,1000.9,True,True
2013-09-21,,,,,,,,66.02171325683594,74.40351104736328,62.05987548828125,86.24668884277344,100.33243560791016,1154,19.4,41.4,14.1,1002.4,False,False
2013-09-22,,,,,,,,81.12410736083984,121.31159210205078,56.21436309814453,88.55694580078125,99.765869140625,490,12.1,27.0,8.1,1002.0,False,False
2013-09-23,561.0,964.0,1509.0,4111.0,103.62,108.56,62.57,164.7133026123047,228.06431579589844,152.18252563476562,93.83634948730469,102.35902404785156,724,11.2,33.8,1.4,1002.3,True,True
2013-09-24,567.0,971.0,1602.0,4253.0,103.22,107.68,62.72,174.1165771484375,216.97576904296875,130.30503845214844,102.61814880371094,105.84318542480469,761,8.7,24.8,5.4,1003.8,True,True
2013-09-25,576.0,986.0,1745.0,4329.0,102.68,109.46,62.2,124.926513671875,104.4545669555664,127.337158203125,108.591796875,106.33740997314453,822,10.1,24.1,5.3,1005.9,True,True
2013-09-26,585.0,1012.0,1794.0,4193.0,103.1,108.86,61.68,129.27093505859375,109.54206848144531,145.1153106689453,118.71063995361328,105.4881820678711,1025,12.8,27.4,1.0,1006.7,True,True
2013-09-27,594.0,1046.0,1800.0,3967.0,102.86,109.45,62.48,131.36656188964844,84.94845581054688,171.23388671875,124.50567626953125,105.18830108642578,933,10.5,20.2,7.0,1005.9,True,True
2013-09-28,,,,,,,,91.36085510253906,82.26547241210938,102.9262924194336,128.12554931640625,101.97899627685547,1124,7.3,27.7,30.0,1004.3,False,False
2013-09-29,,,,,,,,76.55093383789062,55.50204086303711,92.58837127685547,127.47223663330078,100.45054626464844,476,9.2,19.1,18.5,1001.3,False,False
2013-09-30,597.0,1069.0,1795.0,3853.0,102.36,107.85,62.58,116.45745849609375,94.59918212890625,143.46372985839844,120.57854461669922,98.0784683227539,768,8.6,23.8,11.9,1000.7,True,True
2013-10-01,597.0,1079.0,1786.0,3816.0,102.09,107.32,62.46,132.81521606445312,147.98361206054688,116.93648529052734,114.67835235595703,98.88185119628906,848,14.1,28.1,8.8,1002.5,True,True
2013-10-02,599.0,1087.0,1813.0,3810.0,104.15,109.09,62.46,65.55722045898438,53.822113037109375,76.95936584472656,106.19702911376953,97.58018493652344,859,13.2,28.8,7.3,1006.5,True,True
2013-10-03,602.0,1093.0,1862.0,3878.0,103.29,109.49,61.97,40.20857238769531,43.168251037597656,51.43798065185547,93.47383117675781,95.40113830566406,1071,17.4,36.4,14.3,1008.0,True,True
2013-10-04,609.0,1101.0,1914.0,3943.0,103.83,109.42,61.42,102.0298080444336,128.83995056152344,73.52884674072266,89.28286743164062,97.12700653076172,974,17.3,36.4,2.5,1007.2,True,True
2013-10-05,,,,,,,,35.843833923339844,41.6890869140625,29.80527114868164,81.35186004638672,95.3375015258789,1109,16.6,35.3,6.5,1006.0,False,False
2013-10-06,,,,,,,,98.58832550048828,91.73253631591797,87.44457244873047,84.50006103515625,94.42098236083984,504,12.2,27.0,8.5,1006.5,False,False
2013-10-07,618.0,1113.0,1947.0,4020.0,103.07,109.66,61.79,125.08997344970703,203.2228546142578,53.93434143066406,85.7332763671875,96.60537719726562,715,11.0,22.0,1.7,1007.7,True,True
2013-10-08,622.0,1127.0,1989.0,4085.0,103.54,110.56,61.79,93.82888793945312,138.27662658691406,67.84491729736328,80.16380310058594,97.52462768554688,812,10.2,24.8,7.2,1008.5,True,True
2013-10-09,629.0,1145.0,2016.0,3959.0,101.63,109.02,61.92,87.7754135131836,53.26405334472656,107.89530944824219,83.33782958984375,96.73170471191406,868,12.3,28.1,19.2,1008.4,True,True
2013-10-10,630.0,1162.0,2027.0,3621.0,103.08,111.63,61.3,57.74200439453125,54.53457260131836,70.75789642333984,85.84260559082031,96.4313735961914,1090,18.1,36.0,2.2,1009.0,True,True
2013-10-11,632.0,1175.0,2024.0,3527.0,102.17,110.65,61.07,66.39112091064453,55.73622131347656,69.7342758178711,80.7513656616211,94.95954132080078,948,31.6,61.9,20.1,1006.0,True,True
2013-10-12,,,,,,,,39.21983337402344,54.137229919433594,20.069244384765625,81.23365020751953,93.7236328125,1098,51.2,94.7,43.1,998.7,False,False
2013-10-13,,,,,,,,20.28102684020996,26.958131790161133,22.48574447631836,70.0468978881836,91.2238998413086,490,47.7,91.4,16.2,1000.8,False,False
2013-10-14,634.0,1182.0,2020.0,3455.0,102.46,110.13,,85.28290557861328,80.54563903808594,89.57735443115234,64.36016845703125,91.4756088256836,738,27.0,47.9,6.5,1005.9,True,True
2013-10-15,637.0,1185.0,2021.0,3469.0,101.15,110.67,61.84,102.45054626464844,119.15772247314453,70.99236297607422,65.59183502197266,92.72554779052734,776,10.5,28.8,2.1,1008.3,True,True
2013-10-16,634.0,1186.0,2030.0,3478.0,102.34,110.79,61.72,66.40760803222656,31.154447555541992,84.4541244506836,62.53929138183594,90.68055725097656,848,6.1,17.6,0.3,1008.0,True,True
2013-10-17,632.0,1199.0,2059.0,3451.0,100.72,109.55,61.13,63.642032623291016,63.446136474609375,68.79644775390625,63.38215255737305,89.04715728759766,1041,6.9,19.8,1.3,1009.1,True,True
2013-10-18,634.0,1206.0,2060.0,3264.0,100.87,109.4,61.26,72.72377014160156,57.999935150146484,78.61371612548828,64.28681945800781,88.70091247558594,911,8.1,19.4,0.4,1010.1,True,True
2013-10-19,,,,,,,,60.11345291137695,44.157779693603516,73.66390228271484,67.27162170410156,88.75672912597656,1047,7.8,19.1,0.2,1010.5,False,False
2013-10-20,,,,,,,,51.86016082763672,51.70052719116211,43.123348236083984,71.78292846679688,87.45868682861328,511,11.4,23.4,7.0,1010.0,False,False
2013-10-21,635.0,1213.0,2054.0,3200.0,99.28,109.47,61.56,133.9811248779297,119.75125885009766,145.98486328125,78.73981475830078,89.7239990234375,717,10.6,24.5,16.6,1008.8,True,True
2013-10-22,636.0,1221.0,2038.0,3110.0,97.63,109.57,61.64,70.64717864990234,93.90628814697266,45.69082260131836,74.19647216796875,89.37477111816406,844,16.9,31.7,26.5,1010.0,True,True
2013-10-23,639.0,1228.0,2010.0,2943.0,96.9,107.74,61.54,88.33514404296875,96.06898498535156,80.13101959228516,77.3289794921875,86.8288345336914,825,19.6,38.9,32.9,1010.4,True,True
2013-10-24,644.0,1243.0,1959.0,2775.0,96.65,106.63,61.48,60.84307861328125,40.437198638916016,73.07867431640625,76.92913055419922,83.05304718017578,980,18.5,33.8,33.8,1010.4,True,True
2013-10-25,649.0,1252.0,1904.0,2681.0,97.4,105.7,61.4,50.8508186340332,57.93634033203125,36.243473052978516,73.8044204711914,80.5838623046875,912,17.9,37.4,38.0,1009.6,True,True
2013-10-26,,,,,,,,57.954681396484375,42.57200622558594,60.873016357421875,73.49602508544922,78.20664978027344,1086,14.5,27.4,9.2,1009.3,False,False
2013-10-27,,,,,,,,62.501277923583984,96.9249496459961,34.64784622192383,75.01618957519531,75.91114044189453,477,12.0,23.8,81.3,1008.8,False,False
2013-10-28,653.0,1258.0,1855.0,2526.0,98.74,108.29,61.54,73.30716705322266,100.48709106445312,45.7179069519043,66.34848022460938,75.3093490600586,723,11.6,24.8,1.9,1009.2,True,True
2013-10-29,656.0,1260.0,1790.0,2340.0,98.29,108.04,61.34,65.83985137939453,82.04649353027344,41.0609245300293,65.6617202758789,74.95231628417969,805,12.5,25.2,0.0,1011.2,True,True
2013-10-30,660.0,1266.0,1716.0,2164.0,96.81,108.41,61.09,88.22819519042969,111.94478607177734,93.37300872802734,65.64643859863281,74.01133728027344,826,13.3,30.6,0.0,1013.0,True,True
2013-10-31,665.0,1268.0,1667.0,2245.0,96.29,107.53,61.61,60.22850036621094,106.74331665039062,11.129308700561523,65.55863952636719,71.59178161621094,990,11.6,26.6,0.0,1013.7,True,True
2013-11-01,669.0,1269.0,1631.0,2316.0,94.56,105.78,61.84,64.67051696777344,64.4714584350586,59.75062561035156,67.53288269042969,71.56222534179688,922,9.1,23.0,0.0,1013.6,True,True
2013-11-02,,,,,,,,65.01300811767578,104.93516540527344,30.891630172729492,68.54121398925781,72.3890380859375,1070,9.1,15.8,0.0,1013.2,False,False
2013-11-03,,,,,,,,69.80506896972656,88.56934356689453,63.32192611694336,69.5846176147461,71.31488037109375,522,8.2,16.9,0.0,1013.9,False,False
2013-11-04,673.0,1273.0,1612.0,2400.0,94.58,104.85,61.74,55.28624725341797,36.744049072265625,61.296329498291016,67.01020050048828,71.96296691894531,719,8.8,19.1,0.0,1015.1,True,True
2013-11-05,678.0,1280.0,1617.0,2553.0,93.4,105.01,61.76,59.7628173828125,68.09012603759766,42.595420837402344,66.14205169677734,70.66877746582031,776,13.3,30.6,0.0,1015.3,True,True
2013-11-06,681.0,1285.0,1614.0,2554.0,94.74,105.46,62.48,76.10494232177734,55.90471267700195,79.9372329711914,64.41015625,69.03594970703125,827,10.6,23.4,0.0,1015.0,True,True
2013-11-07,685.0,1291.0,1594.0,2533.0,94.25,103.08,62.41,53.581016540527344,56.55821228027344,57.65850067138672,63.46051788330078,67.69435119628906,1051,10.3,24.1,0.0,1013.8,True,True
2013-11-08,690.0,1305.0,1565.0,2514.0,94.56,104.29,62.48,120.52340698242188,43.69179153442383,163.9947052001953,71.43949890136719,68.78594970703125,907,12.7,27.7,0.0,1012.5,True,True
2013-11-09,,,,,,,,104.88341522216797,92.9427261352539,106.59469604492188,77.1352767944336,70.35733032226562,1137,14.2,31.0,0.0,1012.2,False,False
2013-11-10,,,,,,,,35.016571044921875,13.96351432800293,58.2347526550293,72.16548919677734,69.31151580810547,473,15.8,33.1,0.0,1011.6,False,False
2013-11-11,692.0,1315.0,1542.0,2506.0,95.13,105.76,,91.38117980957031,72.87992095947266,91.1835708618164,77.32190704345703,71.05022430419922,725,15.7,33.8,0.0,1010.6,True,True
2013-11-12,693.0,1320.0,1510.0,2473.0,93.12,106.29,63.73,88.01508331298828,23.930227279663086,126.4144287109375,81.35794830322266,73.30802917480469,828,15.5,33.1,0.0,1011.3,True,True
2013-11-13,696.0,1321.0,1474.0,2455.0,93.91,106.9,63.28,45.27427291870117,22.56745719909668,56.470462799072266,76.95356750488281,71.97440338134766,878,15.2,31.7,0.0,1011.7,True,True
2013-11-14,699.0,1325.0,1438.0,2397.0,93.76,108.29,63.12,99.47650909423828,79.33625030517578,110.29043579101562,83.51006317138672,71.8752670288086,999,14.7,31.0,0.0,1012.4,True,True
2013-11-15,703.0,1339.0,1409.0,2377.0,93.8,108.25,62.97,92.94522094726562,51.88911056518555,129.84193420410156,79.57032012939453,72.75985717773438,891,15.0,32.0,0.0,1012.9,True,True
2013-11-16,,,,,,,,29.789278030395508,29.69758415222168,34.67900466918945,68.84259033203125,71.63143157958984,1112,14.7,30.2,0.0,1013.8,False,False
2013-11-17,,,,,,,,47.71187973022461,54.36001968383789,45.34162521362305,70.65620422363281,70.79769897460938,486,17.8,35.6,0.0,1013.4,False,False
2013-11-18,705.0,1354.0,1382.0,2366.0,93.03,108.8,62.07,83.27684020996094,46.12250518798828,100.02388000488281,69.49844360351562,71.56981658935547,716,19.4,38.9,0.0,1013.7,True,True
2013-11-19,708.0,1360.0,1353.0,2366.0,93.35,108.29,62.26,94.15567016601562,85.33258819580078,85.41097259521484,70.37566375732422,72.97966766357422,774,20.5,41.0,0.0,1013.5,True,True
2013-11-20,715.0,1363.0,1346.0,2511.0,93.34,108.27,62.34,81.33536529541016,58.970916748046875,98.37513732910156,75.52725219726562,71.22480773925781,896,16.6,33.1,0.0,1011.7,True,True
2013-11-21,721.0,1371.0,1345.0,2447.0,95.35,109.9,62.94,62.14948654174805,43.370731353759766,77.51886749267578,70.19481658935547,70.9415512084961,1066,17.6,37.4,6.2,1011.1,True,True
2013-11-22,728.0,1378.0,1362.0,2390.0,94.53,111.36,62.72,76.55093383789062,55.50204086303711,81.01481628417969,67.85277557373047,70.54874420166016,952,16.3,32.4,1.0,1012.5,True,True
2013-11-23,,,,,,,,55.945587158203125,23.483530044555664,78.35033416748047,71.58939361572266,70.38549041748047,1125,12.2,28.8,0.0,1012.5,False,False
2013-11-24,,,,,,,,58.919185638427734,39.15855026245117,76.2115707397461,73.19043731689453,70.6544418334961,506,8.3,19.4,0.0,1012.6,False,False
2013-11-25,732.0,1393.0,1387.0,2391.0,93.86,110.83,62.37,164.51678466796875,17.730854034423828,273.6017150878906,84.796142578125,74.20651245117188,745,10.5,24.1,0.0,1010.8,True,True
2013-11-26,737.0,1404.0,1427.0,2399.0,93.41,112.04,62.47,186.73788452148438,97.12857055664062,243.04446411132812,98.02217864990234,78.34773254394531,816,12.2,26.3,0.0,1009.8,True,True
2013-11-27,745.0,1418.0,1510.0,2496.0,92.05,111.32,62.47,67.51730346679688,42.068424224853516,91.23197174072266,96.04816436767578,78.15473175048828,785,17.7,36.4,0.0,1011.5,True,True
2013-11-28,757.0,1441.0,1613.0,2848.0,,,,57.798343658447266,21.607664108276367,78.0993423461914,95.42657470703125,77.88668060302734,917,15.3,32.4,0.2,1013.8,True,False
2013-11-29,764.0,1458.0,1665.0,3089.0,92.55,111.07,62.39,76.10494232177734,55.90471267700195,79.9372329711914,95.36286163330078,77.48257446289062,827,9.1,23.0,0.0,1013.8,True,True
2013-11-30,,,,,,,,38.25872039794922,19.070478439331055,58.32442855834961,92.83616638183594,76.75025177001953,1039,8.4,20.2,0.3,1013.3,False,False
2013-12-01,,,,,,,,14.309146881103516,0.0,23.797008514404297,86.46330261230469,75.07154083251953,463,15.0,31.3,0.0,1014.0,False,False
2013-12-02,771.0,1475.0,1695.0,3194.0,93.61,111.49,62.3,37.750057220458984,9.408465385437012,54.93312454223633,68.35377502441406,74.16277313232422,702,16.1,33.5,0.0,1014.4,True,True
2013-12-03,776.0,1488.0,1741.0,3316.0,95.83,113.06,62.38,81.95154571533203,94.59918212890625,64.55868530273438,53.38429260253906,74.56765747070312,768,14.2,29.5,0.0,1013.8,True,True
2013-12-04,782.0,1507.0,1795.0,3481.0,96.97,113.27,61.9,99.29759216308594,95.03227233886719,112.2939224243164,57.92433547973633,76.03469848632812,834,14.5,32.0,0.0,1013.6,True,True
2013-12-05,786.0,1522.0,1867.0,3843.0,97.14,112.07,61.6,44.54942321777344,31.723068237304688,58.21237564086914,56.03163146972656,75.527587890625,1041,16.4,33.8,0.0,1012.6,True,True
2013-12-06,789.0,1531.0,1923.0,3842.0,97.48,111.5,61.43,49.9202880859375,56.87614440917969,41.510284423828125,52.29096603393555,74.6547622680664,929,16.1,33.8,0.0,1011.9,True,True
2013-12-07,,,,,,,,44.54942321777344,44.41229248046875,37.04423904418945,53.189640045166016,74.35371398925781,1041,16.1,34.6,0.0,1012.5,False,False
2013-12-08,,,,,,,,82.18202209472656,88.23129272460938,63.08024215698242,62.885765075683594,73.07566833496094,524,17.5,36.7,0.0,1012.0,False,False
2013-12-09,792.0,1552.0,1955.0,3831.0,97.1,110.07,60.87,65.89988708496094,35.038421630859375,80.3701400756836,66.90716552734375,71.77621459960938,754,17.4,36.0,0.0,1010.7,True,True
2013-12-10,796.0,1557.0,1997.0,4011.0,98.32,108.91,61.04,61.11748123168945,56.86740493774414,60.98532485961914,63.93087387084961,72.64624786376953,813,20.9,38.5,7.3,1009.9,True,True
2013-12-11,803.0,1554.0,2050.0,4210.0,97.25,109.47,61.38,67.5223617553711,15.838711738586426,99.08287811279297,59.39155578613281,71.8509521484375,834,18.6,37.8,0.0,1011.0,True,True
2013-12-12,810.0,1560.0,2085.0,4291.0,97.21,108.99,61.85,57.636253356933594,42.33809280395508,65.58342742919922,61.26110076904297,70.83832550048828,1092,12.8,28.4,0.0,1011.3,True,True
2013-12-13,814.0,1562.0,2096.0,4246.0,96.27,108.08,62.16,45.2227668762207,15.027854919433594,62.673580169677734,60.59002685546875,70.83660888671875,879,9.7,16.2,0.0,1011.9,True,True
2013-12-14,,,,,,,,54.886600494384766,51.498966217041016,53.69403076171875,62.066768646240234,69.35027313232422,1026,9.6,21.2,0.0,1011.2,False,False
2013-12-15,,,,,,,,33.73286819458008,40.35484313964844,33.6599235534668,55.14545822143555,67.37653350830078,491,12.5,27.7,0.0,1013.0,False,False
2013-12-16,817.0,1553.0,2082.0,4065.0,97.18,110.3,61.68,41.46468734741211,0.0,68.9583740234375,51.65471649169922,67.76570892333984,719,9.4,23.4,0.0,1014.4,True,True
2013-12-17,821.0,1546.0,2025.0,3818.0,96.99,108.91,61.92,116.00431060791016,137.0634002685547,92.88858032226562,59.49569320678711,70.04212188720703,771,8.7,16.2,0.0,1013.3,True,True
2013-12-18,820.0,1541.0,1946.0,3638.0,97.59,109.56,62.06,112.78604125976562,124.93207550048828,97.2586441040039,65.96192932128906,71.02576446533203,793,9.8,17.3,0.0,1012.2,True,True
2013-12-19,818.0,1517.0,1883.0,3596.0,98.4,110.78,62.14,67.32860565185547,80.54563903808594,61.58443069458008,67.3465576171875,70.13153076171875,984,11.2,22.0,0.0,1012.9,True,True
2013-12-20,811.0,1499.0,1858.0,3875.0,99.11,112.15,61.98,106.17205047607422,70.56349182128906,147.14230346679688,76.05359649658203,70.95941925048828,936,11.6,26.3,0.0,1014.2,True,True
2013-12-21,,,,,,,,64.15778350830078,67.32662963867188,50.541351318359375,77.3780517578125,71.02635955810547,981,10.2,24.5,0.0,1015.6,False,False
2013-12-22,,,,,,,,71.08514404296875,70.8663330078125,82.75333404541016,82.7140884399414,70.84416961669922,466,9.7,21.6,0.0,1016.9,False,False
2013-12-23,805.0,1482.0,1835.0,3996.0,98.62,111.58,61.83,47.473106384277344,42.068424224853516,43.86152648925781,83.57243347167969,70.56175231933594,628,8.7,16.2,0.0,1017.1,True,True
2013-12-24,801.0,1468.0,1825.0,4078.0,98.87,111.57,61.75,75.74468994140625,80.54563903808594,75.58089447021484,77.82106018066406,71.12260437011719,656,9.9,22.3,0.0,1017.2,True,True
2013-12-25,,,,,,,,92.75189971923828,158.51382446289062,44.07206344604492,74.95903778076172,68.73043823242188,250,15.9,33.8,0.0,1017.4,False,False
2013-12-26,,,,,99.18,111.65,62.15,104.82809448242188,135.8570556640625,61.01749038696289,80.31610870361328,66.00011444091797,632,8.9,23.8,0.0,1016.4,False,True
2013-12-27,,,,,99.94,112.06,61.92,115.08920288085938,99.76952362060547,124.82646179199219,81.5899887084961,67.58584594726562,662,9.0,24.1,0.0,1015.7,False,True
2013-12-28,,,,,,,,86.04071807861328,128.663818359375,64.39099884033203,84.71612548828125,68.52725982666016,770,9.9,17.6,0.0,1015.5,False,False
2013-12-29,,,,,,,,45.690589904785156,60.7332649230957,25.32876968383789,81.08832550048828,67.51344299316406,435,9.2,17.3,0.0,1015.3,False,False
2013-12-30,,,,,98.9,110.47,61.77,68.65425109863281,34.22146224975586,104.66162872314453,84.11420440673828,68.52662658691406,579,15.0,31.3,0.0,1016.8,False,True
2013-12-31,,,,,98.17,109.95,61.92,121.707763671875,158.26060485839844,79.20298767089844,90.68035888671875,72.10658264160156,626,10.9,29.2,0.0,1017.0,False,True
2014-01-01,,,,,,,,112.1636962890625,178.90951538085938,37.30704879760742,93.45347595214844,74.5870361328125,443,10.0,26.3,0.0,1016.1,False,False
2014-01-02,773.0,1453.0,1780.0,3733.0,95.14,107.94,62.31,82.12977600097656,90.97441101074219,68.2934799194336,90.21085357666016,74.59297943115234,726,13.3,31.7,0.0,1016.0,True,True
2014-01-03,763.0,1330.0,1750.0,3531.0,93.66,106.57,62.17,117.95494079589844,97.99321746826172,130.7776336669922,90.62024688720703,75.21488952636719,674,12.6,25.6,0.0,1015.9,True,True
2014-01-04,,,,,,,,32.2652702331543,57.18391799926758,17.886388778686523,82.93804168701172,74.805419921875,924,12.6,28.8,0.0,1014.9,False,False
2014-01-05,,,,,,,,65.5233154296875,101.6114273071289,36.32312774658203,85.77128601074219,75.32552337646484,455,10.5,23.8,0.0,1012.8,False,False
2014-01-06,750.0,1276.0,1724.0,3287.0,93.12,106.71,62.31,103.51773834228516,137.5988006591797,65.58342742919922,90.75178527832031,77.29113006591797,672,12.9,21.6,0.0,1013.2,True,True
2014-01-07,744.0,1239.0,1692.0,3017.0,93.31,107.01,62.3,91.53147888183594,165.11856079101562,21.746082305908203,86.44088745117188,77.60277557373047,760,14.4,29.5,0.0,1014.8,True,True
2014-01-08,741.0,1204.0,1672.0,2818.0,91.9,107.42,62.07,93.82888793945312,154.54446411132812,47.4914436340332,83.8216323852539,78.53374481201172,812,15.1,32.8,0.0,1016.2,True,True
2014-01-09,735.0,1191.0,1645.0,2500.0,91.36,107.49,62.07,61.47032928466797,74.8991470336914,51.114501953125,80.87027740478516,78.5455093383789,970,9.9,25.9,0.0,1015.2,True,True
2014-01-10,730.0,1188.0,1621.0,2101.0,92.39,106.44,61.45,96.66303253173828,96.36549377441406,92.7442398071289,77.82858276367188,79.51686096191406,891,10.5,24.1,0.0,1015.0,True,True
2014-01-11,,,,,,,,42.08343505859375,47.94731521606445,39.992794036865234,79.23117065429688,78.9984359741211,1102,11.9,26.6,0.0,1015.4,False,False
2014-01-12,,,,,,,,7.06304407119751,14.08260726928711,11.746285438537598,70.87970733642578,77.72644805908203,469,13.2,24.5,0.0,1016.6,False,False
2014-01-13,726.0,1190.0,1598.0,1857.0,91.45,108.02,61.52,108.96604919433594,121.66630554199219,101.4817123413086,71.65803527832031,79.52909088134766,760,14.3,34.2,0.0,1016.7,True,True
2014-01-14,725.0,1191.0,1580.0,1832.0,92.15,107.12,61.51,91.65206909179688,78.31710052490234,101.61541748046875,71.67526245117188,81.45973205566406,759,11.8,27.4,0.0,1015.6,True,True
2014-01-15,724.0,1189.0,1572.0,1862.0,93.78,108.09,61.54,87.80299377441406,79.57521057128906,86.2856674194336,70.81442260742188,83.00434112548828,830,11.2,22.3,0.0,1016.3,True,True
2014-01-16,722.0,1182.0,1570.0,1929.0,93.54,107.46,61.54,60.78105545043945,47.12864303588867,61.772769927978516,70.71595764160156,81.16356658935547,981,12.3,24.8,0.1,1017.1,True,True
2014-01-17,719.0,1175.0,1564.0,2026.0,93.96,108.45,61.54,64.95230865478516,76.17926788330078,76.2492446899414,66.18585205078125,79.56910705566406,867,14.6,34.6,0.0,1017.5,True,True
2014-01-18,,,,,,,,63.125152587890625,59.93414306640625,59.989192962646484,69.19181060791016,79.42899322509766,1102,12.6,31.3,0.0,1017.6,False,False
2014-01-19,,,,,,,,81.51732635498047,103.42996978759766,61.62200927734375,79.82814025878906,78.60717010498047,447,8.4,18.4,0.0,1018.8,False,False
2014-01-20,719.0,1165.0,1552.0,2082.0,,108.01,,85.71331787109375,110.58168029785156,50.310569763183594,76.50631713867188,79.32569122314453,657,14.9,33.8,0.0,1019.1,True,False
2014-01-21,715.0,1154.0,1530.0,1973.0,94.51,109.17,61.94,125.08997344970703,129.32363891601562,100.16377258300781,81.28315734863281,81.12584686279297,715,13.8,31.0,0.0,1018.8,True,True
2014-01-22,715.0,1141.0,1496.0,1880.0,96.35,109.69,61.86,81.95154571533203,77.39933013916016,71.73186492919922,80.4472427368164,82.27513122558594,768,11.1,26.6,0.0,1017.7,True,True
2014-01-23,715.0,1130.0,1468.0,1775.0,97.23,109.69,62.11,61.2178840637207,54.2484016418457,67.8727798461914,80.5096435546875,81.79090118408203,974,9.2,18.0,0.0,1016.8,True,True
2014-01-24,712.0,1121.0,1437.0,1723.0,96.66,109.14,62.68,106.38368225097656,73.14222717285156,122.01567840576172,86.42841339111328,82.24530029296875,903,10.9,23.8,0.0,1015.4,True,True
2014-01-25,,,,,,,,62.09123992919922,74.28014373779297,61.956974029541016,86.28070831298828,80.82073211669922,1067,15.4,36.0,0.0,1014.9,False,False
2014-01-26,,,,,,,,91.62421417236328,84.31585693359375,93.77033996582031,87.72454833984375,80.03856658935547,470,17.8,38.9,0.0,1015.7,False,False
2014-01-27,708.0,1112.0,1413.0,1673.0,95.82,108.72,63.09,105.46525573730469,143.3735809326172,71.75263214111328,90.54625701904297,80.68605041503906,691,15.5,34.2,0.0,1015.9,True,True
2014-01-28,705.0,1098.0,1387.0,1577.0,97.49,109.1,62.56,64.61444854736328,42.94371032714844,78.80245208740234,81.90689849853516,81.31684875488281,769,15.6,36.7,0.0,1015.7,True,True
2014-01-29,700.0,1079.0,1369.0,1531.0,97.34,108.83,62.46,66.80148315429688,47.00884246826172,78.42003631591797,79.74259948730469,81.25508880615234,843,16.4,36.0,0.0,1016.1,True,True
2014-01-30,691.0,1056.0,1347.0,1527.0,98.25,109.36,62.56,45.55594253540039,32.439796447753906,59.527584075927734,77.50518035888672,78.7166976928711,1018,13.0,30.2,0.0,1016.2,True,True
2014-01-31,684.0,1018.0,1337.0,1524.0,97.55,108.16,62.63,75.71583557128906,37.74138641357422,94.44012451171875,73.12406158447266,77.50177001953125,875,14.0,33.8,0.0,1016.5,True,True
2014-02-01,,,,,,,,36.704349517822266,18.295684814453125,45.781227111816406,69.49736022949219,75.98758697509766,1083,15.8,36.0,0.0,1016.0,False,False
2014-02-02,,,,,,,,65.66764068603516,87.28734588623047,60.6718864440918,65.78927612304688,74.24467468261719,454,14.2,29.9,0.0,1014.4,False,False
2014-02-03,682.0,996.0,1326.0,1516.0,96.44,106.55,62.63,156.57630920410156,87.8030776977539,187.15977478027344,73.09085845947266,78.38837432861328,677,12.8,29.9,0.0,1012.1,True,True
2014-02-04,681.0,975.0,1313.0,1513.0,97.24,107.04,62.27,51.89400863647461,86.22379302978516,28.767663955688477,71.27365112304688,77.93406677246094,766,14.0,27.7,0.0,1009.7,True,True
2014-02-05,677.0,961.0,1307.0,1544.0,97.4,106.81,62.57,91.35379028320312,87.11290740966797,85.87181854248047,74.7811279296875,77.52860260009766,834,14.8,29.5,0.0,1009.7,True,True
2014-02-06,676.0,948.0,1307.0,1575.0,97.84,108.15,62.14,43.71916961669922,26.821290969848633,61.52191162109375,74.51873016357422,75.93486022949219,985,12.9,26.6,0.0,1010.0,True,True
2014-02-07,674.0,937.0,1304.0,1588.0,99.98,110.12,62.09,60.6419677734375,52.89839553833008,63.032127380371094,72.36531829833984,74.82862854003906,874,15.3,31.3,0.0,1009.7,True,True
2014-02-08,,,,,,,,43.261146545410156,36.96684265136719,41.111995697021484,73.302001953125,74.2216567993164,1072,19.5,41.0,0.0,1007.5,False,False
2014-02-09,,,,,,,,71.87030792236328,78.16263580322266,76.06124877929688,74.18810272216797,73.39523315429688,507,15.5,33.5,0.0,1007.4,False,False
2014-02-10,669.0,929.0,1305.0,1611.0,100.12,110.18,62.44,55.363250732421875,73.59044647216797,30.69084930419922,59.72909164428711,73.837890625,718,13.0,30.2,0.3,1008.3,True,True
2014-02-11,667.0,929.0,1322.0,1581.0,99.96,109.21,62.15,77.70220184326172,81.54003143310547,68.01244354248047,63.415977478027344,76.1925277709961,810,15.3,41.8,1.1,1008.5,True,True
2014-02-12,665.0,928.0,1324.0,1548.0,100.38,108.62,61.84,59.721771240234375,31.753570556640625,72.83544158935547,58.897117614746094,74.55105590820312,832,17.1,34.9,0.9,1009.9,True,True
2014-02-13,668.0,938.0,1313.0,1557.0,100.27,108.98,62.23,68.08977508544922,61.09217071533203,62.280662536621094,62.378631591796875,73.7656478881836,973,14.8,32.0,0.5,1012.8,True,True
2014-02-14,671.0,965.0,1311.0,1554.0,100.31,108.63,61.87,61.67979049682617,50.638771057128906,66.37358093261719,62.526893615722656,72.8948745727539,913,14.7,32.8,0.0,1012.5,True,True
2014-02-15,,,,,,,,68.51533508300781,59.39516830444336,69.3580093383789,66.13463592529297,73.15267944335938,1112,17.3,39.6,0.0,1010.6,False,False
2014-02-16,,,,,,,,50.76731872558594,37.958290100097656,63.32192611694336,63.11991882324219,72.67984771728516,522,20.2,40.0,3.1,1009.9,False,False
2014-02-17,676.0,998.0,1308.0,1625.0,,,,84.3966293334961,63.102638244628906,87.72305297851562,67.26754760742188,73.38890075683594,628,14.7,30.2,1.9,1013.7,True,False
2014-02-18,677.0,1026.0,1298.0,1667.0,102.54,110.14,62.2,95.13902282714844,86.22379302978516,93.49490356445312,69.7585220336914,73.84295654296875,766,15.3,34.9,0.0,1016.8,True,True
2014-02-19,678.0,1049.0,1282.0,1690.0,103.46,110.37,62.32,85.04147338867188,56.51980209350586,94.28619384765625,73.37561798095703,73.820556640625,818,11.4,28.8,0.0,1015.2,True,True
2014-02-20,676.0,1068.0,1261.0,1680.0,103.2,109.42,62.21,115.87171173095703,81.54003143310547,153.02798461914062,80.20161437988281,73.5132827758789,972,12.8,27.4,0.0,1014.0,True,True
2014-02-21,677.0,1087.0,1244.0,1701.0,102.53,109.03,62.13,116.56026458740234,74.96870422363281,156.3282470703125,88.04167938232422,74.66690826416016,881,15.1,31.7,0.0,1014.5,True,True
2014-02-22,,,,,,,,28.930723190307617,11.53666877746582,38.490882873535156,82.38673400878906,73.59066772460938,1145,14.7,32.4,0.0,1014.9,False,False
2014-02-23,,,,,,,,38.51823043823242,51.199554443359375,42.70548629760742,80.6368637084961,71.32848358154297,516,13.1,29.9,0.0,1015.7,False,False
2014-02-24,679.0,1098.0,1222.0,1707.0,103.17,109.76,62.07,69.3731460571289,77.80455780029297,50.47520065307617,78.49065399169922,71.57122039794922,764,14.1,31.3,0.0,1016.1,True,True
2014-02-25,679.0,1096.0,1187.0,1775.0,102.2,109.19,61.96,61.5718879699707,90.02747344970703,40.959163665771484,73.69535064697266,70.56947326660156,807,14.6,30.6,0.0,1015.9,True,True
2014-02-26,674.0,1096.0,1154.0,1912.0,102.93,109.39,62.11,71.66613006591797,39.69196319580078,86.0782470703125,71.78458404541016,69.44283294677734,832,17.4,35.3,0.0,1014.1,True,True
2014-02-27,673.0,1097.0,1123.0,2049.0,102.68,108.54,62.11,65.92174530029297,72.29071807861328,54.81599426269531,64.64887237548828,69.48641204833984,1005,16.1,34.2,0.0,1014.0,True,True
2014-02-28,669.0,1100.0,1099.0,2084.0,102.88,108.98,61.78,70.87701416015625,59.5021858215332,86.85372161865234,58.12269592285156,69.62226104736328,888,16.9,36.7,0.3,1014.2,True,True
2014-03-01,,,,,,,,101.96997833251953,75.51596069335938,121.13034057617188,68.55687713623047,71.50273132324219,1137,16.6,36.0,0.0,1013.5,False,False
2014-03-02,,,,,,,,133.57127380371094,79.89608001708984,177.7099151611328,82.13587951660156,73.43124389648438,496,16.4,32.0,0.0,1013.0,False,False
2014-03-03,666.0,1103.0,1080.0,2180.0,105.34,111.26,62.17,180.03085327148438,188.45054626464844,232.03701782226562,97.94412231445312,78.20879364013672,736,17.2,35.6,0.0,1013.6,True,True
2014-03-04,662.0,1107.0,1062.0,2326.0,103.64,109.17,61.91,213.0656280517578,112.21649932861328,267.42755126953125,119.58609008789062,83.12206268310547,824,13.8,31.3,11.7,1014.7,True,True
2014-03-05,661.0,1115.0,1053.0,2596.0,101.75,108.15,61.75,213.84420776367188,64.3580322265625,322.0857238769531,139.89724731445312,85.03099060058594,821,10.5,25.9,0.0,1014.4,True,True
2014-03-06,663.0,1116.0,1056.0,2830.0,101.82,107.99,60.89,142.98854064941406,61.09217071533203,186.84197998046875,150.9067840576172,88.06747436523438,973,11.6,23.8,0.0,1013.8,True,True
2014-03-07,663.0,1122.0,1075.0,2980.0,102.82,109.14,61.24,165.26113891601562,131.8019561767578,189.33396911621094,164.39022827148438,90.53105163574219,902,13.8,29.5,1.7,1014.6,True,True
2014-03-08,,,,,,,,52.7281379699707,30.921077728271484,61.898963928222656,157.35568237304688,90.83135223388672,1068,13.5,30.6,0.2,1015.6,False,False
2014-03-09,,,,,,,,102.8747787475586,27.348831176757812,148.27557373046875,152.97047424316406,92.2391128540039,483,10.7,29.2,8.8,1014.6,False,False
2014-03-10,663.0,1131.0,1088.0,3023.0,101.39,108.27,60.84,118.64496612548828,56.774288177490234,149.9586639404297,144.2010498046875,94.75190734863281,698,8.0,20.5,5.2,1014.3,True,True
2014-03-11,666.0,1137.0,1104.0,3045.0,100.29,108.35,61.01,115.1427230834961,97.12857055664062,132.5697021484375,130.21206665039062,96.19432067871094,748,14.5,29.5,0.0,1014.6,True,True
2014-03-12,668.0,1149.0,1102.0,2600.0,98.29,107.88,61.01,124.26982879638672,100.658447265625,142.08460998535156,117.41573333740234,98.4912109375,853,14.5,27.4,0.0,1013.8,True,True
2014-03-13,668.0,1159.0,1106.0,2654.0,98.57,107.48,61.2,84.93763732910156,58.62197494506836,92.3600845336914,109.12274169921875,98.73239135742188,1014,9.9,22.3,0.0,1012.8,True,True
2014-03-14,671.0,1173.0,1113.0,2677.0,99.23,108.08,61.19,103.85346984863281,78.54288482666016,142.93641662597656,100.3502197265625,100.20344543457031,925,14.5,28.4,0.0,1012.7,True,True
2014-03-15,,,,,,,,97.6978530883789,66.96052551269531,111.70338439941406,106.77446746826172,101.19038391113281,1085,11.8,29.9,0.7,1014.2,False,False
2014-03-16,,,,,,,,107.94518280029297,94.16130065917969,100.97977447509766,107.49880981445312,102.73255920410156,491,14.0,30.6,0.8,1014.4,False,False
2014-03-17,671.0,1183.0,1116.0,2691.0,98.43,106.99,61.08,135.20684814453125,101.09300231933594,175.66989135742188,109.86479187011719,104.95561218261719,784,17.4,36.4,0.0,1012.9,True,True
2014-03-18,668.0,1191.0,1118.0,2818.0,100.08,106.79,61.1,194.0785369873047,35.17838668823242,300.7580871582031,121.1413345336914,109.73265075683594,751,15.9,34.9,0.0,1012.1,True,True
2014-03-19,667.0,1198.0,1120.0,2982.0,100.71,105.95,60.95,153.06887817382812,93.90628814697266,189.29054260253906,125.25548553466797,112.021728515625,844,14.9,36.4,0.0,1010.4,True,True
2014-03-20,671.0,1200.0,1120.0,3129.0,99.68,105.73,61.33,97.96873474121094,54.93778610229492,117.10459899902344,127.11707305908203,112.11605072021484,1082,15.8,37.1,0.6,1009.9,True,True
2014-03-21,674.0,1205.0,1112.0,3036.0,99.97,107.2,60.9,117.64946746826172,80.63504028320312,134.51516723632812,129.08792114257812,113.20298767089844,901,16.6,37.4,0.0,1008.3,True,True
2014-03-22,,,,,,,,74.87720489501953,5.971738338470459,124.52548217773438,125.82783508300781,111.83650207519531,1106,20.2,42.1,0.0,1006.6,False,False
2014-03-23,,,,,,,,84.60388946533203,64.87959289550781,108.23197937011719,122.49336242675781,110.77128601074219,509,20.0,37.8,0.0,1008.2,False,False
2014-03-24,676.0,1209.0,1107.0,3055.0,100.05,106.59,60.78,122.18487548828125,117.29734802246094,135.4674072265625,120.63308715820312,113.8797607421875,732,19.5,38.9,0.0,1010.5,True,True
2014-03-25,676.0,1207.0,1088.0,2993.0,99.66,107.01,60.27,140.58642578125,52.55763626098633,197.27215576171875,112.9913558959961,117.28203582763672,754,18.3,37.4,0.0,1010.2,True,True
2014-03-26,672.0,1201.0,1062.0,2761.0,100.61,105.9,60.13,108.48175048828125,108.14783477783203,122.42239379882812,106.62176513671875,118.58565521240234,855,17.3,34.6,0.0,1009.5,True,True
2014-03-27,659.0,1180.0,1018.0,2579.0,101.25,106.58,60.26,87.17283630371094,45.06159591674805,112.7574691772461,105.0794906616211,119.43901824951172,1026,18.8,38.5,0.0,1008.8,True,True
2014-03-28,649.0,1139.0,978.0,2557.0,101.73,106.64,59.89,112.1636962890625,82.00019073486328,136.79251098632812,104.29581451416016,120.7889404296875,886,14.9,28.4,0.0,1007.9,True,True
2014-03-29,,,,,,,,73.02838897705078,58.242881774902344,82.58653259277344,104.03169250488281,121.02582550048828,1134,15.9,33.5,0.0,1007.3,False,False
2014-03-30,,,,,,,,59.98613357543945,66.44610595703125,44.33808898925781,100.5148696899414,120.66279602050781,497,18.1,38.5,0.0,1006.2,False,False
2014-03-31,642.0,1115.0,942.0,2573.0,101.57,105.95,60.0,85.81781768798828,34.22146224975586,114.17632293701172,95.319580078125,120.1243896484375,772,16.6,36.7,0.0,1005.8,True,True
2014-04-01,632.0,1090.0,897.0,2505.0,99.69,105.7,59.86,120.92815399169922,86.11138153076172,129.28570556640625,92.5112533569336,119.70294952392578,767,15.0,27.4,0.0,1005.2,True,True
2014-04-02,621.0,1068.0,867.0,2418.0,99.6,103.37,59.9,94.74890899658203,58.12754821777344,109.0892562866211,90.54942321777344,116.86022186279297,909,17.7,35.6,0.0,1005.9,True,True
2014-04-03,610.0,1047.0,836.0,2343.0,100.29,104.88,60.35,63.2974739074707,56.09123611450195,58.482032775878906,87.13865661621094,111.86795043945312,942,21.7,45.4,0.0,1006.8,True,True
2014-04-04,598.0,1025.0,822.0,2306.0,101.16,106.41,60.08,59.551780700683594,96.47376251220703,30.949481964111328,79.62266540527344,106.72486877441406,890,19.1,38.5,0.0,1007.5,True,True
2014-04-05,,,,,,,,60.44831085205078,48.209800720214844,60.31760025024414,77.82550811767578,103.97352600097656,1096,17.3,31.0,0.0,1008.1,False,False
2014-04-06,,,,,,,,19.485692977905273,12.95047664642334,21.603952407836914,72.03973388671875,99.11434936523438,510,21.0,43.9,0.0,1008.5,False,False
2014-04-07,588.0,1003.0,812.0,2293.0,100.43,104.89,60.11,56.96214294433594,43.682159423828125,65.58342742919922,67.91749572753906,99.25547790527344,756,22.8,42.5,0.0,1007.8,True,True
2014-04-08,580.0,982.0,801.0,2029.0,102.57,105.83,60.08,115.93987274169922,66.04742431640625,137.72518920898438,67.20487976074219,99.69097900390625,800,21.6,42.8,0.0,1006.1,True,True
2014-04-09,571.0,965.0,794.0,1946.0,103.55,107.39,60.09,142.43226623535156,81.13934326171875,189.49903869628906,74.01679229736328,100.48389434814453,814,18.8,33.1,1.7,1007.0,True,True
2014-04-10,562.0,949.0,787.0,1865.0,103.37,107.1,60.07,85.1054916381836,52.21140670776367,108.87366485595703,77.1322250366211,99.48265075683594,1012,12.1,29.9,0.2,1009.0,True,True
2014-04-11,556.0,936.0,782.0,1789.0,103.68,107.34,60.18,52.940582275390625,37.69830322265625,62.88821792602539,76.1877670288086,97.10501098632812,876,14.6,34.2,0.0,1009.3,True,True
2014-04-12,,,,,,,,62.67866897583008,43.74001693725586,67.75505828857422,76.50638580322266,96.36304473876953,1057,16.7,36.0,0.0,1008.6,False,False
2014-04-13,,,,,,,,46.283382415771484,26.36623764038086,65.97614288330078,80.33463287353516,94.44403839111328,501,16.2,36.0,0.2,1009.8,False,False
2014-04-14,549.0,927.0,778.0,1765.0,104.05,107.68,60.32,125.00255584716797,62.308895111083984,170.76438903808594,90.0546875,95.35419464111328,742,17.7,36.7,0.0,1010.2,True,True
2014-04-15,543.0,921.0,777.0,1724.0,103.7,109.1,60.34,129.5658721923828,60.27796173095703,172.38095092773438,92.00125885009766,96.07489013671875,767,19.1,36.7,0.0,1009.6,True,True
2014-04-16,536.0,916.0,792.0,1613.0,103.71,109.71,60.22,143.8509521484375,119.50679779052734,172.7794952392578,92.20392608642578,96.36302185058594,829,18.9,38.9,0.0,1007.7,True,True
2014-04-17,533.0,909.0,812.0,1591.0,104.33,109.79,60.29,82.81419372558594,55.03952407836914,114.77099609375,91.87660217285156,92.65421295166016,960,18.5,39.6,0.0,1006.9,True,True
2014-04-18,,,,,,,60.29,95.13902282714844,43.11189651489258,129.45449829101562,97.90495300292969,90.72322082519531,766,15.4,35.6,0.0,1008.8,False,True
2014-04-19,,,,,,,,53.1260871887207,18.692668914794922,72.76048278808594,96.54029846191406,89.22846221923828,1060,16.3,37.4,0.0,1008.2,False,False
2014-04-20,,,,,,,,69.01182556152344,27.51976203918457,91.8167953491211,99.78721618652344,87.60720825195312,480,14.8,37.4,0.0,1007.6,False,False
2014-04-21,,,,,104.35,109.69,60.59,89.93396759033203,99.6190414428711,66.47370147705078,94.77742004394531,88.10910034179688,663,14.8,34.9,0.5,1008.5,False,True
2014-04-22,528.0,908.0,828.0,1616.0,101.69,108.54,60.8,135.49290466308594,121.10247039794922,124.3217544555664,95.62413787841797,89.80540466308594,709,17.2,36.0,0.0,1009.8,True,True
2014-04-23,524.0,909.0,840.0,1674.0,101.47,108.48,61.17,114.79195404052734,65.39349365234375,149.9977264404297,91.47285461425781,89.55896759033203,808,16.9,35.3,0.0,1008.1,True,True
2014-04-24,520.0,911.0,852.0,1692.0,102.2,109.79,61.11,66.78563690185547,39.94804000854492,88.8549575805664,89.18305969238281,87.09894561767578,992,20.2,42.5,0.1,1005.9,True,True
2014-04-25,517.0,909.0,864.0,1696.0,100.85,109.53,60.64,125.74397277832031,94.01768493652344,150.30506896972656,93.55519104003906,87.67435455322266,843,18.0,39.2,0.0,1005.8,True,True
2014-04-26,,,,,,,,65.6263427734375,31.154447555541992,88.35201263427734,95.3409423828125,86.95613861083984,1060,21.9,46.8,0.0,1006.0,False,False
2014-04-27,,,,,,,,81.62384796142578,67.81049346923828,101.80917358398438,97.14266204833984,85.93814086914062,487,21.8,45.4,0.0,1006.8,False,False
2014-04-28,517.0,912.0,868.0,1668.0,101.13,109.12,60.69,116.31206512451172,46.381622314453125,170.22215270996094,100.91095733642578,87.38092803955078,712,23.9,45.7,0.9,1006.6,True,True
2014-04-29,515.0,916.0,872.0,1613.0,101.56,109.89,60.23,125.793701171875,83.60433959960938,167.3622589111328,99.52536010742188,89.57451629638672,790,25.2,51.8,0.0,1006.1,True,True
2014-04-30,513.0,922.0,871.0,1600.0,100.07,108.63,60.21,182.05270385742188,94.691650390625,230.36473083496094,109.13404083251953,92.78234100341797,837,22.5,46.1,0.0,1006.1,True,True
2014-05-01,514.0,919.0,871.0,1716.0,99.69,108.63,60.11,79.18489074707031,52.62743377685547,104.25413513183594,110.90535736083984,91.39089965820312,1004,24.0,49.7,0.0,1005.1,True,True
2014-05-02,510.0,915.0,865.0,1829.0,100.09,109.48,60.02,92.11811828613281,44.080596923828125,134.81442260742188,106.10166931152344,91.30320739746094,899,22.9,46.4,0.0,1005.9,True,True
2014-05-03,,,,,,,,93.72142791748047,115.98572540283203,96.74354553222656,110.11524963378906,92.31734466552734,1025,25.4,50.4,0.0,1006.7,False,False
2014-05-04,,,,,,,,91.11188507080078,103.8073501586914,119.05516815185547,111.47068786621094,93.36934661865234,509,25.6,51.8,0.0,1006.3,False,False
2014-05-05,,,,,99.74,109.48,60.21,63.878719329833984,45.487205505371094,75.88164520263672,103.98020935058594,93.48368835449219,726,19.7,43.2,0.2,1008.1,False,True
2014-05-06,510.0,915.0,866.0,1691.0,99.81,108.3,59.97,111.76004791259766,124.78595733642578,126.38749694824219,101.97540283203125,96.55950164794922,741,20.0,43.2,0.1,1008.8,True,True
2014-05-07,509.0,917.0,869.0,1681.0,101.06,108.17,60.01,80.20745086669922,23.988168716430664,113.38150787353516,87.42607879638672,97.3343505859375,826,24.0,48.6,0.0,1007.3,True,True
2014-05-08,508.0,920.0,879.0,1613.0,100.52,108.19,60.06,121.40300750732422,55.32768630981445,167.2892303466797,93.45723724365234,97.51644897460938,955,26.2,51.5,0.0,1005.0,True,True
2014-05-09,506.0,918.0,898.0,1541.0,100.32,108.26,60.0,119.73136138916016,137.44808959960938,102.57736206054688,97.40198516845703,96.75975799560547,913,26.9,56.2,0.0,1003.4,True,True
2014-05-10,,,,,,,,50.381256103515625,56.504451751708984,47.13029098510742,91.21053314208984,95.60227966308594,1052,20.4,39.2,16.6,1004.9,False,False
2014-05-11,,,,,,,,94.45203399658203,94.16130065917969,112.19974517822266,91.68769836425781,96.98599243164062,491,19.2,34.6,3.0,1004.3,False,False
2014-05-12,504.0,909.0,910.0,1483.0,100.89,108.37,59.48,93.84044647216797,74.84127807617188,93.63752746582031,95.96794128417969,98.02471923828125,706,19.4,36.7,0.0,1004.3,True,True
2014-05-13,502.0,905.0,933.0,1453.0,102.01,108.78,59.44,114.07518005371094,78.73202514648438,131.340576171875,96.29867553710938,100.2844467163086,755,20.5,41.8,0.0,1004.4,True,True
2014-05-14,497.0,904.0,969.0,1496.0,102.63,109.87,59.49,113.31475067138672,105.43488311767578,119.35136413574219,101.02828979492188,99.89485168457031,877,17.7,34.9,0.0,1003.3,True,True
2014-05-15,490.0,904.0,1016.0,1546.0,101.74,109.74,59.38,60.22850036621094,66.71456909179688,50.081886291503906,92.28907775878906,97.58361053466797,990,16.3,31.3,0.0,1002.5,True,True
2014-05-16,485.0,901.0,1041.0,1530.0,102.31,110.9,58.62,79.4108657836914,82.93626403808594,100.62113952636719,86.52900695800781,95.43560791015625,876,18.6,33.5,0.0,1003.6,True,True
2014-05-17,,,,,,,,40.28379821777344,37.07058334350586,51.534217834472656,85.08650970458984,94.01792907714844,1069,18.8,39.6,0.0,1005.7,False,False
2014-05-18,,,,,,,,67.60342407226562,53.916263580322266,101.18585205078125,81.25099182128906,93.1000747680664,490,21.8,45.4,0.0,1005.8,False,False
2014-05-19,483.0,899.0,1054.0,1494.0,102.95,110.84,58.38,56.4642219543457,103.19910430908203,23.47588539123535,75.91153717041016,93.21134185791016,704,21.0,41.0,0.0,1005.7,True,True
2014-05-20,482.0,896.0,1061.0,1431.0,102.8,110.35,58.58,77.7395248413086,34.444549560546875,107.73809051513672,70.7207260131836,93.50226593017578,767,19.4,36.4,0.0,1004.4,True,True
2014-05-21,480.0,891.0,1056.0,1354.0,104.31,111.32,58.66,94.7530746459961,113.35370635986328,88.2449722290039,68.06906127929688,93.66290283203125,874,18.6,37.4,0.0,1002.1,True,True
2014-05-22,480.0,884.0,1028.0,1302.0,104.03,110.89,58.3,58.45708084106445,64.75238037109375,48.60889434814453,67.81600189208984,91.09503936767578,1020,18.4,40.0,0.0,1000.7,True,True
2014-05-23,480.0,872.0,1001.0,1358.0,105.01,110.19,58.36,110.1740951538086,139.12429809570312,103.82830810546875,72.21074676513672,90.94111633300781,902,17.1,35.6,0.0,1002.2,True,True
2014-05-24,,,,,,,,66.56834411621094,56.88294982910156,68.53311157226562,75.96568298339844,90.93386840820312,1045,21.4,45.0,0.9,1004.0,False,False
2014-05-25,,,,,,,,111.29180908203125,117.47565460205078,108.87366485595703,82.20687866210938,90.45213317871094,506,23.1,43.2,25.1,1004.7,False,False
2014-05-26,,,,,,110.01,,43.230899810791016,32.32337188720703,44.934810638427734,80.31640625,89.70561981201172,613,27.8,55.1,16.4,1005.0,False,False
2014-05-27,481.0,866.0,971.0,1457.0,104.78,109.81,58.9,68.70510864257812,68.49362182617188,57.13044738769531,79.02577209472656,89.27499389648438,675,33.6,70.2,18.1,1003.4,True,True
2014-05-28,481.0,855.0,940.0,1405.0,103.37,109.09,58.94,96.48255157470703,64.12371826171875,113.65670776367188,79.27284240722656,88.61400604248047,824,25.0,49.0,2.3,1004.6,True,True
2014-05-29,484.0,846.0,904.0,1379.0,104.26,109.98,58.9,114.96981048583984,114.61592864990234,119.50125122070312,87.34608459472656,88.25321197509766,922,20.7,42.1,0.0,1004.8,True,True
2014-05-30,485.0,839.0,872.0,1395.0,103.4,109.21,59.16,64.87747955322266,38.045753479003906,82.5081787109375,80.8751449584961,84.34737396240234,868,26.1,51.1,0.0,1002.6,True,True
2014-05-31,,,,,,,,48.314571380615234,54.186580657958984,45.19696044921875,78.26746368408203,83.318359375,1097,24.8,48.2,0.0,1001.6,False,False
2014-06-01,,,,,,,,34.79587936401367,55.50204086303711,11.573546409606934,67.33946990966797,81.40762329101562,476,22.7,46.1,0.6,1003.2,False,False
2014-06-02,485.0,830.0,846.0,1429.0,103.07,109.34,59.15,57.27783203125,38.06768035888672,79.38050842285156,69.34617614746094,80.19283294677734,694,23.1,44.6,1.0,1003.6,True,True
2014-06-03,485.0,829.0,816.0,1545.0,103.34,108.87,59.32,84.3966293334961,109.3779067993164,70.1784439086914,71.58782196044922,79.968994140625,785,18.8,38.2,1.4,1002.4,True,True
2014-06-04,484.0,829.0,786.0,1604.0,103.27,109.07,59.34,76.4748306274414,88.2772445678711,60.24431228637695,68.72957611083984,80.38886260986328,823,20.1,41.8,0.2,1001.6,True,True
2014-06-05,482.0,821.0,758.0,1689.0,103.17,108.43,59.24,107.98065185546875,138.9010009765625,75.3071517944336,67.73112487792969,80.26288604736328,951,19.0,37.8,0.0,1000.5,True,True
2014-06-06,481.0,811.0,727.0,1793.0,103.32,109.21,59.17,52.97283172607422,49.28912353515625,46.98514175415039,66.03046417236328,79.35506439208984,938,19.3,38.2,0.0,999.4,True,True
2014-06-07,,,,,,,,23.87436294555664,17.850656509399414,24.815349578857422,62.53900146484375,76.10411071777344,1110,23.1,46.8,0.3,998.2,False,False
2014-06-08,,,,,,,,69.8853988647461,55.73622131347656,81.35665130615234,67.55178833007812,74.44257354736328,474,20.8,46.4,0.1,997.5,False,False
2014-06-09,478.0,802.0,713.0,1846.0,105.09,110.55,59.18,75.93278503417969,75.69905853271484,63.1404914855957,70.21678161621094,75.29429626464844,698,21.4,45.4,0.0,997.4,True,True
2014-06-10,475.0,797.0,699.0,1903.0,105.02,109.18,59.18,114.51898193359375,126.85164642333984,84.64544677734375,74.51997375488281,75.96318817138672,781,20.9,41.8,0.0,998.0,True,True
2014-06-11,469.0,787.0,678.0,1864.0,105.04,109.83,59.32,130.0640106201172,153.97560119628906,114.91181182861328,82.17557525634766,77.17063903808594,815,18.4,36.4,0.0,997.5,True,True
2014-06-12,465.0,774.0,635.0,1792.0,107.2,112.18,59.19,87.9742202758789,107.94268035888672,84.40767669677734,79.31751251220703,76.30061340332031,979,15.0,30.6,0.0,995.9,True,True
2014-06-13,459.0,760.0,582.0,1730.0,107.49,113.15,59.64,99.44561767578125,102.55811309814453,91.24650573730469,85.95648193359375,75.83830261230469,966,13.8,33.1,0.0,995.5,True,True
2014-06-14,,,,,,,,74.20626831054688,118.36457061767578,34.554710388183594,93.1467514038086,76.30422973632812,1116,19.6,31.3,0.4,997.6,False,False
2014-06-15,,,,,,,,65.59539794921875,78.4721908569336,87.27140808105469,92.53389739990234,75.84371948242188,505,17.3,34.9,0.0,998.3,False,False
2014-06-16,450.0,748.0,542.0,1695.0,107.52,113.42,60.16,135.30911254882812,159.87274169921875,108.34659576416016,101.01622772216797,79.01123046875,661,14.8,32.0,0.0,998.2,True,True
2014-06-17,446.0,740.0,514.0,1676.0,106.95,114.02,60.32,207.0354766845703,228.35545349121094,205.12261962890625,114.23287200927734,83.6589584350586,752,16.6,33.5,3.7,997.4,True,True
2014-06-18,443.0,724.0,492.0,1767.0,106.64,114.25,60.28,144.5634307861328,189.41281127929688,123.64356231689453,116.30421447753906,86.5956039428711,802,14.5,33.5,48.3,996.9,True,True
2014-06-19,442.0,715.0,474.0,1919.0,107.08,115.19,60.09,104.74522399902344,110.9492416381836,97.98629760742188,118.7000732421875,87.49578857421875,1012,15.8,32.0,21.8,996.9,True,True
2014-06-20,441.0,708.0,461.0,1950.0,107.95,114.55,60.23,143.6958465576172,158.33287048339844,188.66464233398438,125.02153778076172,89.1272201538086,876,22.4,48.2,45.5,997.3,True,True
2014-06-21,,,,,,,,89.03101348876953,85.69638061523438,91.90188598632812,127.13935852050781,90.14634704589844,1079,23.3,42.8,13.7,999.8,False,False
2014-06-22,,,,,,,,102.8747787475586,54.697662353515625,148.27557373046875,132.46498107910156,89.90303802490234,483,22.7,41.8,2.0,1000.5,False,False
2014-06-23,440.0,704.0,452.0,1896.0,106.83,113.62,60.14,129.00125122070312,101.04613494873047,137.916748046875,131.56385803222656,91.98413848876953,719,19.3,36.4,5.1,999.1,True,True
2014-06-24,438.0,701.0,446.0,1848.0,106.64,113.74,60.14,155.02163696289062,146.41055297851562,162.82781982421875,124.13330841064453,93.4417953491211,812,14.1,28.1,0.0,997.1,True,True
2014-06-25,433.0,694.0,433.0,1799.0,107.04,112.84,60.11,94.64479064941406,125.80462646484375,98.37513732910156,117.0020751953125,95.15559387207031,840,15.1,33.1,2.9,998.4,True,True
2014-06-26,427.0,687.0,423.0,1748.0,106.49,112.61,60.17,95.01924896240234,84.92745208740234,103.53228759765625,115.61265563964844,96.03273010253906,1011,16.0,31.3,24.0,1001.8,True,True
2014-06-27,420.0,679.0,419.0,1773.0,106.46,112.62,60.04,136.6387939453125,125.17349243164062,159.68138122558594,114.60449981689453,97.37126922607422,897,14.2,32.8,4.9,1003.1,True,True
2014-06-28,,,,,,,,76.96761322021484,88.5354232788086,68.92413330078125,112.88115692138672,96.10453033447266,1119,15.5,30.2,8.4,1002.3,False,False
2014-06-29,,,,,,,,91.17159271240234,75.74246215820312,101.08270263671875,111.20927429199219,96.98100280761719,436,15.8,34.2,13.4,1000.2,False,False
2014-06-30,413.0,678.0,423.0,1871.0,106.07,111.03,60.06,84.09903717041016,111.78690338134766,77.70109558105469,104.79467010498047,98.17382049560547,709,12.6,28.8,35.5,1000.2,True,True
2014-07-01,409.0,675.0,446.0,2045.0,106.06,110.84,60.05,127.72338104248047,106.79310607910156,143.89199829101562,100.8949203491211,101.27140045166016,804,18.7,46.4,6.5,1001.4,True,True
2014-07-02,408.0,676.0,485.0,1999.0,105.18,110.18,59.69,134.72164916992188,118.50614166259766,138.38417053222656,106.62018585205078,103.85285949707031,836,21.1,42.8,7.6,1000.0,True,True
2014-07-03,404.0,677.0,557.0,1935.0,104.76,108.98,59.74,93.11001586914062,99.96367645263672,83.37957763671875,106.34744262695312,104.143310546875,925,14.6,33.1,0.0,998.4,True,True
2014-07-04,403.0,680.0,640.0,1864.0,,,,92.0157699584961,45.866268157958984,122.42239379882812,99.97272491455078,104.66133880615234,720,13.5,34.2,2.0,998.7,True,False
2014-07-05,,,,,,,,73.1883316040039,95.16919708251953,47.62831115722656,99.43282318115234,103.50159454345703,1041,15.4,34.6,8.1,1000.5,False,False
2014-07-06,,,,,,,,90.96295928955078,30.22765350341797,126.06425476074219,99.40302276611328,104.76793670654297,437,23.3,47.9,2.2,1002.9,False,False
2014-07-07,402.0,682.0,680.0,1808.0,104.19,108.7,60.013,124.0274887084961,175.16477966308594,120.32154083251953,105.10708618164062,108.10636901855469,641,22.2,42.5,1.3,1002.3,True,True
2014-07-08,400.0,686.0,704.0,1755.0,104.06,107.65,59.78,114.51898193359375,143.7652130126953,112.860595703125,103.22074127197266,109.59415435791016,781,16.7,35.6,11.4,999.8,True,True
2014-07-09,397.0,687.0,710.0,1648.0,102.93,106.84,59.75,109.20553588867188,96.77278900146484,147.9831085205078,99.5755844116211,110.7032470703125,819,12.7,29.5,15.5,998.4,True,True
2014-07-10,393.0,684.0,702.0,1523.0,103.61,106.2,60.19,75.13040161132812,68.09012603759766,68.15267181396484,97.00706481933594,109.39029693603516,970,14.7,26.3,24.1,998.4,True,True
2014-07-11,390.0,681.0,679.0,1465.0,101.48,105.77,60.08,116.42811584472656,82.3720703125,137.4128875732422,100.49454498291016,108.9357681274414,882,9.7,25.9,4.3,997.7,True,True
2014-07-12,,,,,,,,57.9457893371582,89.86044311523438,32.122493743896484,98.3170394897461,107.93482208251953,1029,13.4,30.2,11.2,996.3,False,False
2014-07-13,,,,,,,,123.22461700439453,115.61912536621094,144.6566619873047,102.92584991455078,108.72745513916016,457,14.3,23.8,8.6,996.2,False,False
2014-07-14,385.0,679.0,666.0,1422.0,101.73,104.73,60.11,151.0289306640625,200.75205993652344,150.70233154296875,106.78319549560547,111.2882080078125,658,12.6,30.2,9.0,996.3,True,True
2014-07-15,380.0,675.0,644.0,1377.0,100.56,104.73,60.15,97.30403137207031,67.48140716552734,133.67962646484375,104.32391357421875,112.34516143798828,783,21.3,37.4,10.4,996.7,True,True
2014-07-16,377.0,671.0,621.0,1289.0,101.88,105.41,60.12,160.0869140625,130.9490509033203,184.3162384033203,111.59268188476562,113.17108917236328,807,22.6,40.7,4.3,999.0,True,True
2014-07-17,373.0,666.0,603.0,1248.0,103.84,106.04,60.35,147.45384216308594,143.58135986328125,165.38429260253906,121.92460632324219,111.1850357055664,966,19.9,36.7,8.6,999.5,True,True
2014-07-18,372.0,660.0,586.0,1235.0,103.83,106.03,60.33,207.27992248535156,241.7320098876953,273.1739196777344,134.9034423828125,113.27558135986328,847,19.1,38.2,28.6,998.9,True,True
2014-07-19,,,,,,,,173.84658813476562,144.95140075683594,231.29421997070312,151.460693359375,115.57896423339844,1048,20.1,40.3,50.6,997.6,False,False
2014-07-20,,,,,,,,116.2304458618164,115.8726806640625,157.05503845214844,150.46151733398438,114.6634521484375,456,22.4,43.2,26.2,995.1,False,False
2014-07-21,369.0,659.0,576.0,1194.0,105.34,105.71,60.24,203.44903564453125,93.61052703857422,286.2948913574219,157.95010375976562,118.47738647460938,635,31.1,59.0,7.6,992.9,True,True
2014-07-22,364.0,659.0,576.0,1191.0,104.59,106.48,60.16,208.98077392578125,106.38511657714844,303.1802978515625,173.9039306640625,122.01425170898438,745,29.4,58.3,0.6,997.3,True,True
2014-07-23,361.0,661.0,584.0,1198.0,103.81,106.85,60.0,217.15283203125,102.33808135986328,308.6094970703125,182.05621337890625,124.95263671875,839,19.1,36.4,0.1,1000.0,True,True
2014-07-24,358.0,661.0,596.0,1201.0,102.76,105.78,60.11,119.6003646850586,101.16673278808594,126.57456970214844,178.07713317871094,123.77192687988281,914,15.8,32.8,0.2,1001.0,True,True
2014-07-25,357.0,666.0,606.0,1193.0,105.23,106.89,60.04,180.27578735351562,127.30229187011719,212.36537170410156,174.2194061279297,126.62628936767578,882,16.7,46.1,0.0,1001.6,True,True
2014-07-26,,,,,,,,131.2224884033203,63.81393814086914,170.32679748535156,168.1302490234375,127.83306884765625,1035,12.3,26.3,4.8,1001.7,False,False
2014-07-27,,,,,,,,110.41893005371094,146.77206420898438,110.1801528930664,167.30003356933594,126.95907592773438,450,13.2,28.8,2.7,1000.1,False,False
2014-07-28,358.0,679.0,616.0,1187.0,105.68,106.7,60.13,149.43914794921875,158.91110229492188,165.6844482421875,159.58433532714844,129.37478637695312,665,18.7,36.0,2.6,997.4,True,True
2014-07-29,357.0,684.0,624.0,1195.0,104.91,106.98,60.12,169.99307250976562,164.88954162597656,175.73809814453125,154.01466369628906,132.00216674804688,721,10.7,24.5,8.8,996.8,True,True
2014-07-30,356.0,688.0,625.0,1200.0,104.29,106.47,60.4,202.2324676513672,112.9015884399414,269.0602111816406,151.8831787109375,135.93995666503906,819,14.3,27.0,10.8,998.1,True,True
2014-07-31,355.0,704.0,619.0,1195.0,98.23,104.94,60.55,141.76959228515625,103.41455078125,166.76536560058594,155.0502166748047,136.4081573486328,958,21.0,41.4,6.7,999.3,True,True
2014-08-01,357.0,716.0,611.0,1176.0,97.86,103.45,61.2,151.29515075683594,142.8910675048828,152.29226684570312,150.91012573242188,136.9606170654297,832,18.4,33.1,13.7,999.7,True,True
2014-08-02,,,,,,,,47.034427642822266,46.889652252197266,55.872291564941406,138.8832550048828,135.4247589111328,986,20.7,37.1,27.7,998.2,False,False
2014-08-03,,,,,,,,36.16340255737305,43.262508392333984,48.11360549926758,128.27532958984375,133.56301879882812,458,23.2,41.4,37.7,996.3,False,False
2014-08-04,356.0,728.0,610.0,1178.0,98.26,103.63,60.94,155.696044921875,192.68292236328125,151.7878875732422,129.16915893554688,136.31326293945312,617,27.1,49.7,41.9,994.6,True,True
2014-08-05,357.0,740.0,609.0,1163.0,97.34,102.82,61.05,172.57949829101562,210.28125,151.477783203125,129.5386505126953,139.0338134765625,691,28.8,56.2,1.7,997.1,True,True
2014-08-06,358.0,753.0,609.0,1153.0,96.93,104.17,61.25,159.5406494140625,125.56544494628906,195.50344848632812,123.43982696533203,140.21759033203125,789,16.9,34.2,1.4,999.9,True,True
2014-08-07,360.0,767.0,616.0,1150.0,97.34,104.02,61.2,177.72909545898438,128.17422485351562,226.39756774902344,128.57688903808594,142.32460021972656,876,13.4,31.7,1.6,1000.0,True,True
2014-08-08,363.0,785.0,624.0,1166.0,97.61,103.36,61.18,212.3964385986328,105.87133026123047,285.3000183105469,137.30564880371094,145.76429748535156,811,13.7,35.6,4.5,1000.2,True,True
2014-08-09,,,,,,,,142.10252380371094,119.6283187866211,157.55026245117188,150.88681030273438,147.9967041015625,1049,17.0,37.4,10.2,1001.7,False,False
2014-08-10,,,,,,,,117.51902770996094,87.86797332763672,158.79623413085938,162.509033203125,148.03306579589844,451,18.4,39.2,21.6,1002.9,False,False
2014-08-11,366.0,804.0,634.0,1197.0,98.09,103.47,61.17,206.7042236328125,158.51382446289062,246.80352783203125,169.79592895507812,152.99166870117188,625,21.9,43.9,5.4,1002.6,True,True
2014-08-12,370.0,819.0,651.0,1350.0,97.36,101.68,61.09,150.57125854492188,131.3443145751953,187.8070831298828,166.65188598632812,153.90322875976562,704,21.9,43.6,2.3,1001.7,True,True
2014-08-13,373.0,829.0,674.0,1546.0,97.57,102.27,61.22,165.8466033935547,95.72090911865234,210.4890899658203,167.552734375,154.39715576171875,759,18.4,37.8,8.8,1001.3,True,True
2014-08-14,376.0,845.0,739.0,1882.0,95.54,101.15,60.77,106.74224090576172,56.75396728515625,136.09793090820312,157.41175842285156,154.71176147460938,931,19.2,47.2,5.4,1002.2,True,True
2014-08-15,382.0,861.0,803.0,2151.0,97.3,101.13,60.77,131.8223419189453,84.78488159179688,155.58172607421875,145.9011688232422,153.7696075439453,779,17.6,36.7,12.6,1003.7,True,True
2014-08-16,,,,,,,,83.90495300292969,40.15040969848633,117.21292114257812,137.5872344970703,151.65130615234375,987,14.9,30.2,8.7,1004.6,False,False
2014-08-17,,,,,,,,79.55948638916016,57.68334197998047,84.19880676269531,132.16444396972656,147.3939666748047,458,13.0,31.3,11.9,1004.6,False,False
2014-08-18,387.0,877.0,836.0,2254.0,96.44,99.37,60.77,115.86087036132812,73.50270080566406,140.1337432861328,119.18682098388672,145.4611053466797,629,15.3,33.8,3.0,1006.4,True,True
2014-08-19,394.0,889.0,837.0,2256.0,94.35,99.74,60.67,216.1544952392578,140.0679473876953,260.62188720703125,128.5558624267578,148.79190063476562,613,14.7,32.4,1.1,1007.2,True,True
2014-08-20,399.0,902.0,828.0,2380.0,96.4,99.92,60.58,123.02521514892578,145.3588409423828,113.66590118408203,122.43851470947266,146.11111450195312,727,15.8,34.6,9.8,1005.5,True,True
2014-08-21,406.0,912.0,818.0,2578.0,93.97,100.28,60.56,153.53732299804688,214.29058837890625,127.67109680175781,129.12351989746094,144.26300048828125,863,15.9,33.8,21.1,1003.9,True,True
2014-08-22,413.0,925.0,812.0,2535.0,93.61,100.09,60.47,109.5760269165039,92.43278503417969,126.16048431396484,125.94548034667969,140.67710876464844,786,18.1,37.8,10.0,1004.5,True,True
2014-08-23,,,,,,,,108.71361541748047,82.87804412841797,132.9393768310547,129.4895782470703,140.314208984375,1036,24.3,46.8,0.5,1006.3,False,False
2014-08-24,,,,,,,,66.78563690185547,39.94804000854492,77.74809265136719,127.66474151611328,136.5312042236328,496,16.1,33.5,1.5,1006.1,False,False
2014-08-25,,,,,95.39,100.49,60.56,167.60015869140625,167.08425903320312,139.36477661132812,135.05606079101562,137.74380493164062,672,15.8,31.0,0.9,1005.5,False,True
2014-08-26,420.0,937.0,808.0,2430.0,95.78,100.5,60.43,118.14370727539062,81.54003143310547,136.02488708496094,121.05452728271484,138.0012969970703,729,15.1,32.8,3.0,1004.3,True,True
2014-08-27,427.0,944.0,811.0,2366.0,95.82,100.4,60.45,143.0821075439453,138.3192138671875,165.8470916748047,123.9197998046875,137.7893829345703,764,14.6,32.8,1.9,1002.1,True,True
2014-08-28,437.0,952.0,842.0,2551.0,96.44,100.71,60.51,97.53470611572266,72.02554321289062,120.15283203125,115.91942596435547,135.37411499023438,917,17.3,34.9,6.5,1001.5,True,True
2014-08-29,442.0,963.0,871.0,2627.0,97.86,101.12,61.51,157.33633422851562,84.78488159179688,219.2288055419922,122.74232482910156,133.87757873535156,779,20.2,40.7,17.5,1000.9,True,True
2014-08-30,,,,,,,,127.5322265625,78.23979187011719,179.46421813964844,125.43069458007812,133.4029998779297,1013,16.9,38.2,14.5,1000.9,False,False
2014-08-31,,,,,,,,103.73385620117188,96.5202407836914,115.0105972290039,130.70901489257812,131.81761169433594,479,17.3,33.8,17.2,999.4,False,False
2014-09-01,450.0,970.0,888.0,2606.0,,,,227.84857177734375,139.7829132080078,310.91400146484375,139.31593322753906,137.84475708007812,567,27.4,55.4,16.6,999.0,True,False
2014-09-02,456.0,977.0,903.0,2568.0,92.92,100.21,60.69,219.2826690673828,139.5368194580078,294.8482971191406,153.7643585205078,143.94873046875,710,21.8,43.6,11.4,1003.1,True,True
2014-09-03,462.0,983.0,919.0,2489.0,95.5,100.88,60.41,184.26419067382812,133.59783935546875,215.90293884277344,159.6475067138672,144.9010009765625,791,13.3,25.9,28.0,1004.7,True,True
2014-09-04,466.0,988.0,927.0,2464.0,94.51,101.21,60.38,219.8441925048828,133.7293243408203,297.44921875,177.1202850341797,146.4764862060547,889,18.3,40.0,24.1,1003.3,True,True
2014-09-05,469.0,993.0,931.0,2483.0,93.32,99.51,60.26,117.66925048828125,85.31422424316406,142.3209686279297,171.4535675048828,145.08078002929688,929,18.2,32.4,45.4,1000.4,True,True
2014-09-06,,,,,,,,101.83300018310547,95.54781341552734,124.52548217773438,167.78224182128906,142.5509033203125,1106,18.1,48.6,29.4,997.4,False,False
2014-09-07,,,,,,,,78.72647094726562,84.5213851928711,80.57049560546875,164.2097625732422,138.09524536132812,547,24.8,49.0,4.8,1000.9,False,False
2014-09-08,472.0,997.0,940.0,2519.0,92.64,99.53,60.29,147.0210418701172,128.2474365234375,160.45652770996094,152.66297912597656,138.25918579101562,721,24.0,50.0,0.7,1004.0,True,True
2014-09-09,472.0,995.0,940.0,2596.0,92.73,98.08,60.6,110.5606689453125,118.69883728027344,99.00655364990234,137.13125610351562,138.02725219726562,779,14.3,31.7,2.5,1004.3,True,True
2014-09-10,474.0,1001.0,916.0,2602.0,91.71,96.26,60.95,131.67970275878906,155.88833618164062,116.33929443359375,129.6191864013672,135.52642822265625,805,13.4,30.6,5.8,1004.1,True,True
2014-09-11,476.0,1003.0,895.0,2570.0,92.89,96.42,60.93,118.18185424804688,76.23522186279297,156.07891845703125,115.09600067138672,134.44677734375,953,11.2,27.0,2.4,1005.4,True,True
2014-09-12,477.0,1000.0,875.0,2546.0,92.18,96.31,60.95,168.17050170898438,171.5517578125,175.61180114746094,122.31046295166016,134.5242462158203,847,11.2,26.3,6.5,1005.5,True,True
2014-09-13,,,,,,,,99.93549346923828,76.18602752685547,112.42872619628906,122.03939056396484,134.29736328125,1127,9.8,24.8,8.0,1004.1,False,False
2014-09-14,,,,,,,,101.92516326904297,139.71571350097656,127.13095092773438,125.3534927368164,133.30078125,520,10.5,25.2,2.8,1003.6,False,False
2014-09-15,479.0,1006.0,860.0,2523.0,92.86,96.43,61.03,112.8726806640625,136.98724365234375,97.93791198730469,120.47515106201172,134.26637268066406,675,11.0,26.3,6.4,1002.8,True,True
2014-09-16,484.0,1016.0,843.0,2442.0,94.91,97.39,61.06,157.3469696044922,140.3507843017578,179.04273986816406,127.1589126586914,136.85928344726562,800,11.9,29.9,2.2,1001.0,True,True
2014-09-17,488.0,1028.0,829.0,2342.0,94.33,97.7,60.9,159.79791259765625,189.44503784179688,150.8333282470703,131.17579650878906,138.3238525390625,767,15.5,35.6,3.8,1000.4,True,True
2014-09-18,494.0,1031.0,819.0,2192.0,93.07,96.82,60.78,118.05796813964844,96.9249496459961,127.04210662841797,131.15809631347656,135.05397033691406,954,17.9,40.0,4.6,1001.9,True,True
2014-09-19,498.0,1030.0,814.0,2112.0,92.43,96.75,60.8,132.80625915527344,90.7868423461914,176.69212341308594,126.10606384277344,135.3800048828125,873,17.0,36.7,13.9,1001.5,True,True
2014-09-20,,,,,,,,76.32644653320312,91.30980682373047,60.92911911010742,122.73334503173828,132.8063201904297,1085,27.9,52.9,12.6,1000.0,False,False
2014-09-21,,,,,,,,79.82090759277344,79.57521057128906,88.49810791015625,119.57559204101562,131.81446838378906,498,19.5,40.0,5.3,1002.5,False,False
2014-09-22,505.0,1029.0,809.0,2118.0,91.46,95.37,60.93,80.6785888671875,141.93572998046875,47.35536575317383,114.97643280029297,130.87997436523438,698,15.3,34.6,28.1,1004.8,True,True
2014-09-23,513.0,1032.0,800.0,2077.0,91.55,94.87,61.04,179.1758270263672,182.98098754882812,159.8920440673828,118.09484100341797,134.62631225585938,758,12.3,25.9,1.0,1005.2,True,True
2014-09-24,521.0,1041.0,798.0,1967.0,93.6,94.53,60.93,146.8816375732422,161.84317016601562,134.99317932128906,116.24966430664062,133.93569946289062,857,12.1,27.0,1.2,1006.2,True,True
2014-09-25,525.0,1045.0,799.0,1837.0,93.59,95.2,61.33,107.52838134765625,103.73941040039062,121.1404800415039,114.74543762207031,133.58184814453125,955,11.9,25.2,1.4,1007.7,True,True
2014-09-26,526.0,1046.0,807.0,1852.0,95.55,95.08,61.14,151.3148193359375,163.08006286621094,129.2236328125,117.38951873779297,133.8562774658203,810,14.0,25.6,0.3,1009.0,True,True
2014-09-27,,,,,,,,128.7447509765625,111.00408172607422,138.88255310058594,124.87784576416016,134.8966064453125,952,10.7,20.5,0.0,1010.5,False,False
2014-09-28,,,,,,,,60.10707473754883,93.21208953857422,22.2137393951416,122.06158447265625,131.6556396484375,496,10.2,21.2,0.0,1010.8,False,False
2014-09-29,528.0,1053.0,812.0,1922.0,94.53,95.7,61.53,101.27595520019531,109.3779067993164,98.24981689453125,125.00406646728516,130.78042602539062,785,8.9,20.5,0.2,1009.9,True,True
2014-09-30,529.0,1054.0,826.0,1915.0,91.17,94.67,61.92,97.30403137207031,59.046226501464844,126.64385223388672,113.30809020996094,130.56610107421875,783,8.8,22.3,0.2,1009.7,True,True
2014-10-01,531.0,1051.0,854.0,1853.0,90.74,94.57,61.71,108.3355484008789,41.53926086425781,145.52096557617188,107.80150604248047,126.58232879638672,795,8.0,23.0,1.5,1009.9,True,True
2014-10-02,531.0,1045.0,878.0,1788.0,91.02,91.29,61.61,57.60987091064453,64.61161041259766,53.89246368408203,100.67029571533203,121.1932373046875,920,8.2,19.4,2.5,1009.5,True,True
2014-10-03,530.0,1033.0,887.0,1758.0,89.76,90.8,61.81,103.98194122314453,96.25746154785156,104.99230194091797,93.90845489501953,118.51716613769531,892,7.9,20.9,1.9,1008.6,True,True
2014-10-04,,,,,,,,81.08733367919922,77.84375,79.91307830810547,87.10025024414062,113.89193725585938,1103,7.3,23.0,1.5,1009.0,False,False
2014-10-05,,,,,,,,50.47722244262695,62.902313232421875,31.480043411254883,85.72455596923828,111.6521987915039,525,9.7,22.0,0.4,1009.9,False,False
2014-10-06,530.0,1028.0,889.0,1735.0,90.33,90.65,61.68,95.29304504394531,126.66629028320312,75.46585845947266,84.86985778808594,111.4342041015625,730,11.9,29.9,3.1,1010.0,True,True
2014-10-07,528.0,1017.0,884.0,1698.0,88.89,90.9,61.28,67.60342407226562,71.3597640991211,59.52109146118164,80.62691497802734,111.06343078613281,833,10.7,28.1,2.9,1008.8,True,True
2014-10-08,523.0,1007.0,869.0,1632.0,87.29,90.25,61.38,80.9824447631836,76.88874053955078,96.19920349121094,76.71932983398438,108.86214447021484,859,9.9,28.1,1.8,1008.5,True,True
2014-10-09,520.0,993.0,864.0,1580.0,85.76,90.47,60.92,75.36348724365234,54.64109802246094,91.15214538574219,79.25555419921875,107.68891143798828,967,14.3,31.0,0.2,1007.7,True,True
2014-10-10,516.0,980.0,865.0,1544.0,85.87,88.66,61.27,121.7016830444336,98.5782470703125,132.82337951660156,81.78694915771484,107.35630798339844,871,23.8,48.2,6.2,1005.7,True,True
2014-10-11,,,,,,,,64.35458374023438,13.506630897521973,95.75984954833984,79.39655303955078,105.56206512451172,978,21.6,42.5,23.8,1004.1,False,False
2014-10-12,,,,,,,,41.06488800048828,27.29232406616211,45.528987884521484,78.05193328857422,101.32521057128906,484,30.9,57.6,45.5,1004.4,False,False
2014-10-13,513.0,970.0,868.0,1521.0,85.73,87.82,,80.6785888671875,66.2366714477539,86.81816864013672,75.96415710449219,100.68331146240234,698,29.7,56.5,1.1,1007.6,True,True
2014-10-14,510.0,959.0,885.0,1485.0,81.72,86.36,61.38,70.293212890625,43.79802703857422,80.3701400756836,76.3484115600586,99.62891387939453,754,16.6,37.1,0.5,1010.9,True,True
2014-10-15,506.0,952.0,909.0,1376.0,81.82,84.02,61.42,89.52886199951172,62.089237213134766,97.10354614257812,77.56932830810547,98.85079193115234,851,6.5,20.2,5.0,1012.4,True,True
2014-10-16,503.0,944.0,940.0,1315.0,82.33,84.02,61.8,68.58318328857422,34.186038970947266,85.5436019897461,76.60071563720703,95.89199829101562,966,6.7,19.8,3.5,1011.9,True,True
2014-10-17,501.0,933.0,966.0,1362.0,82.8,85.27,61.46,86.50884246826172,86.24256134033203,83.92394256591797,71.57316589355469,93.44902801513672,919,11.6,27.0,3.6,1012.1,True,True
2014-10-18,,,,,,,,51.01163101196289,76.28191375732422,47.71998977661133,69.66703033447266,91.21414947509766,1039,10.8,25.9,1.7,1011.6,False,False
2014-10-19,,,,,,,,57.66558837890625,51.10052490234375,53.278602600097656,72.03855895996094,88.70945739746094,517,6.7,19.8,0.1,1011.2,False,False
2014-10-20,498.0,923.0,995.0,1512.0,82.76,84.42,61.2,75.8603286743164,50.41788101196289,92.51768493652344,71.35023498535156,88.69392395019531,655,10.7,23.4,0.0,1011.9,True,True
2014-10-21,498.0,916.0,1032.0,2003.0,83.25,85.17,61.14,60.74390411376953,64.59406280517578,60.612552642822266,69.98604583740234,88.05802154541016,818,10.5,25.2,0.3,1013.3,True,True
2014-10-22,496.0,911.0,1066.0,2186.0,80.52,86.38,61.18,78.49686431884766,78.2552490234375,84.85437774658203,68.41004943847656,87.98529815673828,844,11.0,27.0,0.0,1013.8,True,True
2014-10-23,491.0,907.0,1099.0,2258.0,82.81,85.94,61.16,74.2879638671875,114.45526885986328,50.541351318359375,69.22502136230469,84.4890365600586,981,7.7,19.8,0.0,1012.8,True,True
2014-10-24,489.0,906.0,1121.0,2422.0,81.27,86.0,61.16,91.68357849121094,87.42739868164062,86.18183135986328,69.96426391601562,82.64910125732422,831,7.6,17.3,0.0,1011.9,True,True
2014-10-25,,,,,,,,111.97412109375,99.22618103027344,129.31942749023438,78.6731948852539,82.79729461669922,1065,5.8,15.1,0.0,1011.7,False,False
2014-10-26,,,,,,,,37.7142448425293,50.13087463378906,20.90704917907715,75.822998046875,79.01060485839844,527,10.5,24.5,0.0,1013.5,False,False
2014-10-27,485.0,900.0,1137.0,2852.0,81.26,85.64,61.28,96.68016815185547,142.0374755859375,59.23664093017578,78.7972640991211,77.94178771972656,651,13.7,33.5,0.0,1013.4,True,True
2014-10-28,481.0,899.0,1172.0,3436.0,81.36,85.57,61.17,139.37872314453125,101.89645385742188,146.80384826660156,90.03080749511719,80.58417510986328,713,8.3,16.6,7.2,1012.1,True,True
2014-10-29,476.0,898.0,1202.0,3560.0,82.25,86.91,61.2,92.36563873291016,83.71029663085938,118.69851684570312,92.0120620727539,80.28716278076172,789,14.9,31.3,0.0,1011.9,True,True
2014-10-30,472.0,896.0,1222.0,3534.0,81.06,85.5,61.42,103.40233612060547,95.72090911865234,104.40705871582031,96.17125701904297,80.49044036865234,897,16.3,34.2,0.0,1011.6,True,True
2014-10-31,467.0,891.0,1233.0,3552.0,80.53,84.17,61.44,89.83234405517578,97.0188217163086,74.69841003417969,95.90679931640625,79.87366485595703,885,14.5,30.6,0.0,1011.2,True,True
2014-11-01,,,,,,,,97.52098083496094,131.718505859375,78.47589111328125,93.8420639038086,81.20404052734375,1053,10.9,27.0,0.0,1011.1,False,False
2014-11-02,,,,,,,,44.93793487548828,51.199554443359375,53.38185501098633,94.87401580810547,79.23590850830078,516,12.1,26.6,0.0,1011.7,False,False
2014-11-03,463.0,892.0,1241.0,3640.0,78.77,84.9,61.38,80.91041564941406,47.4478645324707,94.9828872680664,92.6211929321289,79.23001098632812,696,12.6,29.2,0.0,1011.4,True,True
2014-11-04,458.0,889.0,1238.0,3781.0,77.15,82.12,61.38,79.87751770019531,93.68428802490234,62.5135612487793,84.12102508544922,80.21001434326172,705,13.6,30.2,0.0,1010.4,True,True
2014-11-05,457.0,888.0,1224.0,3702.0,78.71,82.88,61.49,103.51773834228516,81.08500671386719,110.67202758789062,85.71417999267578,80.48417663574219,896,19.6,40.3,0.0,1009.8,True,True
2014-11-06,455.0,888.0,1205.0,3612.0,77.87,82.08,61.45,41.02251052856445,13.632080078125,56.85250473022461,76.80278015136719,79.59814453125,969,20.1,40.3,0.0,1008.8,True,True
2014-11-07,454.0,886.0,1183.0,3661.0,78.71,83.2,61.5,90.21154022216797,71.94709014892578,96.01756286621094,76.85694885253906,79.90577697753906,918,22.8,44.3,0.0,1010.0,True,True
2014-11-08,,,,,,,,62.501277923583984,23.73672103881836,84.14476776123047,71.85413360595703,79.47704315185547,1113,18.1,36.7,1.6,1011.3,False,False
2014-11-09,,,,,,,,67.19204711914062,93.77930450439453,55.872291564941406,75.03329467773438,77.66004943847656,493,12.5,25.2,1.1,1012.7,False,False
2014-11-10,451.0,881.0,1168.0,3613.0,77.43,82.9,61.52,57.861446380615234,67.29723358154297,40.094669342041016,71.74058532714844,77.44361114501953,687,6.7,16.2,0.0,1012.2,True,True
2014-11-11,451.0,879.0,1150.0,3419.0,77.85,80.94,,77.03646087646484,81.31694030761719,60.29010009765625,71.334716796875,78.64266967773438,731,9.9,24.1,0.0,1012.1,True,True
2014-11-12,451.0,876.0,1133.0,3229.0,77.16,80.42,61.4,57.4178352355957,35.22529220581055,80.79877471923828,64.74901580810547,77.8673095703125,750,10.2,24.8,0.1,1012.7,True,True
2014-11-13,451.0,873.0,1112.0,2972.0,74.13,77.74,61.55,61.54497528076172,14.436595916748047,90.31159210205078,67.68080139160156,77.57569885253906,915,6.4,15.1,1.1,1013.9,True,True
2014-11-14,450.0,873.0,1089.0,2931.0,75.91,77.51,61.7,77.44579315185547,84.22626495361328,81.96185302734375,65.85711669921875,77.17292785644531,941,6.2,18.7,0.0,1013.8,True,True
2014-11-15,,,,,,,,97.96873474121094,67.14617919921875,117.10459899902344,70.92389678955078,78.15245056152344,1082,7.3,14.8,0.0,1012.7,False,False
2014-11-16,,,,,,,,51.25830078125,12.775131225585938,74.59004211425781,68.64765167236328,76.97743225097656,517,8.2,16.6,0.1,1012.5,False,False
2014-11-17,451.0,875.0,1069.0,2971.0,75.64,76.86,61.82,136.548583984375,100.83576202392578,159.80328369140625,79.888671875,79.82866668701172,655,7.7,18.4,0.0,1013.3,True,True
2014-11-18,453.0,875.0,1061.0,3106.0,74.55,77.23,61.72,87.40283966064453,104.5605697631836,101.7494888305664,81.36958312988281,80.81990814208984,758,13.4,28.1,0.0,1014.7,True,True
2014-11-19,455.0,881.0,1055.0,3127.0,74.55,77.21,61.98,92.23857116699219,103.94873046875,73.36450958251953,86.3439712524414,81.3658447265625,826,11.3,26.6,0.0,1014.6,True,True
2014-11-20,457.0,904.0,1053.0,3130.0,75.63,77.61,61.92,89.15814208984375,82.04649353027344,114.0581283569336,90.28871154785156,82.31298828125,966,8.7,15.1,0.0,1013.6,True,True
2014-11-21,462.0,926.0,1055.0,3038.0,76.52,79.2,61.76,110.541748046875,88.16119384765625,128.68649291992188,95.0167007446289,83.38114929199219,899,7.8,15.5,0.0,1012.9,True,True
2014-11-22,,,,,,,,54.009254455566406,41.87789535522461,54.89047622680664,88.73677825927734,82.70519256591797,1104,9.2,17.6,0.0,1012.4,False,False
2014-11-23,,,,,,,,76.59115600585938,89.08130645751953,63.68794631958008,92.35575866699219,82.20211029052734,519,9.2,15.5,0.0,1012.9,False,False
2014-11-24,469.0,942.0,1059.0,2975.0,75.74,79.62,61.85,142.10719299316406,127.0142822265625,154.83897399902344,93.14984130859375,83.20655059814453,676,8.5,19.8,0.0,1013.6,True,True
2014-11-25,476.0,956.0,1064.0,2963.0,74.04,77.62,61.89,163.63818359375,105.81697082519531,183.87875366210938,104.04060363769531,87.40401458740234,749,13.0,28.8,0.0,1012.9,True,True
2014-11-26,482.0,970.0,1073.0,2612.0,73.7,77.39,61.78,119.0936508178711,140.7135467529297,117.3689956665039,107.87704467773438,88.15113067626953,751,7.2,16.2,0.0,1010.8,True,True
2014-11-27,487.0,980.0,1099.0,2347.0,,,,80.7943344116211,88.60020446777344,60.464717864990234,106.68222045898438,86.19831848144531,820,9.1,19.1,0.0,1011.5,True,False
2014-11-28,491.0,984.0,1120.0,2151.0,65.94,71.89,62.2,90.86843872070312,115.29475402832031,75.55995178222656,103.87174224853516,86.14840698242188,802,8.9,19.8,0.0,1012.3,True,True
2014-11-29,,,,,,,,49.09932327270508,65.26425170898438,32.6620979309082,103.17032623291016,84.33831024169922,1012,8.3,14.0,0.0,1012.3,False,False
2014-11-30,,,,,,,,83.9442138671875,115.8726806640625,53.69403076171875,104.22076416015625,84.14203643798828,513,8.7,15.1,0.0,1011.7,False,False
2014-12-01,492.0,986.0,1124.0,2025.0,68.98,70.87,61.94,57.56436538696289,52.170162200927734,60.92109298706055,92.14321899414062,82.81015014648438,633,8.7,20.2,0.0,1011.3,True,True
2014-12-02,495.0,989.0,1119.0,1898.0,66.99,71.13,61.8,108.90633392333984,144.76148986816406,60.37268829345703,84.32437896728516,84.94242858886719,730,8.4,14.0,0.0,1012.0,True,True
2014-12-03,498.0,987.0,1108.0,1677.0,67.3,70.13,61.85,88.44233703613281,48.0927848815918,113.65670776367188,79.94561767578125,85.19349670410156,824,9.2,14.4,0.0,1011.8,True,True
2014-12-04,498.0,984.0,1097.0,1452.0,66.73,68.48,61.78,89.80892944335938,103.30670928955078,74.67893981933594,81.2334213256836,85.52454376220703,959,8.4,16.9,0.0,1013.0,True,True
2014-12-05,499.0,980.0,1088.0,1282.0,65.89,68.0,61.9,62.501277923583984,70.09750366210938,51.971771240234375,77.18096923828125,84.1573257446289,848,8.2,23.0,0.0,1014.1,True,True
2014-12-06,,,,,,,,61.644256591796875,45.28226852416992,75.5397720336914,78.97309875488281,84.84471893310547,1021,8.0,25.2,0.0,1013.7,False,False
2014-12-07,,,,,,,,43.99995040893555,62.66359329223633,41.8140983581543,73.26677703857422,83.30432891845703,527,9.2,23.4,0.0,1013.2,False,False
2014-12-08,497.0,971.0,1081.0,1165.0,63.13,65.64,61.82,109.46703338623047,123.36444091796875,110.8133773803711,80.68144226074219,84.86985778808594,696,9.1,22.0,0.0,1013.5,True,True
2014-12-09,497.0,969.0,1066.0,1075.0,63.74,66.11,61.87,72.47573852539062,110.50405883789062,49.630699157714844,75.4770736694336,85.04598236083984,777,10.4,19.8,0.0,1014.9,True,True
2014-12-10,494.0,966.0,1047.0,979.0,60.99,63.32,62.1,107.7931900024414,173.59149169921875,75.84365844726562,78.24148559570312,86.71037292480469,799,10.2,21.6,0.0,1014.3,True,True
2014-12-11,492.0,960.0,1026.0,879.0,60.01,63.65,62.46,81.70773315429688,122.18434143066406,67.94254302978516,77.08416748046875,86.86608123779297,973,10.2,22.3,0.0,1014.7,True,True
2014-12-12,493.0,953.0,1001.0,763.0,57.81,61.67,62.52,77.55175018310547,80.99461364746094,67.55751037597656,79.23423767089844,87.5372085571289,897,13.0,31.0,0.0,1015.7,True,True
2014-12-13,,,,,,,,71.80872344970703,112.05029296875,31.153671264648438,80.6863021850586,87.87933349609375,1061,13.0,30.2,0.0,1015.9,False,False
2014-12-14,,,,,,,,88.24462890625,108.27445983886719,67.73370361328125,87.00697326660156,88.23929595947266,488,10.0,22.0,0.0,1015.3,False,False
2014-12-15,493.0,950.0,980.0,659.0,55.96,61.09,63.16,66.97259521484375,102.71761322021484,51.405982971191406,80.93634033203125,87.20609283447266,643,10.8,23.8,0.2,1014.8,True,True
2014-12-16,495.0,947.0,961.0,617.0,55.97,60.26,63.65,136.0686492919922,102.90675354003906,179.47190856933594,90.02104187011719,90.0331039428711,706,14.9,33.1,0.0,1015.3,True,True
2014-12-17,496.0,942.0,945.0,571.0,56.43,59.84,63.52,144.743896484375,131.929931640625,165.06390380859375,95.29971313476562,90.30628204345703,801,18.2,40.0,0.0,1015.7,True,True
2014-12-18,496.0,932.0,929.0,517.0,54.18,58.81,62.98,122.81765747070312,111.94478607177734,151.73114013671875,101.17255401611328,91.48677825927734,944,18.6,40.3,0.0,1017.7,True,True
2014-12-19,497.0,925.0,907.0,488.0,56.91,58.87,63.24,110.96691131591797,106.52810668945312,136.69993591308594,105.94615173339844,92.11105346679688,806,19.5,41.0,0.0,1018.3,True,True
2014-12-20,,,,,,,,73.45714569091797,90.66700744628906,46.53860855102539,106.181640625,91.58768463134766,947,15.5,31.3,0.0,1015.7,False,False
2014-12-21,,,,,,,,109.50636291503906,136.4616241455078,91.05797576904297,109.21903228759766,91.55317687988281,484,13.2,29.5,0.0,1014.3,False,False
2014-12-22,495.0,917.0,891.0,480.0,55.25,58.31,63.22,74.2015151977539,95.10829162597656,70.51529693603516,110.2517318725586,92.22624969482422,625,16.1,33.5,0.0,1014.4,True,True
2014-12-23,495.0,906.0,872.0,472.0,56.78,59.07,63.4,56.84593200683594,82.43048095703125,42.97197723388672,98.9342041015625,91.56807708740234,641,11.2,26.3,0.0,1014.9,True,True
2014-12-24,495.0,897.0,856.0,474.0,55.7,58.67,63.55,123.6417236328125,123.26113891601562,154.2179412841797,95.91960906982422,90.95256042480469,643,11.8,28.4,0.0,1015.9,True,True
2014-12-25,,,,,,,,44.02083206176758,21.942665100097656,54.90705490112305,84.66291809082031,86.96531677246094,301,14.9,33.8,0.0,1015.4,False,False
2014-12-26,,,,,54.59,58.72,,114.01953887939453,167.51158142089844,49.900428771972656,85.09900665283203,86.79618072509766,552,12.8,31.7,0.0,1013.8,False,True
2014-12-27,,,,,,,,60.82398223876953,65.3011245727539,46.68650436401367,83.29426574707031,86.13050079345703,708,18.0,37.8,0.0,1014.8,False,False
2014-12-28,,,,,,,,32.71672058105469,16.308006286621094,40.807464599609375,72.3243179321289,84.19210815429688,405,20.7,41.0,0.0,1015.6,False,False
2014-12-29,,,,,53.46,57.86,63.67,92.93777465820312,79.41574096679688,88.32076263427734,75.00093078613281,85.65338897705078,499,18.7,37.8,0.0,1014.2,False,True
2014-12-30,,,,,54.14,55.6,63.38,69.61613464355469,69.40184783935547,57.887996673583984,76.82524108886719,85.17578887939453,571,18.6,38.5,7.6,1012.6,False,True
2014-12-31,,,,,53.45,55.27,63.04,93.75191497802734,62.308895111083984,112.60550689697266,72.55526733398438,86.38204193115234,636,24.8,45.0,19.8,1012.3,False,True
2015-01-01,,,,,,,,74.57938385009766,49.56654739379883,82.6867904663086,76.9207763671875,85.23780822753906,533,28.3,47.5,109.6,1010.4,False,False
2015-01-02,488.0,887.0,827.0,456.0,52.72,55.38,63.27,106.85701751708984,117.18091583251953,97.7404556274414,75.8975601196289,85.85163116455078,620,19.4,35.6,2.7,1012.1,True,True
2015-01-03,,,,,,,,53.42850875854492,60.87320327758789,44.4274787902832,74.841064453125,84.63894653320312,868,5.8,15.5,0.0,1013.3,False,False
2015-01-04,,,,,,,,16.480436325073242,16.42970848083496,13.703998565673828,72.52159881591797,83.10491943359375,402,12.3,25.2,0.8,1013.2,False,False
2015-01-05,482.0,884.0,811.0,442.0,50.05,51.08,63.34,100.71996307373047,111.56658935546875,74.44605255126953,73.63333892822266,84.4074478149414,592,10.1,23.0,0.2,1012.9,True,True
2015-01-06,479.0,873.0,794.0,432.0,47.98,50.12,63.57,66.82413482666016,104.68611907958984,31.75220489501953,73.23448181152344,85.16825103759766,694,8.6,22.0,0.0,1013.6,True,True
2015-01-07,466.0,861.0,780.0,397.0,48.69,49.06,63.27,78.7603530883789,92.3740234375,61.63924789428711,71.09282684326172,84.14469146728516,715,7.9,16.6,0.0,1013.4,True,True
2015-01-08,455.0,843.0,776.0,335.0,48.8,49.43,62.67,168.6398162841797,232.1667022705078,133.55169677734375,84.530029296875,87.35016632080078,825,8.4,18.4,0.1,1013.8,True,True
2015-01-09,446.0,820.0,764.0,311.0,48.35,47.64,62.34,64.71438598632812,112.9015884399414,26.906021118164062,78.50965881347656,85.9142074584961,819,13.6,28.8,0.4,1015.3,True,True
2015-01-10,,,,,,,,138.7462921142578,228.22669982910156,92.2975082397461,90.69791412353516,87.81549072265625,955,13.4,29.5,0.0,1015.7,False,False
2015-01-11,,,,,,,,96.12361145019531,103.19910430908203,86.0782470703125,102.07550811767578,88.43455505371094,448,12.0,27.7,0.0,1016.2,False,False
2015-01-12,441.0,800.0,762.0,373.0,46.06,46.9,62.09,148.07835388183594,240.57008361816406,91.20873260498047,108.84099578857422,90.97687530517578,604,12.0,25.9,0.0,1015.6,True,True
2015-01-13,435.0,778.0,766.0,537.0,45.92,45.13,61.97,151.55538940429688,259.009521484375,79.21449279785156,120.9454574584961,93.08723449707031,765,13.9,29.2,0.0,1015.0,True,True
2015-01-14,429.0,763.0,766.0,557.0,48.49,45.82,62.09,88.3912582397461,151.0614471435547,77.00010681152344,122.32130432128906,93.80118560791016,787,10.5,27.0,0.0,1015.0,True,True
2015-01-15,425.0,752.0,766.0,585.0,46.37,47.66,62.06,132.78982543945312,257.6064147949219,23.87435531616211,117.19987487792969,93.69189453125,923,15.6,32.8,0.0,1015.0,True,True
2015-01-16,418.0,735.0,759.0,620.0,48.49,47.38,61.87,156.10951232910156,258.1163635253906,82.3185043334961,130.25631713867188,94.07074737548828,870,19.9,40.0,0.0,1014.6,True,True
2015-01-17,,,,,,,,108.23240661621094,156.9443817138672,70.90802001953125,125.8971939086914,93.5845718383789,1010,14.0,33.5,0.0,1014.7,False,False
2015-01-18,,,,,,,,78.12659454345703,109.04056549072266,51.971771240234375,123.3261947631836,92.4898910522461,424,14.2,30.6,0.0,1015.7,False,False
2015-01-19,415.0,716.0,751.0,662.0,,,,120.25823974609375,130.7869873046875,109.0892562866211,119.35189056396484,94.0499267578125,606,11.6,28.4,0.0,1016.3,True,False
2015-01-20,410.0,699.0,741.0,752.0,46.79,46.49,61.64,175.2919158935547,250.92645263671875,119.59854125976562,122.7428207397461,96.24278259277344,737,11.9,27.4,0.0,1018.1,True,True
2015-01-21,402.0,684.0,725.0,971.0,47.85,46.5,61.55,148.50863647460938,189.17694091796875,123.48958587646484,131.33102416992188,98.71968841552734,803,12.2,27.4,0.0,1019.6,True,True
2015-01-22,392.0,673.0,704.0,965.0,45.93,46.09,61.32,98.54320526123047,136.02444458007812,69.33533477783203,126.43864440917969,100.1095962524414,874,9.8,18.0,0.0,1018.6,True,True
2015-01-23,380.0,659.0,685.0,887.0,45.26,46.69,61.46,109.11988067626953,124.3245620727539,97.21778869628906,119.72583770751953,99.62553405761719,850,9.7,15.1,0.0,1016.1,True,True
2015-01-24,,,,,,,,97.71585845947266,123.39244079589844,92.08763885498047,118.22347259521484,101.41536712646484,1017,10.8,24.5,0.0,1016.3,False,False
2015-01-25,,,,,,,,110.41893005371094,141.5301971435547,91.8167953491211,122.836669921875,101.29534912109375,420,12.0,27.4,0.0,1017.4,False,False
2015-01-26,373.0,650.0,669.0,857.0,44.8,46.07,61.46,135.92604064941406,200.75205993652344,117.21292114257812,125.07492065429688,103.79875183105469,658,9.0,22.3,0.0,1016.8,True,True
2015-01-27,364.0,642.0,648.0,831.0,45.84,46.55,61.34,95.16268157958984,126.49301147460938,67.82636260986328,113.62789154052734,105.88027954101562,731,8.7,19.1,0.0,1015.1,True,True
2015-01-28,356.0,632.0,620.0,785.0,44.08,47.07,61.34,146.4594268798828,197.5410614013672,107.45787811279297,113.33514404296875,107.66433715820312,769,12.9,26.3,0.0,1013.9,True,True
2015-01-29,348.0,618.0,550.0,725.0,44.12,46.61,61.94,105.28024291992188,89.96244049072266,125.06260681152344,114.29757690429688,108.85314178466797,881,11.5,25.9,0.0,1014.5,True,True
2015-01-30,340.0,599.0,508.0,679.0,47.79,47.52,62.01,126.52168273925781,107.02128601074219,133.8994903564453,116.78355407714844,109.94546508789062,864,14.8,27.4,0.0,1016.0,True,True
2015-01-31,,,,,,,,60.167724609375,66.64725494384766,55.59039306640625,111.4195327758789,109.46508026123047,991,17.6,36.7,0.0,1016.7,False,False
2015-02-01,,,,,,,,114.22647094726562,97.6070327758789,122.12085723876953,111.96347045898438,109.71072387695312,406,11.5,27.4,0.0,1016.8,False,False
2015-02-02,332.0,585.0,480.0,665.0,49.25,51.74,61.68,101.14710235595703,121.00291442871094,109.33908081054688,106.99504852294922,111.30134582519531,655,10.7,27.4,0.0,1018.2,True,True
2015-02-03,326.0,567.0,454.0,663.0,53.04,54.41,61.67,141.2511749267578,190.78347778320312,136.3990936279297,113.57911682128906,115.46037292480469,727,10.4,28.1,0.0,1019.3,True,True
2015-02-04,321.0,556.0,437.0,669.0,48.45,55.07,61.73,90.69612121582031,51.66682815551758,122.10316467285156,105.61293029785156,115.1262435913086,767,9.7,20.2,0.0,1017.9,True,True
2015-02-05,309.0,545.0,428.0,680.0,50.48,55.98,61.73,89.42814636230469,59.43525695800781,99.14974975585938,103.34834289550781,115.87970733642578,889,11.8,24.8,0.0,1016.2,True,True
2015-02-06,301.0,538.0,430.0,689.0,51.66,55.88,61.7,166.44029235839844,161.88095092773438,168.78086853027344,109.0510025024414,118.80237579345703,816,11.3,26.6,0.0,1016.2,True,True
2015-02-07,,,,,,,,116.95133972167969,132.34693908691406,99.8770523071289,117.16294860839844,117.07942199707031,1048,12.1,25.6,0.0,1015.6,False,False
2015-02-08,,,,,,,,107.08731079101562,113.87487030029297,94.9828872680664,116.14306640625,118.49185180664062,464,10.9,25.6,0.0,1015.3,False,False
2015-02-09,295.0,530.0,434.0,687.0,52.99,57.0,62.1,128.9940643310547,61.7265625,163.03916931152344,120.12120819091797,118.16677856445312,642,14.4,31.7,0.0,1016.3,True,True
2015-02-10,289.0,523.0,446.0,711.0,50.06,55.79,62.33,134.22850036621094,95.58238220214844,183.36782836914062,119.11796569824219,119.43694305419922,691,13.1,28.1,0.0,1016.7,True,True
2015-02-11,281.0,516.0,469.0,700.0,48.8,53.48,62.41,110.84524536132812,136.00498962402344,113.44159698486328,121.99641418457031,118.19583892822266,777,15.4,30.6,0.0,1015.1,True,True
2015-02-12,273.0,508.0,489.0,652.0,51.17,56.23,62.3,76.61225128173828,116.38312530517578,54.604698181152344,120.16557312011719,115.69773864746094,908,9.8,24.8,0.0,1013.8,True,True
2015-02-13,268.0,496.0,499.0,630.0,52.66,60.33,62.04,139.6398468017578,77.33890533447266,174.17236328125,116.3369369506836,117.40602111816406,854,12.9,30.6,0.4,1012.0,True,True
2015-02-14,,,,,,,,60.35042190551758,86.90451049804688,39.031429290771484,108.25109100341797,114.99137878417969,988,11.2,23.8,0.0,1011.1,False,False
2015-02-15,,,,,,,,70.78136444091797,98.78888702392578,47.08553695678711,103.06452941894531,112.14710235595703,468,16.8,34.6,0.0,1011.6,False,False
2015-02-16,263.0,486.0,505.0,614.0,,61.57,,102.5166015625,166.07669067382812,53.278602600097656,99.28203582763672,111.95657348632812,517,17.3,37.1,0.0,1013.0,True,False
2015-02-17,261.0,480.0,508.0,589.0,53.56,60.78,62.14,123.7453384399414,151.83316040039062,134.55909729003906,97.78443908691406,113.47720336914062,696,16.6,34.2,0.4,1012.2,True,True
2015-02-18,260.0,480.0,514.0,564.0,52.13,60.72,62.25,154.67242431640625,171.32925415039062,135.76023864746094,104.04546356201172,114.62434387207031,771,17.4,35.6,0.0,1011.2,True,True
2015-02-19,267.0,478.0,516.0,539.0,51.12,58.78,62.08,143.86007690429688,158.51382446289062,157.4002227783203,113.65229797363281,113.57661437988281,875,17.3,36.4,0.0,1011.6,True,True
2015-02-20,270.0,483.0,514.0,542.0,49.95,60.99,62.19,136.84970092773438,128.40325927734375,147.2638702392578,113.25370788574219,113.18798065185547,823,13.0,28.8,0.0,1013.1,True,True
2015-02-21,,,,,,,,72.01234436035156,45.68497848510742,92.5426254272461,114.91969299316406,112.30361938476562,1012,14.4,30.2,0.0,1012.7,False,False
2015-02-22,,,,,,,,83.68592071533203,97.33305358886719,81.18537902832031,116.76319885253906,111.45581817626953,475,14.0,31.0,0.0,1012.4,False,False
2015-02-23,266.0,490.0,512.0,543.0,49.56,59.78,62.15,168.176513671875,162.57827758789062,161.03253173828125,126.1431884765625,113.80451202392578,650,16.9,33.5,0.0,1012.5,True,True
2015-02-24,274.0,492.0,514.0,534.0,48.48,60.33,62.07,149.08883666992188,130.0511932373047,154.96505737304688,129.76368713378906,115.093505859375,711,19.2,39.2,0.0,1011.1,True,True
2015-02-25,289.0,490.0,519.0,529.0,50.25,59.77,61.84,114.378173828125,96.48362731933594,124.37335205078125,124.00736999511719,114.375244140625,753,20.4,39.2,0.0,1009.8,True,True
2015-02-26,300.0,496.0,531.0,525.0,47.65,61.39,61.74,95.06265258789062,58.32002258300781,121.61164855957031,117.03630828857422,114.37191009521484,906,20.5,42.1,0.0,1009.0,True,True
2015-02-27,308.0,506.0,540.0,521.0,49.84,61.89,61.67,105.93698120117188,97.48697662353516,115.19450378417969,112.62020111083984,113.02116394042969,813,17.3,36.4,0.0,1010.1,True,True
2015-02-28,,,,,,,,51.557472229003906,32.12423324584961,64.30747985839844,109.69808197021484,111.23040008544922,1028,16.7,36.4,0.0,1011.7,False,False
2015-03-01,,,,,,,,111.40922546386719,59.2353630065918,135.8723907470703,113.65855407714844,110.72665405273438,446,15.5,32.4,0.0,1012.3,False,False
2015-03-02,318.0,515.0,551.0,516.0,49.59,60.75,61.87,105.46525573730469,28.674713134765625,151.477783203125,104.69979858398438,112.236572265625,691,14.4,31.7,0.0,1012.5,True,True
2015-03-03,327.0,528.0,564.0,490.0,50.43,61.18,61.76,149.37307739257812,105.11527252197266,175.35304260253906,104.74040222167969,113.40812683105469,754,14.4,29.2,0.0,1010.9,True,True
2015-03-04,338.0,541.0,576.0,478.0,51.53,59.18,62.3,218.31878662109375,125.56544494628906,279.2906188964844,119.58906555175781,117.31385040283203,789,14.1,37.1,12.4,1010.2,True,True
2015-03-05,348.0,550.0,583.0,464.0,50.76,60.33,62.26,77.4869613647461,84.97329711914062,64.4328384399414,117.07825469970703,115.1883773803711,855,19.0,38.5,0.0,1013.0,True,True
2015-03-06,352.0,560.0,587.0,470.0,49.61,59.15,62.45,86.04071807861328,93.57368469238281,91.05797576904297,114.23593139648438,115.03319549560547,847,14.6,29.5,0.0,1014.1,True,True
2015-03-07,,,,,,,,59.09745407104492,37.209815979003906,77.5916519165039,115.31306457519531,114.02217102050781,1065,12.9,27.0,0.1,1013.6,False,False
2015-03-08,,,,,,,,86.04071807861328,71.47990417480469,107.31832885742188,111.68899536132812,111.3421859741211,462,13.1,27.4,0.0,1014.1,False,False
2015-03-09,356.0,566.0,590.0,468.0,49.95,58.67,62.67,79.82090759277344,29.8407039642334,116.15377044677734,108.02552032470703,110.10450744628906,664,11.6,24.8,0.0,1014.9,True,True
2015-03-10,357.0,573.0,591.0,457.0,48.42,55.95,62.71,89.771484375,62.646610260009766,104.50691986083984,99.51100158691406,109.52731323242188,738,14.3,29.2,0.0,1014.4,True,True
2015-03-11,361.0,580.0,588.0,431.0,48.06,56.46,62.76,78.04478454589844,77.80455780029297,72.10742950439453,79.47186279296875,107.8290023803711,764,12.9,29.9,0.0,1014.8,True,True
2015-03-12,364.0,589.0,586.0,394.0,47.12,56.66,62.44,105.60790252685547,112.30168151855469,81.96185302734375,83.4891357421875,106.87498474121094,941,13.9,28.8,0.0,1014.4,True,True
2015-03-13,368.0,596.0,585.0,378.0,44.88,54.8,63.06,67.84777069091797,63.66017150878906,59.736228942871094,80.89014434814453,105.44173431396484,830,14.2,30.2,0.0,1013.2,True,True
2015-03-14,,,,,,,,66.88500213623047,70.18854522705078,81.96185302734375,82.00265502929688,105.11749267578125,941,16.2,32.0,0.0,1014.0,False,False
2015-03-15,,,,,,,,116.68535614013672,90.47592163085938,150.9317169189453,86.38045501708984,104.35234069824219,511,15.8,32.8,0.0,1014.1,False,False
2015-03-16,370.0,606.0,588.0,372.0,43.93,52.0,62.8,109.26010131835938,99.0216293334961,107.37196350097656,90.5860595703125,105.982666015625,667,15.6,33.1,0.0,1014.9,True,True
2015-03-17,375.0,611.0,595.0,366.0,43.39,52.17,62.64,97.29219818115234,46.18701171875,130.9833984375,91.66044616699219,106.8663558959961,715,14.4,29.5,0.0,1012.0,True,True
2015-03-18,378.0,616.0,604.0,357.0,44.63,52.59,62.69,117.37445068359375,69.34112548828125,144.59336853027344,97.27896881103516,107.36161804199219,762,10.6,27.0,0.5,1010.1,True,True
2015-03-19,383.0,623.0,613.0,407.0,44.02,52.96,62.56,55.86671829223633,39.31394577026367,65.58342742919922,90.17308807373047,105.0989990234375,1008,14.4,30.2,0.5,1011.7,True,True
2015-03-20,384.0,627.0,617.0,423.0,46.0,53.88,62.47,94.76250457763672,90.36339569091797,102.77999114990234,94.01805114746094,103.10200500488281,804,17.2,32.4,0.0,1012.8,True,True
2015-03-21,,,,,,,,74.55940246582031,49.55326843261719,88.56925201416016,95.11438751220703,100.79197692871094,933,14.8,31.3,0.0,1012.6,False,False
2015-03-22,,,,,,,,78.87065887451172,39.31394577026367,120.23628234863281,89.71228790283203,98.85934448242188,504,13.3,29.5,0.0,1011.1,False,False
2015-03-23,386.0,635.0,617.0,435.0,47.4,53.82,62.22,98.2957763671875,39.19728469848633,130.7776336669922,88.14595794677734,99.73545837402344,674,16.6,34.2,0.0,1009.3,True,True
2015-03-24,388.0,640.0,609.0,448.0,47.03,53.61,62.4,100.38084411621094,90.97441101074219,106.23431396484375,88.58719635009766,100.29195404052734,726,18.8,38.5,0.0,1009.5,True,True
2015-03-25,390.0,645.0,602.0,455.0,48.75,54.18,62.35,105.37905883789062,100.48709106445312,91.4358139038086,86.87356567382812,98.1987075805664,723,17.2,37.8,0.0,1011.3,True,True
2015-03-26,390.0,648.0,599.0,456.0,51.41,57.02,62.83,103.40631103515625,120.86180877685547,94.88064575195312,93.6649398803711,96.67595672607422,929,16.2,36.4,0.0,1013.6,True,True
2015-03-27,390.0,648.0,597.0,456.0,48.83,56.44,62.5,199.252197265625,215.19210815429688,214.0090789794922,108.59203338623047,99.50508880615234,798,17.7,35.6,0.0,1013.5,True,True
2015-03-28,,,,,,,,91.8117446899414,117.15729522705078,61.075469970703125,111.05665588378906,99.396728515625,902,20.7,39.2,0.1,1011.3,False,False
2015-03-29,,,,,,,,129.1449432373047,128.74742126464844,150.34329223632812,118.23869323730469,100.17032623291016,513,20.3,42.5,0.6,1010.1,False,False
2015-03-30,393.0,647.0,600.0,460.0,48.66,53.99,62.52,123.23540496826172,78.62789154052734,172.156494140625,121.80149841308594,102.5595932006836,672,21.7,44.3,0.0,1009.8,True,True
2015-03-31,392.0,649.0,598.0,475.0,47.72,53.69,62.31,131.05657958984375,63.07394027709961,165.3453826904297,126.18374633789062,103.2145004272461,733,14.7,32.0,5.3,1009.7,True,True
2015-04-01,389.0,650.0,596.0,463.0,50.12,55.73,62.14,138.92813110351562,112.53166198730469,158.84425354003906,130.97647094726562,104.3299331665039,763,21.3,44.3,0.0,1008.4,True,True
2015-04-02,386.0,646.0,589.0,454.0,49.13,55.73,62.13,113.84656524658203,146.4466094970703,85.50566101074219,132.4679412841797,103.14571380615234,902,24.5,46.8,0.0,1006.1,True,True
2015-04-03,,,,,,,61.99,150.14471435546875,112.26191711425781,202.8813018798828,125.45258331298828,100.87324523925781,706,22.8,41.4,0.0,1003.6,False,True
2015-04-04,,,,,,,,165.62838745117188,94.35346984863281,203.30862426757812,135.99781799316406,103.81129455566406,840,23.3,47.5,0.0,1002.9,False,False
2015-04-05,,,,,,,,116.45745849609375,128.99888610839844,107.59780883789062,134.18531799316406,104.82518768310547,512,24.6,49.7,0.0,1004.8,False,False
2015-04-06,,,,,52.08,55.73,62.16,116.78925323486328,148.18333435058594,97.11392211914062,133.26443481445312,106.74824523925781,624,23.1,45.7,0.6,1006.0,False,True
2015-04-07,385.0,636.0,584.0,448.0,53.95,57.55,62.23,110.12525177001953,70.26321411132812,146.5161590576172,130.2742462158203,107.55106353759766,752,21.3,42.8,0.0,1008.2,True,True
2015-04-08,382.0,631.0,585.0,450.0,50.44,56.42,62.22,166.75509643554688,143.77671813964844,209.86695861816406,134.24952697753906,110.44886779785156,735,13.3,31.7,0.1,1009.8,True,True
2015-04-09,379.0,624.0,591.0,461.0,50.79,56.04,62.18,134.8137969970703,138.23880004882812,128.116455078125,137.24485778808594,111.95027923583984,860,15.9,32.0,0.0,1009.4,True,True
2015-04-10,373.0,617.0,600.0,466.0,51.63,56.82,62.21,142.1363983154297,86.59376525878906,183.85244750976562,136.10079956054688,114.08666229248047,839,17.5,37.4,4.8,1009.1,True,True
2015-04-11,,,,,,,,74.88043212890625,63.98566436767578,83.02056884765625,123.13681030273438,113.06241607666016,929,16.9,35.3,1.2,1009.9,False,False
2015-04-12,,,,,,,,53.0010871887207,52.83794403076172,44.07206344604492,114.07161712646484,112.5675277709961,500,11.8,33.5,13.2,1012.1,False,False
2015-04-13,369.0,613.0,609.0,460.0,51.95,57.14,62.38,79.2243423461914,78.98047637939453,98.8162841796875,108.7052001953125,112.97883605957031,669,8.0,23.4,0.9,1012.5,True,True
2015-04-14,366.0,609.0,619.0,470.0,53.3,57.69,62.25,121.64796447753906,83.95858764648438,147.84060668945312,110.35130310058594,113.14425659179688,708,11.0,26.6,0.4,1011.5,True,True
2015-04-15,362.0,608.0,626.0,494.0,56.25,59.32,62.34,143.6572723388672,134.79066467285156,175.66989135742188,107.0516128540039,114.29083251953125,784,9.7,25.6,0.0,1011.9,True,True
2015-04-16,360.0,608.0,636.0,521.0,56.69,60.13,62.28,104.71763610839844,97.43561553955078,133.5165252685547,102.75215911865234,114.53834533691406,949,9.3,19.4,0.3,1012.5,True,True
2015-04-17,358.0,612.0,642.0,532.0,55.71,61.31,62.48,99.0600357055664,94.80491638183594,92.256103515625,96.59839630126953,113.92786407470703,836,15.2,32.8,0.1,1009.4,True,True
2015-04-18,,,,,,,,47.478919982910156,43.69179153442383,48.591026306152344,92.68389129638672,113.64826965332031,907,21.4,42.5,0.0,1006.5,False,False
2015-04-19,,,,,,,,97.81204223632812,104.0116958618164,75.9115219116211,99.08545684814453,113.74992370605469,508,23.6,47.9,0.0,1007.0,False,False
2015-04-20,357.0,619.0,646.0,537.0,56.37,61.2,63.07,91.7326431274414,60.966854095458984,118.6555404663086,100.87236022949219,114.3223648071289,650,23.7,46.8,0.0,1008.4,True,True
2015-04-21,355.0,618.0,659.0,549.0,55.58,60.12,62.92,85.28290557861328,107.3941879272461,82.11257934570312,95.67735290527344,114.5361099243164,738,25.4,50.8,0.0,1006.3,True,True
2015-04-22,355.0,619.0,669.0,544.0,56.17,60.12,62.96,75.58879852294922,70.92341613769531,96.13033294677734,85.95328521728516,113.77920532226562,745,27.0,51.1,0.0,1005.1,True,True
2015-04-23,351.0,620.0,680.0,543.0,56.59,62.66,63.27,61.07770919799805,35.81747817993164,83.65087890625,79.71900939941406,112.46910095214844,922,24.5,49.3,0.0,1006.5,True,True
2015-04-24,348.0,621.0,685.0,545.0,55.98,62.96,63.55,156.40452575683594,183.9093017578125,126.72051239013672,87.91107940673828,114.16995239257812,826,25.4,55.4,3.9,1008.4,True,True
2015-04-25,,,,,,,,41.45420455932617,60.111419677734375,25.06943130493164,87.05040740966797,112.1048812866211,879,16.5,36.4,15.2,1009.4,False,False
2015-04-26,,,,,,,,39.279457092285156,52.21140670776367,32.6620979309082,78.68860626220703,106.77245330810547,506,12.9,36.4,5.5,1010.3,False,False
2015-04-27,347.0,624.0,687.0,546.0,55.56,62.86,63.34,76.0417251586914,85.28362274169922,71.13496398925781,76.4470443725586,106.24678802490234,697,14.2,30.2,0.4,1010.1,True,True
2015-04-28,346.0,626.0,685.0,551.0,57.05,62.61,63.05,46.00788497924805,27.51976203918457,61.21119689941406,70.8363265991211,103.47555541992188,720,24.5,41.4,0.2,1008.3,True,True
2015-04-29,345.0,628.0,673.0,558.0,58.55,63.97,63.38,84.09903717041016,93.15574645996094,62.1608772277832,72.05207824707031,102.17100524902344,709,25.2,52.9,0.0,1006.6,True,True
2015-04-30,343.0,627.0,658.0,565.0,59.62,63.9,63.58,52.747894287109375,49.07982635498047,52.63383102416992,70.86210632324219,99.56072235107422,942,24.1,53.3,0.1,1007.4,True,True
2015-05-01,340.0,625.0,647.0,574.0,59.1,64.13,63.63,76.23860931396484,38.00196838378906,95.09219360351562,59.40983200073242,97.4710693359375,869,21.7,42.8,0.0,1006.8,True,True
2015-05-02,,,,,,,,41.45420455932617,37.56964111328125,50.13886260986328,59.40983200073242,95.05799102783203,879,23.7,46.8,0.0,1006.5,False,False
2015-05-03,,,,,,,,43.83359909057617,62.42668151855469,20.828006744384766,60.060420989990234,91.5142822265625,529,20.0,41.8,0.0,1007.5,False,False
2015-05-04,,,,,58.92,64.62,63.64,70.595703125,64.96468353271484,63.218116760253906,59.28241729736328,88.34652709960938,610,16.1,34.6,0.6,1008.6,False,True
2015-05-05,335.0,621.0,633.0,571.0,60.38,65.44,63.31,44.76443099975586,39.66812515258789,49.630699157714844,59.10478210449219,85.9567642211914,666,16.8,34.6,0.0,1007.1,True,True
2015-05-06,332.0,618.0,618.0,574.0,60.93,66.22,63.57,99.69424438476562,108.4225845336914,82.89888763427734,61.33266830444336,85.38692474365234,731,19.0,39.6,0.0,1005.7,True,True
2015-05-07,331.0,618.0,603.0,594.0,58.99,64.93,64.08,64.28498840332031,67.85694122314453,69.17703247070312,62.98082733154297,83.85891723632812,876,21.9,43.2,0.0,1006.0,True,True
2015-05-08,329.0,618.0,594.0,616.0,59.41,63.82,63.73,71.75237274169922,55.6356201171875,86.18183135986328,62.339935302734375,80.6921615600586,831,21.9,45.0,0.0,1004.8,True,True
2015-05-09,,,,,,,,50.07369613647461,53.7595329284668,44.84075927734375,63.5712890625,77.86749267578125,860,25.4,49.0,0.0,1004.0,False,False
2015-05-10,,,,,,,,52.5804443359375,65.52323913574219,32.79171371459961,64.82083892822266,74.88229370117188,504,23.5,48.6,0.0,1004.5,False,False
2015-05-11,328.0,618.0,586.0,660.0,59.23,62.82,63.96,118.67454528808594,72.01432800292969,145.8771514892578,71.68924713134766,76.34209442138672,642,20.1,42.5,3.6,1006.3,True,True
2015-05-12,327.0,617.0,583.0,731.0,60.72,65.09,64.19,62.16614532470703,35.41416931152344,88.61674499511719,74.17520141601562,76.64759826660156,746,15.8,36.7,0.0,1006.4,True,True
2015-05-13,326.0,619.0,584.0,942.0,60.5,66.33,63.88,114.38423919677734,100.34829711914062,129.3551483154297,76.27377319335938,77.81959533691406,724,23.1,45.4,0.0,1006.2,True,True
2015-05-14,326.0,624.0,580.0,972.0,59.89,65.58,63.47,77.46539306640625,73.54946899414062,67.4822769165039,78.15669250488281,76.34683990478516,898,21.0,43.2,0.0,1007.1,True,True
2015-05-15,327.0,626.0,579.0,954.0,59.73,64.69,63.36,95.23632049560547,74.30335998535156,117.06641387939453,81.51154327392578,74.7328109741211,800,20.2,42.5,0.0,1007.3,True,True
2015-05-16,,,,,,,,78.19366455078125,85.03960418701172,70.93142700195312,85.52867889404297,73.84867858886719,932,17.7,36.7,0.7,1006.1,False,False
2015-05-17,,,,,,,,76.887451171875,89.42591094970703,63.934322357177734,89.00110626220703,73.1095962524414,517,15.9,31.3,4.3,1004.6,False,False
2015-05-18,326.0,628.0,578.0,950.0,59.44,65.15,63.66,112.11767578125,81.28913879394531,152.55712890625,88.06441497802734,75.26422119140625,650,18.1,39.2,0.6,1003.5,True,True
2015-05-19,325.0,626.0,574.0,923.0,57.3,63.48,63.8,128.43557739257812,138.71026611328125,151.29745483398438,97.5314712524414,76.28500366210938,619,20.9,43.9,0.0,1001.8,True,True
2015-05-20,326.0,625.0,565.0,889.0,58.96,63.52,63.75,71.46401977539062,58.671573638916016,76.90238952636719,91.40001678466797,75.60938262939453,788,15.1,36.4,0.0,1001.2,True,True
2015-05-21,327.0,623.0,556.0,844.0,60.18,64.7,63.51,56.78687286376953,37.74138641357422,62.960086822509766,88.44593811035156,74.65951538085938,875,20.6,42.5,0.0,1001.4,True,True
2015-05-22,327.0,624.0,549.0,816.0,58.88,64.7,63.43,84.28925323486328,92.43278503417969,70.08914947509766,86.88207244873047,74.94953155517578,786,20.1,41.8,0.0,1000.9,True,True
2015-05-23,,,,,,,,80.7943344116211,107.3941879272461,57.585445404052734,87.25360107421875,75.60675048828125,861,26.8,50.0,0.0,999.8,False,False
2015-05-24,,,,,,,,63.16336441040039,111.94478607177734,35.01487731933594,85.29301452636719,72.49871063232422,472,24.7,42.5,0.0,999.9,False,False
2015-05-25,,,,,,,,86.68401336669922,111.10781860351562,61.783260345458984,81.65963745117188,74.0063705444336,535,20.3,42.1,0.0,1000.1,False,False
2015-05-26,327.0,627.0,540.0,806.0,57.29,61.65,63.87,37.399959564208984,42.61124038696289,35.54198455810547,68.65454864501953,73.9437255859375,620,21.6,45.4,0.0,1002.2,True,True
2015-05-27,327.0,631.0,530.0,823.0,57.51,61.35,63.92,83.27684020996094,92.24501037597656,76.94144439697266,70.34209442138672,74.18489074707031,716,23.5,47.9,0.0,1003.2,True,True
2015-05-28,328.0,635.0,525.0,817.0,57.69,60.12,63.83,55.8925895690918,37.14703369140625,74.3623046875,70.21434020996094,74.5143814086914,889,23.7,48.6,0.0,1002.5,True,True
2015-05-29,331.0,642.0,524.0,810.0,60.25,63.16,63.71,55.4736213684082,71.10369110107422,32.948612213134766,66.09781646728516,73.5602035522461,836,21.7,43.9,0.0,1003.4,True,True
2015-05-30,,,,,,,,68.61474609375,60.80315399169922,69.7342758178711,64.35787963867188,74.08909606933594,869,23.7,48.2,0.0,1004.3,False,False
2015-05-31,,,,,,,,84.0397720336914,55.85405731201172,93.17560577392578,67.34021759033203,74.34913635253906,473,25.8,48.6,0.0,1003.8,False,False
2015-06-01,332.0,647.0,522.0,804.0,60.24,62.87,63.59,106.23394775390625,154.04647827148438,88.33685302734375,70.13307189941406,76.50846099853516,686,24.5,48.6,0.0,1003.3,True,True
2015-06-02,332.0,652.0,528.0,821.0,61.3,63.14,63.72,65.3465576171875,60.13422775268555,66.87718200683594,74.12544250488281,77.2255630493164,659,19.9,41.8,0.0,1004.7,True,True
2015-06-03,332.0,653.0,544.0,821.0,59.67,62.78,63.99,129.118896484375,142.0374755859375,118.47328186035156,80.67430114746094,79.17633056640625,744,16.7,34.9,0.3,1004.8,True,True
2015-06-04,333.0,654.0,570.0,818.0,58.0,60.34,63.96,84.12870788574219,97.84803771972656,58.2963752746582,84.70803833007812,80.48847198486328,945,17.4,37.4,1.6,1005.2,True,True
2015-06-05,332.0,654.0,596.0,865.0,59.11,60.36,63.76,62.501277923583984,65.97412109375,61.14325714111328,85.71199035644531,79.24871063232422,901,18.0,37.4,12.5,1004.8,True,True
2015-06-06,,,,,,,,36.68402862548828,36.57111358642578,30.50391960144043,81.15045166015625,78.32867431640625,903,17.4,39.2,6.2,1003.1,False,False
2015-06-07,,,,,,,,86.60308074951172,86.33650207519531,96.01756286621094,81.51663970947266,78.82369995117188,459,19.7,41.8,6.8,1002.8,False,False
2015-06-08,331.0,656.0,608.0,856.0,58.15,61.33,64.03,81.79179382324219,40.770015716552734,110.52021026611328,78.02490234375,79.88097381591797,648,21.7,42.5,0.4,1002.8,True,True
2015-06-09,331.0,655.0,630.0,834.0,60.15,63.23,63.96,95.46304321289062,76.13536071777344,103.19467163085938,82.32726287841797,81.31039428710938,694,20.4,42.5,0.0,1001.6,True,True
2015-06-10,333.0,654.0,662.0,816.0,61.36,64.68,63.81,48.58432388305664,26.41897201538086,58.76274871826172,70.82231903076172,78.97405242919922,750,23.0,46.8,0.0,1000.4,True,True
2015-06-11,336.0,661.0,696.0,810.0,60.74,63.76,63.93,54.965171813964844,21.918394088745117,79.22245788574219,66.6561050415039,78.73401641845703,904,23.5,49.7,3.4,1001.3,True,True
2015-06-12,338.0,669.0,719.0,820.0,59.96,63.19,64.02,41.64371109008789,45.2896614074707,37.77605056762695,63.676448822021484,76.30933380126953,875,21.4,38.9,24.9,1003.2,True,True
2015-06-13,,,,,,,,56.14521408081055,59.703887939453125,49.7989387512207,66.45661926269531,75.59866333007812,885,21.3,45.4,2.0,1002.5,False,False
2015-06-14,,,,,,,,64.6985855102539,51.599552154541016,64.55868530273438,63.32740783691406,74.58073425292969,512,20.6,42.1,12.3,1001.3,False,False
2015-06-15,341.0,678.0,742.0,840.0,59.53,60.99,64.03,63.19683837890625,84.00308990478516,43.79179382324219,60.670982360839844,74.08084106445312,629,18.6,35.3,8.9,1000.5,True,True
2015-06-16,345.0,685.0,772.0,904.0,60.01,60.75,64.21,114.22647094726562,100.20988464355469,113.9794692993164,63.35147476196289,75.32547760009766,725,14.0,31.7,3.1,1000.3,True,True
2015-06-17,349.0,695.0,817.0,1045.0,59.89,60.75,64.14,79.92790985107422,79.681884765625,81.23201751708984,67.82913208007812,74.25248718261719,746,14.4,32.4,6.9,999.6,True,True
2015-06-18,351.0,706.0,847.0,1234.0,60.41,61.37,63.62,83.08512115478516,100.83576202392578,78.0993423461914,71.84626770019531,72.74079895019531,917,19.9,39.6,6.5,998.6,True,True
2015-06-19,355.0,715.0,851.0,1241.0,59.62,59.41,63.43,44.27490234375,48.151222229003906,46.856689453125,72.22215270996094,71.8344955444336,823,26.3,53.6,3.2,996.5,True,True
2015-06-20,,,,,,,,99.45352935791016,160.16119384765625,50.89152526855469,78.40904998779297,73.25672149658203,866,25.3,53.6,11.1,993.8,False,False
2015-06-21,,,,,,,,74.66853332519531,121.80877685546875,33.866851806640625,79.83332824707031,72.93602752685547,488,33.0,69.5,1.9,993.3,False,False
2015-06-22,355.0,721.0,845.0,1248.0,60.01,60.54,63.51,90.68220520019531,116.99222564697266,70.9695053100586,83.75981140136719,73.265625,621,34.0,65.5,4.3,995.3,True,True
2015-06-23,358.0,722.0,834.0,1300.0,61.05,61.67,63.57,103.51773834228516,88.45637512207031,106.57306671142578,82.22998809814453,74.61077117919922,672,27.8,58.0,14.5,997.3,True,True
2015-06-24,359.0,721.0,829.0,1428.0,60.01,61.63,63.54,84.81681060791016,75.16065216064453,86.20069122314453,82.92840576171875,74.54853057861328,703,27.2,57.2,22.9,999.1,True,True
2015-06-25,361.0,723.0,827.0,1432.0,59.59,60.24,63.5,131.0054931640625,67.1668701171875,174.29627990722656,89.774169921875,77.66871643066406,885,22.4,46.4,11.6,998.1,True,True
2015-06-26,362.0,723.0,833.0,1393.0,59.41,60.14,63.54,81.48998260498047,89.3630599975586,60.98532485961914,95.09061431884766,77.6091537475586,813,19.8,45.0,2.6,996.8,True,True
2015-06-27,,,,,,,,78.12659454345703,109.04056549072266,51.971771240234375,92.04390716552734,78.35028839111328,848,20.6,41.0,5.8,998.3,False,False
2015-06-28,,,,,,,,109.96076202392578,95.91950225830078,114.29476928710938,97.08565521240234,80.1665267944336,482,16.0,30.2,4.1,1002.7,False,False
2015-06-29,361.0,723.0,838.0,1346.0,58.34,59.03,63.73,136.92648315429688,178.50656127929688,87.58358764648438,103.69197845458984,82.4435806274414,629,16.8,36.4,6.5,1005.0,True,True
2015-06-30,361.0,722.0,845.0,1292.0,59.48,60.31,63.59,169.31866455078125,173.12562561035156,187.72503662109375,113.09210968017578,85.28620910644531,763,18.3,38.9,14.4,1004.9,True,True
2015-07-01,360.0,715.0,858.0,1251.0,56.94,61.65,63.55,93.14065551757812,96.8910903930664,87.55146026611328,114.28123474121094,84.84976959228516,818,16.3,35.3,51.9,1004.6,True,True
2015-07-02,360.0,713.0,883.0,1226.0,56.93,61.73,63.36,84.56055450439453,87.96549224853516,73.37191009521484,107.646240234375,85.490234375,901,15.8,37.1,5.5,1003.8,True,True
2015-07-03,361.0,712.0,908.0,1249.0,,59.06,,86.95490264892578,57.79149627685547,110.1801528930664,108.42694854736328,84.08477020263672,800,17.8,34.9,0.9,1002.6,True,False
2015-07-04,,,,,,,,50.12138366699219,63.5944938659668,53.044090270996094,104.42620086669922,82.9511947631836,727,15.5,34.9,1.6,1001.0,False,False
2015-07-05,,,,,,,,80.4021224975586,128.2474365234375,80.22826385498047,100.20353698730469,83.54788970947266,412,13.4,28.1,16.2,999.3,False,False
2015-07-06,362.0,716.0,927.0,1266.0,52.48,57.19,63.24,109.32566833496094,65.39349365234375,127.27079772949219,96.26056671142578,85.96927642822266,606,12.9,34.6,5.7,998.7,True,True
2015-07-07,367.0,723.0,945.0,1285.0,52.33,54.72,63.51,82.0898666381836,86.6511459350586,64.24498748779297,83.79930877685547,85.81883239746094,686,12.3,33.1,12.2,998.5,True,True
2015-07-08,373.0,742.0,973.0,1278.0,51.61,55.7,63.47,61.78390121459961,37.903831481933594,79.03884887695312,79.31977081298828,85.15190124511719,697,14.0,33.8,2.9,999.0,True,True
2015-07-09,377.0,750.0,1016.0,1279.0,52.76,57.83,63.31,58.6295166015625,21.918394088745117,79.22245788574219,75.61534118652344,83.92411804199219,904,20.4,44.3,15.0,998.8,True,True
2015-07-10,384.0,759.0,1052.0,1318.0,52.74,57.72,63.33,107.38996887207031,82.35340118408203,123.64356231689453,78.53462982177734,85.88430786132812,802,27.0,52.2,3.4,997.6,True,True
2015-07-11,,,,,,,,81.55207824707031,61.94365692138672,90.41747283935547,83.02473449707031,86.77053833007812,853,17.4,39.6,8.4,1001.2,False,False
2015-07-12,,,,,,,,105.27227783203125,97.95169067382812,116.71626281738281,86.5776138305664,88.89149475097656,472,10.1,28.1,2.6,1002.3,False,False
2015-07-13,391.0,767.0,1076.0,1389.0,52.19,57.63,63.43,123.0675277709961,92.01653289794922,153.5017547607422,88.54073333740234,91.12223815917969,646,11.5,30.6,12.8,1001.1,True,True
2015-07-14,399.0,774.0,1096.0,1394.0,53.05,57.2,63.27,67.70211029052734,19.283918380737305,104.55050659179688,86.48533630371094,91.22235107421875,685,12.9,28.1,10.1,999.3,True,True
2015-07-15,409.0,784.0,1122.0,1462.0,51.4,57.34,63.48,229.97799682617188,35.27232360839844,367.75750732421875,110.51306915283203,96.78172302246094,749,12.6,32.0,11.4,997.5,True,True
2015-07-16,417.0,801.0,1149.0,1611.0,50.9,57.31,63.43,117.64946746826172,21.99137306213379,183.42977905273438,118.94448852539062,96.89582061767578,901,13.6,23.4,25.1,997.2,True,True
2015-07-17,427.0,823.0,1162.0,1712.0,50.88,56.38,63.45,146.96043395996094,134.62904357910156,138.7160186767578,124.597412109375,99.13024139404297,834,16.3,32.0,13.7,998.0,True,True
2015-07-18,,,,,,,,63.4743537902832,79.09871673583984,46.18329620361328,122.01487731933594,98.47654724121094,835,13.2,28.8,13.1,999.2,False,False
2015-07-19,,,,,,,,98.67223358154297,70.26321411132812,105.49163818359375,121.072021484375,100.289794921875,470,19.1,39.6,7.5,998.4,False,False
2015-07-20,431.0,846.0,1170.0,1763.0,50.11,56.42,63.61,125.31095123291016,108.6306381225586,144.97389221191406,121.39250946044922,101.1517105102539,608,11.8,31.3,10.3,997.9,True,True
2015-07-21,432.0,862.0,1179.0,1935.0,50.59,55.94,63.57,193.97918701171875,178.50656127929688,231.6099395751953,139.4320831298828,105.12873077392578,666,13.0,28.1,13.0,999.7,True,True
2015-07-22,433.0,875.0,1179.0,1952.0,49.27,56.36,63.6,152.95497131347656,148.12747192382812,167.15985107421875,128.42880249023438,107.2044906616211,758,22.6,40.3,10.4,1001.5,True,True
2015-07-23,431.0,889.0,1161.0,1924.0,48.11,55.76,63.86,87.72247314453125,41.64402770996094,131.99386596679688,124.15351867675781,106.677978515625,793,28.1,54.0,6.0,1003.0,True,True
2015-07-24,428.0,896.0,1137.0,1896.0,47.98,54.29,64.04,113.35782623291016,142.30751037597656,111.71624755859375,119.35314178466797,107.62934875488281,789,24.9,47.2,3.8,1004.1,True,True
2015-07-25,,,,,,,,92.12703704833984,143.75497436523438,53.29148864746094,123.44638061523438,106.3333969116211,827,22.9,39.2,33.3,1002.3,False,False
2015-07-26,,,,,,,,127.40645599365234,164.37142944335938,74.78291320800781,127.55126953125,107.86394500732422,442,22.8,45.4,17.7,1000.5,False,False
2015-07-27,427.0,899.0,1115.0,1935.0,47.17,54.07,64.24,171.43505859375,209.4993438720703,147.15211486816406,134.1404266357422,110.97422790527344,599,18.7,48.6,30.8,1000.9,True,True
2015-07-28,425.0,903.0,1095.0,1990.0,47.97,54.3,63.76,132.92807006835938,148.4211883544922,114.95521545410156,125.41883850097656,111.73980712890625,623,21.5,45.7,75.5,1001.5,True,True
2015-07-29,423.0,903.0,1069.0,2103.0,48.77,54.73,63.83,99.94815826416016,37.958290100097656,150.3895721435547,117.84644317626953,110.50719451904297,696,24.3,39.2,21.4,1000.1,True,True
2015-07-30,422.0,898.0,1044.0,2116.0,48.53,54.29,64.09,74.9848861694336,43.972984313964844,88.0267562866211,116.02678680419922,107.36273956298828,751,21.7,40.7,6.2,999.7,True,True
2015-07-31,423.0,892.0,1023.0,2209.0,47.11,53.29,63.87,72.27420043945312,72.0517349243164,66.77584838867188,110.1576919555664,106.66719055175781,825,21.2,42.5,22.6,1000.2,True,True
2015-08-01,,,,,,,,64.01097106933594,103.6976547241211,33.26695251464844,106.14111328125,105.9822006225586,828,18.3,49.3,5.7,1002.0,False,False
2015-08-02,,,,,,,,69.55522918701172,86.6764144897461,57.83734893798828,97.87665557861328,105.40221405029297,381,18.8,38.5,7.5,1002.4,False,False
2015-08-03,424.0,899.0,1006.0,2308.0,45.25,49.49,63.99,28.458484649658203,11.348355293273926,37.86259460449219,77.45143127441406,104.68011474609375,582,22.8,42.5,10.5,1002.1,True,True
2015-08-04,425.0,900.0,1001.0,2512.0,45.75,49.08,63.71,155.10350036621094,77.31304168701172,202.67251586914062,80.61934661865234,107.17015838623047,598,18.7,38.5,1.0,1002.0,True,True
2015-08-05,427.0,899.0,1005.0,2604.0,45.13,49.04,63.73,77.82831573486328,87.28734588623047,80.8958511352539,77.45936584472656,106.12024688720703,681,16.1,31.3,0.1,1001.6,True,True
2015-08-06,432.0,901.0,1013.0,2514.0,44.69,47.8,63.67,128.7997283935547,88.2772445678711,167.34530639648438,85.14720153808594,107.67724609375,823,12.8,26.6,1.3,1000.7,True,True
2015-08-07,438.0,904.0,1021.0,2512.0,43.87,47.54,63.74,90.13789367675781,62.902313232421875,97.438232421875,87.69915771484375,108.62237548828125,735,9.0,25.2,0.6,1001.2,True,True
2015-08-08,,,,,,,,68.75904083251953,40.32199478149414,80.71806335449219,88.37745666503906,108.96002960205078,819,11.2,25.6,0.9,1001.4,False,False
2015-08-09,,,,,,,,85.33546447753906,92.80668640136719,64.50828552246094,90.63177490234375,108.2248764038086,427,10.1,24.8,1.4,999.9,False,False
2015-08-10,443.0,904.0,1028.0,2499.0,44.94,48.3,63.77,88.92799377441406,66.49069213867188,92.43301391601562,99.27027893066406,108.47074127197266,596,15.9,32.8,2.4,1000.2,True,True
2015-08-11,446.0,901.0,1043.0,2367.0,43.11,47.33,64.33,93.79849243164062,78.74507141113281,90.31159210205078,90.51242065429688,108.08828735351562,671,16.6,36.4,8.5,1002.0,True,True
2015-08-12,447.0,900.0,1053.0,2107.0,43.22,48.29,64.8,97.42845916748047,135.97999572753906,64.81185913085938,93.31243896484375,107.23365020751953,680,17.7,36.4,12.7,1001.8,True,True
2015-08-13,448.0,899.0,1054.0,1875.0,42.27,48.01,65.27,110.11305236816406,155.51333618164062,68.67183685302734,90.64291381835938,108.64734649658203,722,22.3,44.6,3.7,1001.5,True,True
2015-08-14,449.0,901.0,1057.0,1884.0,42.45,47.79,65.02,78.32218170166016,64.30208587646484,84.28245544433594,88.9549560546875,103.59215545654297,719,18.3,37.1,2.3,1002.4,True,True
2015-08-15,,,,,,,,47.83491134643555,15.895891189575195,72.92308807373047,85.96578979492188,101.26499938964844,831,20.9,45.0,10.3,1004.1,False,False
2015-08-16,,,,,,,,71.2380142211914,56.81499099731445,94.77862548828125,83.95187377929688,98.74092102050781,465,20.5,42.8,29.8,1004.9,False,False
2015-08-17,449.0,905.0,1057.0,1913.0,41.93,47.77,65.39,95.6089096069336,56.06742477416992,121.59100341796875,84.90628814697266,99.81207275390625,589,23.1,46.1,10.2,1005.2,True,True
2015-08-18,449.0,908.0,1052.0,1838.0,42.58,47.0,65.44,88.54347229003906,93.46334075927734,77.95765686035156,84.15557098388672,99.47444915771484,636,23.1,46.8,4.9,1006.4,True,True
2015-08-19,453.0,915.0,1049.0,1773.0,40.75,45.75,65.17,121.07337188720703,115.8726806640625,120.81156921386719,87.53341674804688,99.33319091796875,684,24.7,49.7,1.7,1006.2,True,True
2015-08-20,460.0,920.0,1052.0,1679.0,41.0,45.63,65.49,28.846744537353516,19.171966552734375,31.982627868652344,75.92394256591797,93.82878112792969,689,18.2,39.2,10.0,1005.4,True,True
2015-08-21,464.0,924.0,1054.0,1559.0,40.45,43.84,66.02,86.26477813720703,34.39970016479492,129.11737060546875,77.05860137939453,91.60577392578125,768,15.5,35.3,23.1,1003.8,True,True
2015-08-22,,,,,,,,79.31500244140625,93.02454376220703,62.07332229614258,81.55575561523438,91.32552337646484,710,13.5,29.5,4.3,1002.1,False,False
2015-08-23,,,,,,,,55.20946502685547,82.55928039550781,22.954198837280273,79.26596069335938,89.38724517822266,480,13.3,27.0,6.8,1001.6,False,False
2015-08-24,469.0,930.0,1052.0,1403.0,38.22,41.59,66.8,103.35624694824219,72.12667846679688,120.32154083251953,80.37272644042969,89.76155090332031,641,13.1,27.0,20.0,1002.1,True,True
2015-08-25,473.0,933.0,1047.0,1248.0,39.15,41.86,66.07,58.1152229309082,92.6981430053711,28.99477767944336,76.02583312988281,87.45184326171875,570,12.8,29.2,14.8,1001.3,True,True
2015-08-26,477.0,934.0,1031.0,1089.0,38.5,41.76,66.11,79.10609436035156,88.72042846679688,65.7791976928711,70.03050994873047,84.37421417236328,670,12.3,30.6,5.6,1000.2,True,True
2015-08-27,479.0,933.0,1000.0,1051.0,42.47,44.46,65.99,85.70679473876953,111.07588195800781,71.26788330078125,78.15337371826172,82.8001708984375,773,17.5,37.1,4.9,999.5,True,True
2015-08-28,480.0,931.0,974.0,1071.0,45.29,47.97,66.14,52.88569641113281,28.757951736450195,79.9565658569336,73.38493347167969,81.2314224243164,689,16.8,38.2,4.5,1001.0,True,True
2015-08-29,,,,,,,,64.28009796142578,59.810089111328125,57.01430892944336,71.23709106445312,80.87459564208984,773,15.9,35.6,4.5,1001.5,False,False
2015-08-30,,,,,,,,70.75387573242188,38.47422790527344,96.27391815185547,73.45771789550781,80.82391357421875,515,20.0,40.0,8.9,1002.6,False,False
2015-08-31,,,,,49.2,,66.39,79.24803161621094,42.13551712036133,105.435546875,70.01368713378906,81.33181762695312,627,17.6,34.9,29.7,1003.3,False,True
2015-09-01,480.0,925.0,949.0,1176.0,45.38,48.8,66.34,96.3266830444336,32.01006317138672,142.39761352539062,75.47246551513672,82.22419738769531,619,14.1,28.4,28.6,1002.7,True,True
2015-09-02,481.0,912.0,912.0,1194.0,46.3,47.67,66.16,75.71583557128906,56.61207580566406,78.70011138916016,74.98814392089844,83.79944610595703,700,17.1,33.1,16.1,1003.6,True,True
2015-09-03,483.0,896.0,870.0,1195.0,46.75,50.41,66.07,85.4856185913086,68.17799377441406,92.40916442871094,74.95655059814453,81.47885131835938,775,15.9,36.4,7.2,1006.1,True,True
2015-09-04,485.0,882.0,837.0,1187.0,46.02,48.59,66.7,98.02912902832031,40.71974563598633,129.06430053710938,81.40560913085938,82.15220642089844,811,13.6,30.6,0.2,1008.1,True,True
2015-09-05,,,,,,,,91.27626037597656,68.24647521972656,113.84860229492188,85.26220703125,80.90142822265625,871,11.5,25.6,12.2,1007.9,False,False
2015-09-06,,,,,,,,82.64202117919922,68.65636444091797,80.17266845703125,86.96051025390625,80.65156555175781,481,13.0,25.2,7.8,1007.0,False,False
2015-09-07,482.0,870.0,812.0,1243.0,,46.42,,84.0753173828125,67.05322265625,83.89351654052734,87.6501235961914,81.162109375,591,15.7,32.4,3.0,1006.6,True,False
2015-09-08,477.0,857.0,793.0,1286.0,45.92,48.88,66.36,117.95494079589844,127.39118194580078,114.430419921875,90.73987579345703,82.24942016601562,674,17.2,34.2,0.1,1006.1,True,True
2015-09-09,472.0,848.0,776.0,1256.0,44.13,48.04,66.47,142.70852661132812,163.8251953125,129.45449829101562,100.31025695800781,84.04210662841797,766,11.4,21.2,3.3,1005.7,True,True
2015-09-10,468.0,838.0,751.0,1202.0,45.85,47.77,66.46,143.31256103515625,89.80490112304688,183.86058044433594,108.57125091552734,85.69257354736328,809,8.2,22.3,10.4,1006.0,True,True
2015-09-11,460.0,824.0,735.0,1198.0,44.75,46.87,66.39,118.87203979492188,126.40655517578125,118.61499786376953,111.54881286621094,86.40736389160156,836,12.1,26.6,12.1,1005.6,True,True
2015-09-12,,,,,,,,101.751220703125,90.16712951660156,103.41140747070312,113.04523468017578,86.1286392211914,586,14.8,34.2,5.9,1005.6,False,False
2015-09-13,,,,,,,,55.3118896484375,49.01478958129883,71.5455551147461,109.14093017578125,85.36162567138672,539,18.9,42.1,15.1,1005.2,False,False
2015-09-14,452.0,810.0,723.0,1185.0,44.07,45.87,66.32,79.94129943847656,89.65714263916016,91.40133666992188,108.55035400390625,86.43183898925781,663,19.8,37.8,14.6,1002.4,True,True
2015-09-15,445.0,799.0,720.0,1196.0,44.58,45.91,66.36,122.68769073486328,144.96005249023438,113.35407257080078,109.2264633178711,88.1468276977539,729,23.2,44.6,11.0,999.2,True,True
2015-09-16,439.0,789.0,716.0,1264.0,47.12,49.35,66.45,83.47319030761719,43.79802703857422,109.59564208984375,100.76426696777344,87.74230194091797,754,27.8,56.9,6.1,1000.0,True,True
2015-09-17,431.0,783.0,727.0,1637.0,46.93,48.27,66.12,83.40997314453125,71.27420043945312,99.08287811279297,92.20675659179688,87.5711898803711,834,16.1,35.6,3.4,1002.9,True,True
2015-09-18,426.0,772.0,753.0,1995.0,44.71,47.28,65.7,83.91305541992188,79.67120361328125,86.3897476196289,87.21261596679688,86.33251190185547,829,15.2,31.3,0.8,1004.1,True,True
2015-09-19,,,,,,,,83.0118408203125,86.69709777832031,98.60991668701172,84.53556060791016,88.13801574707031,838,15.5,36.0,19.7,1002.9,False,False
2015-09-20,,,,,,,,68.18321228027344,56.64444351196289,75.59530639648438,86.37432098388672,87.53529357910156,583,16.2,25.9,8.6,1001.6,False,False
2015-09-21,421.0,762.0,769.0,2096.0,46.67,47.64,65.66,86.41481018066406,57.43254089355469,127.74510955810547,87.29911041259766,87.77195739746094,690,27.2,51.5,1.8,1003.6,True,True
2015-09-22,417.0,757.0,769.0,1873.0,46.17,46.69,65.85,188.75030517578125,131.718505859375,219.7324981689453,96.73662567138672,92.22331237792969,702,21.7,42.1,0.5,1005.3,True,True
2015-09-23,414.0,749.0,761.0,1872.0,44.53,48.0,66.05,85.7754898071289,57.00764465332031,101.89286804199219,97.0655288696289,91.63729095458984,811,18.6,37.4,0.8,1006.3,True,True
2015-09-24,411.0,742.0,751.0,1911.0,44.94,47.06,66.32,88.69506072998047,61.510990142822266,121.85232543945312,97.82054138183594,92.6566162109375,859,16.3,31.7,11.6,1005.3,True,True
2015-09-25,408.0,738.0,744.0,2024.0,45.55,47.28,66.12,81.83991241455078,85.47313690185547,90.7365951538086,97.52437591552734,92.74774932861328,850,10.4,25.6,1.0,1004.8,True,True
2015-09-26,,,,,,,,78.38380432128906,67.95002746582031,96.35095977783203,96.86322784423828,92.50364685058594,972,8.9,24.5,1.3,1005.6,False,False
2015-09-27,,,,,,,,75.04198455810547,117.56014251708984,80.22826385498047,97.84305572509766,93.2421875,618,10.3,24.1,0.8,1006.3,False,False
2015-09-28,402.0,733.0,738.0,2075.0,44.4,46.04,66.2,92.13209533691406,41.74932098388672,125.36300659179688,98.65980529785156,94.17058563232422,791,7.9,19.1,0.3,1007.1,True,True
2015-09-29,400.0,724.0,725.0,2031.0,45.24,47.58,65.9,111.60942077636719,71.21015930175781,148.4907684326172,87.63967895507812,95.53244018554688,742,9.8,23.0,0.3,1008.1,True,True
2015-09-30,398.0,713.0,712.0,1936.0,45.06,47.29,65.5,101.27595520019531,84.13684844970703,112.28550720214844,89.85403442382812,96.26670837402344,785,13.4,28.8,0.0,1009.7,True,True
2015-10-01,396.0,703.0,704.0,1911.0,44.75,47.48,65.57,128.45445251464844,139.70077514648438,155.36566162109375,95.53394317626953,97.33763122558594,851,12.4,27.7,2.9,1010.8,True,True
2015-10-02,392.0,695.0,701.0,1931.0,45.54,46.55,65.35,180.3509063720703,205.4808807373047,165.2702178955078,109.60694885253906,100.82546997070312,900,10.3,24.5,1.4,1010.2,True,True
2015-10-03,,,,,,,,70.55522155761719,70.33804321289062,82.13642883300781,108.48857879638672,100.32778930664062,939,10.0,23.4,0.8,1008.8,False,False
2015-10-04,,,,,,,,81.99424743652344,108.98915100097656,72.7261734008789,109.48175811767578,99.79328918457031,606,10.2,26.3,0.7,1008.8,False,False
2015-10-05,390.0,691.0,699.0,1901.0,46.28,49.45,65.12,91.09561157226562,132.0948486328125,61.97633743286133,109.33368682861328,99.78726959228516,800,10.6,30.6,1.0,1008.3,True,True
2015-10-06,386.0,688.0,700.0,1860.0,48.53,51.34,65.18,113.13414764404297,171.4345703125,52.681766510009766,109.55150604248047,100.80367279052734,732,13.8,32.4,5.1,1007.1,True,True
2015-10-07,384.0,681.0,709.0,1742.0,47.86,51.66,64.86,110.68245697021484,118.22331237792969,111.7579116821289,110.89529418945312,101.6905746459961,838,20.5,33.5,29.7,1006.4,True,True
2015-10-08,382.0,676.0,736.0,1598.0,49.46,52.13,64.97,70.63836669921875,81.54003143310547,49.46359634399414,102.63584899902344,100.11335754394531,891,15.3,28.4,5.8,1005.7,True,True
2015-10-09,380.0,672.0,761.0,1549.0,49.67,52.08,64.76,88.3863754272461,137.91806030273438,51.12767791748047,89.49806213378906,98.30261993408203,862,11.0,27.0,4.1,1005.4,True,True
2015-10-10,,,,,,,,107.57498931884766,140.52642822265625,98.70562744140625,94.7865982055664,97.11136627197266,893,9.5,20.2,0.0,1006.5,False,False
2015-10-11,,,,,,,,83.11102294921875,106.52810668945312,69.10942077636719,94.94613647460938,95.9193344116211,558,6.9,18.0,0.0,1008.4,False,False
2015-10-12,380.0,669.0,768.0,1551.0,47.09,50.95,,79.31500244140625,93.02454376220703,62.07332229614258,93.26319122314453,95.17146301269531,710,7.1,22.3,1.6,1009.8,True,True
2015-10-13,379.0,666.0,770.0,1531.0,46.7,48.94,65.06,80.68500518798828,89.37405395507812,67.09210968017578,88.62760162353516,96.01722717285156,739,5.2,23.4,0.5,1010.3,True,True
2015-10-14,379.0,664.0,761.0,1457.0,46.63,48.25,64.87,105.43982696533203,122.63447570800781,94.9828872680664,87.87865447998047,96.86717987060547,754,9.5,24.5,2.2,1011.5,True,True
2015-10-15,378.0,662.0,742.0,1368.0,46.38,47.87,64.77,84.31990814208984,56.04024124145508,113.51895141601562,89.83316040039062,95.5882568359375,825,9.5,24.1,0.6,1011.9,True,True
2015-10-16,376.0,661.0,722.0,1318.0,47.3,48.96,64.7,90.19367218017578,81.74186706542969,81.81694793701172,90.09134674072266,95.81227111816406,808,7.6,21.2,0.3,1012.5,True,True
2015-10-17,,,,,,,,110.28762817382812,102.09471130371094,104.80870819091797,90.47886657714844,96.70819091796875,841,6.4,15.1,0.2,1012.3,False,False
2015-10-18,,,,,,,,67.10542297363281,60.81714630126953,71.01851654052734,88.19235229492188,96.14794158935547,543,5.2,16.9,0.4,1012.7,False,False
2015-10-19,371.0,658.0,710.0,1312.0,45.91,47.51,64.9,85.07396697998047,74.2105941772461,97.2697982788086,89.01506042480469,96.2166748046875,623,6.6,17.6,0.7,1011.9,True,True
2015-10-20,368.0,656.0,701.0,1399.0,45.84,46.93,64.97,70.16028594970703,99.92046356201172,41.67176818847656,87.51152801513672,96.28257751464844,661,9.7,22.0,0.0,1009.9,True,True
2015-10-21,366.0,654.0,693.0,1483.0,45.22,46.72,65.19,69.3731460571289,77.80455780029297,50.47520065307617,82.35914611816406,95.71452331542969,764,9.1,23.0,0.5,1009.8,True,True
2015-10-22,365.0,652.0,685.0,1512.0,44.9,46.59,64.91,68.85244750976562,61.01378631591797,63.61440658569336,80.1495132446289,91.71792602539062,866,8.8,21.2,0.5,1010.6,True,True
2015-10-23,362.0,649.0,683.0,1461.0,43.91,46.3,64.87,79.13984680175781,90.16712951660156,75.20829010009766,78.57038879394531,91.49674224853516,879,7.1,21.6,0.1,1010.5,True,True
2015-10-24,,,,,,,,73.32506561279297,146.19873046875,14.34637451171875,73.29002380371094,90.98440551757812,768,7.5,26.3,0.3,1011.3,False,False
2015-10-25,,,,,,,,51.93921661376953,80.54563903808594,28.792722702026367,71.12342834472656,89.98771667480469,574,9.5,22.7,0.0,1012.9,False,False
2015-10-26,360.0,648.0,681.0,1403.0,43.19,46.57,64.83,83.86247253417969,83.60433959960938,87.1678466796875,70.95035552978516,90.17034149169922,632,8.6,22.0,0.0,1013.4,True,True
2015-10-27,356.0,646.0,686.0,1307.0,43.21,45.54,65.03,49.441307067871094,39.43130111694336,57.55679702758789,67.9905014038086,89.31698608398438,670,7.9,16.9,0.0,1013.0,True,True
2015-10-28,354.0,645.0,687.0,1275.0,45.93,47.6,64.89,68.03733825683594,110.22035217285156,35.3594856262207,67.79966735839844,88.51382446289062,779,9.7,23.0,0.0,1013.2,True,True
2015-10-29,351.0,643.0,682.0,1254.0,46.02,48.04,65.35,62.64903259277344,54.649173736572266,71.63011932373047,66.91346740722656,86.8818130493164,846,13.6,28.8,0.0,1013.3,True,True
2015-10-30,349.0,633.0,675.0,1229.0,46.6,48.0,65.4,91.50739288330078,91.22572326660156,76.09126281738281,68.68025970458984,86.55619049072266,724,22.7,40.0,98.0,1012.8,True,True
2015-10-31,,,,,,,,81.29000091552734,105.35172271728516,67.59518432617188,69.81810760498047,84.98404693603516,815,20.5,44.6,126.8,1011.9,False,False
2015-11-01,,,,,,,,46.562198638916016,66.31267547607422,44.249053955078125,69.04996490478516,80.52442169189453,498,12.3,27.0,12.7,1013.0,False,False
2015-11-02,347.0,629.0,665.0,1184.0,46.12,47.91,65.58,109.91929626464844,149.42857360839844,74.78291320800781,72.77236938476562,81.83655548095703,663,14.9,27.0,2.4,1013.4,True,True
2015-11-03,339.0,620.0,653.0,1099.0,47.88,48.0,65.57,53.27228927612305,48.28028106689453,48.32462692260742,73.31964874267578,80.87915802001953,684,13.0,27.0,0.0,1012.9,True,True
2015-11-04,333.0,609.0,636.0,1043.0,46.32,46.96,65.46,96.48255157470703,146.56849670410156,53.485511779785156,77.38325500488281,81.05872344970703,721,9.8,22.7,0.0,1012.3,True,True
2015-11-05,328.0,596.0,618.0,1002.0,45.27,47.19,65.85,60.44831085205078,72.314697265625,40.211734771728516,77.06886291503906,79.30252838134766,822,9.7,20.2,0.0,1011.9,True,True
2015-11-06,323.0,584.0,603.0,1003.0,44.32,46.09,66.13,89.18451690673828,110.07904815673828,84.75396728515625,76.73702239990234,78.58592987060547,780,8.7,22.7,0.0,1011.6,True,True
2015-11-07,,,,,,,,102.21636962890625,128.32070922851562,81.84811401367188,79.72650146484375,79.6385269165039,875,12.0,25.2,0.0,1013.0,False,False
2015-11-08,,,,,,,,84.10816192626953,103.19910430908203,86.0782470703125,85.0902099609375,79.49592590332031,512,14.3,31.0,0.0,1014.1,False,False
2015-11-09,319.0,571.0,589.0,1021.0,43.87,45.38,66.38,87.3079833984375,61.4394645690918,93.95206451416016,81.86002349853516,78.82035827636719,645,11.2,29.5,0.0,1013.1,True,True
2015-11-10,316.0,562.0,575.0,1018.0,44.23,46.44,66.19,85.30216979980469,103.93728637695312,63.0501594543457,86.43572235107422,78.89339447021484,699,11.3,23.4,0.0,1011.5,True,True
2015-11-11,311.0,554.0,555.0,946.0,42.95,44.98,,51.980377197265625,75.3750991821289,31.435136795043945,80.0782699584961,77.98223876953125,701,12.0,26.3,0.0,1011.8,True,True
2015-11-12,307.0,543.0,534.0,881.0,41.74,44.98,66.04,44.11854934692383,43.98274612426758,42.8002815246582,77.74544525146484,76.76335906982422,901,10.8,23.4,0.0,1013.5,True,True
2015-11-13,304.0,533.0,514.0,809.0,40.69,41.98,66.12,61.5718879699707,73.6588363647461,40.959163665771484,73.80078887939453,75.30109405517578,807,9.2,16.9,0.0,1013.2,True,True
2015-11-14,,,,,,,,121.14533233642578,181.1586456298828,94.44012451171875,76.50492095947266,76.52861022949219,875,8.7,16.2,0.0,1011.4,False,False
2015-11-15,,,,,,,,129.0610809326172,220.5665283203125,51.103965759277344,82.92676544189453,77.82418823242188,539,7.7,18.0,0.0,1011.3,False,False
2015-11-16,302.0,523.0,500.0,770.0,41.68,40.28,66.01,291.9892578125,401.5041198730469,251.17056274414062,112.16695404052734,83.88091278076172,658,7.6,17.6,0.1,1011.4,True,True
2015-11-17,296.0,516.0,487.0,733.0,40.73,41.28,65.96,354.0518798828125,551.2011108398438,266.1745910644531,150.5597686767578,93.44579315185547,683,15.6,26.6,3.5,1011.9,True,True
2015-11-18,292.0,504.0,477.0,671.0,40.75,41.45,66.16,309.495361328125,520.6658325195312,168.8892822265625,187.34762573242188,100.92650604248047,685,16.5,32.8,4.9,1013.7,True,True
2015-11-19,290.0,491.0,468.0,619.0,40.55,42.22,66.05,242.89370727539062,384.09375,153.22145080566406,215.74407958984375,106.68428802490234,791,19.7,41.0,0.0,1014.4,True,True
2015-11-20,288.0,479.0,463.0,606.0,39.39,42.49,66.06,212.1929473876953,329.0618896484375,130.70005798339844,237.26136779785156,111.4449462890625,843,14.1,31.0,0.0,1013.6,True,True
2015-11-21,,,,,,,,171.53688049316406,273.61419677734375,107.77114868164062,244.4601593017578,114.86775970458984,869,13.6,29.5,0.0,1013.1,False,False
2015-11-22,,,,,,,,203.52639770507812,335.8343505859375,151.73114013671875,255.0980682373047,119.01397705078125,472,13.0,28.4,0.0,1013.1,False,False
2015-11-23,286.0,472.0,461.0,698.0,39.27,43.7,66.37,170.00735473632812,236.25050354003906,128.51495361328125,237.6720733642578,122.2367172241211,643,9.6,24.1,0.0,1013.6,True,True
2015-11-24,285.0,469.0,460.0,731.0,40.89,44.38,66.32,246.838134765625,334.66656494140625,238.09420776367188,222.35581970214844,128.7333526611328,671,8.7,18.4,0.0,1013.3,True,True
2015-11-25,285.0,467.0,463.0,807.0,41.22,43.56,66.36,247.6171875,394.968017578125,155.56997680664062,213.51608276367188,134.1918487548828,602,7.8,15.8,0.0,1012.8,True,True
2015-11-26,284.0,467.0,459.0,898.0,,43.55,,172.9800262451172,206.9370880126953,165.4140625,203.52841186523438,138.30979919433594,766,7.9,15.5,0.0,1012.3,True,False
2015-11-27,283.0,467.0,456.0,989.0,40.57,43.07,66.86,237.591064453125,300.629638671875,212.76165771484375,207.15672302246094,143.9615936279297,725,10.2,20.9,0.3,1011.6,True,True
2015-11-28,,,,,,,,101.36375427246094,105.09382629394531,107.88754272460938,197.13198852539062,145.2520751953125,817,9.7,21.6,0.0,1014.8,False,False
2015-11-29,,,,,,,,103.51773834228516,132.68455505371094,98.37513732910156,182.84503173828125,145.6524200439453,448,10.5,25.2,0.0,1016.3,False,False
2015-11-30,285.0,467.0,453.0,1007.0,40.43,43.73,66.43,100.22897338867188,109.91251373291016,100.01224517822266,172.87669372558594,146.28372192382812,661,9.7,19.8,0.0,1015.5,True,True
2015-12-01,286.0,469.0,450.0,1046.0,40.58,42.97,66.46,170.49981689453125,223.39572143554688,121.52223205566406,161.97122192382812,150.41497802734375,680,9.1,16.9,0.0,1013.5,True,True
2015-12-02,286.0,471.0,446.0,1001.0,39.93,41.92,66.53,192.69784545898438,265.2874450683594,129.71347045898438,154.1256103515625,153.1742706298828,722,7.9,18.7,0.2,1013.9,True,True
2015-12-03,286.0,472.0,438.0,931.0,41.08,42.0,66.82,157.9247283935547,222.7180633544922,121.71063995361328,151.974853515625,156.6626739501953,860,9.3,22.7,0.0,1013.8,True,True
2015-12-04,286.0,470.0,433.0,890.0,40.0,41.44,66.65,156.33291625976562,210.61041259765625,126.4823226928711,140.36654663085938,158.65768432617188,784,8.0,19.1,0.0,1013.7,True,True
2015-12-05,,,,,,,,158.12745666503906,274.86077880859375,134.85943603515625,148.47564697265625,161.91366577148438,817,8.7,20.2,0.0,1014.0,False,False
2015-12-06,,,,,,,,135.33836364746094,218.4447784423828,75.02539825439453,153.0214385986328,163.45211791992188,514,9.7,21.6,0.2,1014.0,False,False
2015-12-07,286.0,469.0,426.0,852.0,37.64,39.69,66.74,197.36715698242188,308.43402099609375,168.5525665283203,166.89833068847656,166.62380981445312,621,7.7,15.8,0.4,1014.6,True,True
2015-12-08,286.0,465.0,420.0,870.0,37.46,39.44,66.77,197.98146057128906,298.46502685546875,136.52059936523438,170.82427978515625,170.41958618164062,686,8.5,19.1,0.0,1014.7,True,True
2015-12-09,286.0,461.0,412.0,857.0,37.16,39.04,66.83,199.49636840820312,240.50885009765625,162.02963256835938,171.7954864501953,174.15921020507812,714,8.5,15.8,0.0,1015.1,True,True
2015-12-10,285.0,460.0,408.0,824.0,36.76,38.65,66.7,147.40721130371094,236.75839233398438,68.09651184082031,170.29298400878906,176.2293701171875,809,12.9,23.0,0.0,1013.7,True,True
2015-12-11,282.0,455.0,410.0,779.0,35.65,36.99,67.1,150.00306701660156,207.69631958007812,110.87310791015625,169.38873291015625,179.49679565429688,795,11.2,25.9,0.0,1012.0,True,True
2015-12-12,,,,,,,,103.64730072021484,140.52642822265625,89.63341522216797,161.60585021972656,181.48109436035156,799,14.3,29.5,0.0,1010.7,False,False
2015-12-13,,,,,,,,81.62384796142578,108.4968032836914,56.56064987182617,153.93234252929688,182.1494903564453,487,9.8,22.3,0.2,1012.0,False,False
2015-12-14,279.0,451.0,410.0,722.0,36.31,36.51,67.09,119.4185791015625,175.9884490966797,86.34808349609375,142.7968292236328,182.09193420410156,638,9.0,21.6,0.7,1012.6,True,True
2015-12-15,276.0,450.0,411.0,623.0,37.32,37.66,66.79,142.25750732421875,212.72943115234375,101.39278411865234,134.83627319335938,182.5318145751953,652,13.3,25.9,0.8,1013.1,True,True
2015-12-16,275.0,449.0,415.0,549.0,35.55,36.96,66.6,170.60433959960938,179.52806091308594,173.38792419433594,130.70883178710938,178.4856414794922,699,17.1,33.8,0.0,1014.3,True,True
2015-12-17,274.0,448.0,421.0,524.0,34.98,36.29,66.32,162.97996520996094,194.9739532470703,196.5082550048828,132.9335174560547,172.1165771484375,813,13.2,28.8,0.4,1013.8,True,True
2015-12-18,273.0,448.0,426.0,524.0,34.72,36.76,66.23,134.47500610351562,196.62290954589844,104.36550903320312,130.71522521972656,166.28257751464844,739,10.2,36.0,5.0,1014.0,True,True
2015-12-19,,,,,,,,115.4379653930664,120.08622741699219,116.85774230957031,132.39959716796875,162.03404235839844,660,19.2,38.5,0.0,1017.2,False,False
2015-12-20,,,,,,,,100.59858703613281,186.25088500976562,23.900249481201172,135.1102752685547,158.31423950195312,461,11.4,25.6,0.0,1016.8,False,False
2015-12-21,273.0,449.0,433.0,512.0,34.55,35.34,66.19,165.0172119140625,207.15982055664062,132.13487243652344,141.62437438964844,158.09690856933594,542,9.9,21.6,0.5,1015.7,True,True
2015-12-22,271.0,449.0,445.0,485.0,36.12,35.26,66.19,143.2771453857422,194.25714111328125,95.3115463256836,141.77003479003906,156.08860778808594,578,12.3,27.4,4.0,1017.2,True,True
2015-12-23,270.0,449.0,457.0,469.0,36.76,35.79,66.04,73.7386703491211,90.47592163085938,47.166160583496094,127.93207550048828,152.87965393066406,584,12.3,27.4,0.0,1016.6,True,True
2015-12-24,270.0,450.0,462.0,470.0,37.62,37.22,66.0,111.12447357177734,137.1591796875,96.80364990234375,120.52415466308594,148.35586547851562,626,12.2,23.0,13.8,1015.4,True,True
2015-12-25,,,,,,,,160.93446350097656,240.65863037109375,111.51837158203125,124.3040771484375,145.4664306640625,247,20.2,38.9,1.0,1016.8,False,False
2015-12-26,,,,,,,,135.3522186279297,184.64871215820312,118.47328186035156,127.14896392822266,144.21217346191406,465,15.7,32.4,0.0,1018.1,False,False
2015-12-27,,,,,,,,102.93289184570312,186.57464599609375,31.12433624267578,127.48243713378906,139.72357177734375,354,12.6,28.8,0.0,1018.3,False,False
2015-12-28,,,,,36.36,37.08,66.09,147.82249450683594,160.7645263671875,156.44241333007812,125.02605438232422,141.27218627929688,493,10.1,14.4,0.0,1018.4,False,True
2015-12-29,,,,,37.88,36.85,66.28,109.34689331054688,128.2474365234375,106.97102355957031,120.17887115478516,141.46649169921875,515,10.2,16.2,0.0,1016.7,False,True
2015-12-30,,,,,36.59,35.65,66.44,141.56272888183594,203.2228546142578,84.75396728515625,129.86802673339844,142.8442840576172,585,9.4,15.1,0.0,1015.9,False,True
2015-12-31,,,,,37.13,36.61,66.19,70.10725402832031,69.8914566040039,68.01244354248047,124.0084228515625,139.49786376953125,567,9.0,19.8,0.0,1017.5,False,True
2016-01-01,,,,,,,,208.83578491210938,315.87896728515625,155.68934631347656,130.85147094726562,140.03579711914062,460,8.8,20.5,0.0,1018.8,False,False
2016-01-02,,,,,,,,89.81443786621094,84.27103424072266,105.435546875,124.3460693359375,137.7654571533203,627,8.0,16.2,0.0,1018.1,False,False
2016-01-03,,,,,,,,113.11206817626953,193.30953979492188,80.61962127685547,125.80023956298828,136.32476806640625,410,10.2,20.2,0.1,1016.5,False,False
2016-01-04,267.0,450.0,464.0,472.0,36.81,36.28,66.56,133.57127380371094,138.48654174804688,133.28244018554688,123.76435089111328,135.5062255859375,620,9.4,22.0,0.0,1017.2,True,True
2016-01-05,266.0,449.0,466.0,462.0,35.97,35.56,66.49,205.15902709960938,129.70037841796875,266.29644775390625,137.45179748535156,137.83358764648438,662,6.8,16.6,0.0,1016.4,True,True
2016-01-06,263.0,445.0,464.0,467.0,33.97,33.89,66.71,161.46932983398438,175.6061553955078,138.3354949951172,140.29559326171875,136.63699340820312,677,8.7,19.4,0.0,1016.4,True,True
2016-01-07,259.0,442.0,450.0,399.0,33.29,33.57,66.73,205.20330810546875,116.89810180664062,264.65521240234375,159.59503173828125,136.87771606445312,791,8.8,19.8,0.0,1017.3,True,True
2016-01-08,256.0,436.0,434.0,343.0,33.2,31.67,66.82,181.01463317871094,162.41171264648438,203.20111083984375,155.62057495117188,136.26165771484375,732,12.0,25.9,0.0,1015.7,True,True
2016-01-09,,,,,,,,67.20005798339844,63.05243682861328,72.3139419555664,152.38995361328125,133.5880889892578,838,12.3,21.6,0.0,1013.4,False,False
2016-01-10,,,,,,,,100.81727600097656,86.14881896972656,95.80882263183594,150.63356018066406,131.9485626220703,460,15.5,31.7,0.0,1015.5,False,False
2016-01-11,251.0,430.0,420.0,314.0,31.42,30.14,66.78,95.24954986572266,52.753536224365234,114.40430450439453,145.15902709960938,131.66864013671875,626,9.8,23.4,0.0,1016.1,True,True
2016-01-12,250.0,422.0,411.0,266.0,30.42,29.14,66.85,106.3890380859375,67.49372100830078,144.7622528076172,131.0490264892578,132.494140625,685,9.3,19.8,0.0,1014.5,True,True
2016-01-13,250.0,416.0,399.0,245.0,30.42,28.58,66.74,139.33460998535156,80.6549301147461,179.39779663085938,127.88692474365234,133.1580047607422,737,8.1,17.3,0.0,1013.6,True,True
2016-01-14,247.0,412.0,388.0,225.0,31.22,28.84,67.37,125.4760513305664,141.76846313476562,118.2489013671875,116.497314453125,132.5986328125,792,9.2,17.3,0.0,1014.4,True,True
2016-01-15,245.0,402.0,381.0,198.0,29.45,28.8,67.74,112.73136138916016,129.67425537109375,86.5289077758789,106.74256134033203,130.66952514648438,764,12.6,22.3,0.0,1013.0,True,True
2016-01-16,,,,,,,,92.98435974121094,131.32235717773438,51.546268463134766,110.42603302001953,128.33633422851562,855,12.6,21.6,0.0,1011.8,False,False
2016-01-17,,,,,,,,102.0298080444336,122.05889892578125,67.8727798461914,110.59925079345703,127.25482940673828,487,9.4,22.7,0.8,1012.6,False,False
2016-01-18,243.0,394.0,375.0,197.0,,27.36,,147.984130859375,102.13519287109375,170.38168334960938,118.13276672363281,128.33970642089844,582,10.5,22.7,0.8,1012.5,True,False
2016-01-19,240.0,388.0,369.0,185.0,28.47,27.36,67.68,154.4204559326172,99.31944274902344,182.25286865234375,124.99440002441406,130.13377380371094,665,14.6,31.0,0.1,1012.4,True,True
2016-01-20,238.0,381.0,360.0,186.0,26.68,26.01,68.05,194.33729553222656,228.9644012451172,198.3242645263672,132.8519287109375,131.11109924316406,750,14.3,27.7,1.7,1012.9,True,True
2016-01-21,237.0,372.0,346.0,206.0,29.55,27.59,67.87,87.86651611328125,131.3940887451172,65.75738525390625,127.47913360595703,129.2640838623047,754,18.5,38.2,1.2,1015.5,True,True
2016-01-22,233.0,366.0,334.0,229.0,32.07,30.46,67.55,110.86237335205078,97.25859069824219,117.99748229980469,127.2121353149414,130.5015411376953,747,18.7,38.9,0.0,1017.1,True,True
2016-01-23,,,,,,,,82.91289520263672,78.72160339355469,91.92622375488281,125.77335357666016,129.5611572265625,839,16.7,34.9,0.0,1018.0,False,False
2016-01-24,,,,,,,,85.93925476074219,93.46334075927734,103.94354248046875,123.47470092773438,127.06130981445312,424,13.8,30.2,0.0,1017.6,False,False
2016-01-25,231.0,358.0,325.0,254.0,30.31,29.82,67.71,82.81419372558594,30.959732055664062,120.50953674316406,114.16471099853516,125.31004333496094,640,9.7,22.0,0.0,1015.7,True,True
2016-01-26,229.0,350.0,312.0,242.0,29.54,30.94,67.75,72.01234436035156,92.30230712890625,59.88051986694336,102.39212799072266,124.27935791015625,644,13.9,27.4,0.0,1014.8,True,True
2016-01-27,225.0,338.0,303.0,235.0,32.32,31.83,67.98,93.97354888916016,81.9737548828125,97.67744445800781,88.054443359375,122.4843978881836,564,18.4,37.8,0.0,1013.5,True,True
2016-01-28,222.0,327.0,293.0,216.0,33.21,33.01,68.08,76.83790588378906,59.578861236572266,92.29006958007812,86.47892761230469,121.40076446533203,776,14.8,31.7,1.5,1013.0,True,True
2016-01-29,219.0,316.0,287.0,211.0,33.66,33.14,67.87,83.25235748291016,69.8914566040039,87.44457244873047,82.5346450805664,119.45708465576172,756,14.6,31.7,0.7,1015.4,True,True
2016-01-30,,,,,,,,40.54550552368164,40.42070007324219,33.71485900878906,76.48216247558594,118.47169494628906,817,13.8,24.8,0.0,1014.1,False,False
2016-01-31,,,,,,,,40.72829055786133,40.602928161621094,33.866851806640625,70.02345275878906,112.86811065673828,488,14.8,28.1,0.0,1012.8,False,False
2016-02-01,216.0,304.0,282.0,217.0,31.62,32.45,67.92,132.70687866210938,101.76799011230469,161.28065490722656,77.1509780883789,114.29785919189453,649,13.6,28.1,0.0,1013.8,True,True
2016-02-02,212.0,299.0,282.0,217.0,29.9,30.98,67.92,103.51773834228516,103.19910430908203,86.0782470703125,81.65174865722656,113.97804260253906,704,12.4,26.6,0.0,1014.2,True,True
2016-02-03,203.0,289.0,284.0,209.0,32.29,32.38,67.92,104.03104400634766,87.33544158935547,109.26956939697266,83.08853149414062,112.99337005615234,605,12.7,29.2,0.4,1013.5,True,True
2016-02-04,197.0,280.0,289.0,208.0,31.63,32.76,67.57,96.6531753540039,122.63447570800781,80.3701400756836,85.91928100585938,109.37651062011719,754,13.6,28.4,0.4,1014.6,True,True
2016-02-05,194.0,271.0,295.0,212.0,30.86,32.35,67.78,109.37723541259766,135.0026092529297,77.95765686035156,89.65141296386719,107.64010620117188,636,10.6,23.4,0.2,1014.1,True,True
2016-02-06,,,,,,,,77.32037353515625,113.59507751464844,47.374759674072266,94.90496063232422,103.3773422241211,814,12.8,27.7,0.1,1013.0,False,False
2016-02-07,,,,,,,,110.18936157226562,109.85018920898438,114.53237915039062,104.82797241210938,101.0165023803711,481,13.2,30.6,0.8,1014.2,False,False
2016-02-08,190.0,262.0,298.0,207.0,29.71,31.64,67.98,139.5309295654297,82.43048095703125,171.88790893554688,105.8028335571289,103.42752838134766,641,15.0,33.1,0.0,1013.4,True,True
2016-02-09,188.0,255.0,297.0,207.0,27.96,30.15,67.92,77.60041809082031,58.02116394042969,80.65897369384766,102.1003646850586,102.65363311767578,683,13.0,30.2,0.5,1012.7,True,True
2016-02-10,186.0,250.0,301.0,208.0,27.54,29.64,67.85,99.32736206054688,79.2173080444336,140.4095001220703,101.42840576171875,102.78955841064453,667,14.6,28.8,0.4,1012.1,True,True
2016-02-11,184.0,247.0,312.0,206.0,26.19,28.82,68.44,118.4752426147461,141.732666015625,94.57524108886719,104.54584503173828,103.19243621826172,699,22.0,45.0,0.0,1011.0,True,True
2016-02-12,183.0,244.0,324.0,199.0,29.32,31.8,68.12,106.14369201660156,158.7254638671875,58.84120559692383,104.08390808105469,102.08606719970703,749,21.9,39.2,0.2,1010.8,True,True
2016-02-13,,,,,,,,64.63546752929688,64.43651580810547,53.74641418457031,102.27178192138672,100.05805206298828,820,15.5,32.0,0.0,1012.1,False,False
2016-02-14,,,,,,,,115.97611236572266,130.07151794433594,108.49249267578125,103.09845733642578,100.16620635986328,457,18.5,36.7,0.0,1012.9,False,False
2016-02-15,183.0,243.0,334.0,204.0,,,,81.19038391113281,86.33650207519531,63.01152801513672,94.76409912109375,99.77307891845703,612,14.2,30.2,0.0,1014.6,True,False
2016-02-16,184.0,247.0,346.0,223.0,29.05,31.09,68.48,128.85191345214844,149.864501953125,98.2156982421875,102.08573913574219,100.66714477539062,617,11.3,24.5,0.0,1015.7,True,True
2016-02-17,186.0,252.0,357.0,223.0,30.68,33.21,68.33,134.09194946289062,138.63027954101562,132.15011596679688,107.05210876464844,100.20407104492188,667,12.7,26.3,0.0,1015.5,True,True
2016-02-18,193.0,259.0,358.0,220.0,30.77,33.2,68.54,118.95960998535156,136.83859252929688,114.13689422607422,107.12130737304688,99.02204895019531,724,15.2,29.9,0.0,1013.9,True,True
2016-02-19,198.0,270.0,355.0,207.0,29.59,31.66,68.54,161.5886688232422,228.91920471191406,148.5098419189453,115.0420150756836,97.93042755126953,779,15.7,30.2,0.0,1013.6,True,True
2016-02-20,,,,,,,,69.3517837524414,89.47311401367188,47.4914436340332,115.71577453613281,97.31327056884766,812,16.1,31.3,0.0,1012.4,False,False
2016-02-21,,,,,,,,61.2178840637207,108.4968032836914,33.9363899230957,107.89317321777344,95.658447265625,487,19.0,38.9,0.0,1010.9,False,False
2016-02-22,200.0,286.0,350.0,197.0,31.37,33.59,68.53,104.66248321533203,156.510498046875,52.218082427978516,111.24633026123047,96.38343811035156,633,15.5,28.4,0.0,1012.3,True,True
2016-02-23,203.0,298.0,346.0,189.0,31.84,31.9,68.55,150.35768127441406,187.3685760498047,117.21292114257812,114.3185806274414,98.53071594238281,705,17.1,35.6,0.0,1012.3,True,True
2016-02-24,206.0,310.0,346.0,186.0,30.35,31.5,68.53,115.6131362915039,110.24607849121094,117.03506469726562,111.67874908447266,99.62401580810547,659,22.6,46.4,0.0,1011.8,True,True
2016-02-25,209.0,321.0,346.0,182.0,31.4,32.83,68.84,57.1890869140625,61.3986701965332,51.212554931640625,102.85438537597656,99.1299057006836,753,17.7,34.9,0.2,1014.0,True,True
2016-02-26,212.0,328.0,352.0,177.0,31.65,35.76,68.82,88.87377166748047,96.65476989746094,87.33792114257812,92.46654510498047,98.95991516113281,820,17.3,34.6,0.0,1016.1,True,True
2016-02-27,,,,,,,,46.477352142333984,33.69766616821289,49.18756866455078,89.19876861572266,97.9478988647461,784,9.2,24.8,3.0,1016.3,False,False
2016-02-28,,,,,,,,101.82073211669922,135.34307861328125,101.60055541992188,94.99917602539062,98.56684112548828,488,10.2,29.9,0.5,1017.1,False,False
2016-02-29,214.0,333.0,354.0,174.0,32.74,35.92,68.21,59.73482894897461,75.79212188720703,36.12464141845703,88.58094024658203,99.20648956298828,610,10.3,23.0,1.4,1016.7,True,True
2016-03-01,217.0,339.0,357.0,174.0,34.39,35.73,67.75,123.23540496826172,108.11334991455078,139.36477661132812,84.70632934570312,101.95672607421875,672,12.4,28.8,0.8,1014.5,True,True
2016-03-02,220.0,345.0,364.0,171.0,34.57,36.38,67.4,81.85124206542969,57.59950256347656,112.10189819335938,79.8832015991211,100.26153564453125,688,14.1,28.4,0.0,1014.7,True,True
2016-03-03,227.0,350.0,374.0,166.0,34.56,35.75,67.15,131.77566528320312,117.7800521850586,136.02488708496094,90.5384292602539,101.2034683227539,729,15.6,29.5,0.0,1014.8,True,True
2016-03-04,232.0,363.0,386.0,164.0,35.91,37.61,66.9,72.01234436035156,44.86917495727539,82.3357162475586,88.12965393066406,100.13617706298828,736,14.8,29.9,0.0,1012.6,True,True
2016-03-05,,,,,,,,68.61474609375,83.60433959960938,63.39479064941406,91.2921371459961,99.2015609741211,869,15.6,32.8,0.0,1011.4,False,False
2016-03-06,,,,,,,,51.65797424316406,38.62422561645508,53.69403076171875,84.12602996826172,97.277587890625,513,15.9,28.1,0.0,1011.7,False,False
2016-03-07,237.0,371.0,397.0,161.0,37.9,39.02,66.97,67.18156433105469,20.607620239257812,103.13274383544922,85.18984985351562,96.93962860107422,641,13.1,27.7,0.0,1011.4,True,True
2016-03-08,240.0,377.0,422.0,180.0,36.67,39.16,67.3,103.05766296386719,136.98724365234375,65.29193878173828,82.30731201171875,96.701904296875,675,14.8,31.7,0.0,1010.8,True,True
2016-03-09,243.0,386.0,447.0,178.0,37.62,40.26,67.07,91.76087188720703,73.1827392578125,99.19265747070312,83.72297668457031,95.10956573486328,722,19.6,37.8,0.0,1010.2,True,True
2016-03-10,246.0,399.0,466.0,178.0,37.77,38.63,67.2,99.94815826416016,56.937435150146484,126.64385223388672,79.17618560791016,95.8544921875,696,16.0,32.4,0.0,1011.2,True,True
2016-03-11,249.0,412.0,477.0,176.0,38.51,39.41,66.93,58.51002502441406,62.81684112548828,52.395450592041016,77.24728393554688,94.49391174316406,736,15.1,28.8,0.0,1011.5,True,True
2016-03-12,,,,,,,,55.942039489746094,63.736961364746094,39.872188568115234,75.43689727783203,92.40947723388672,829,16.7,32.0,0.0,1010.3,False,False
2016-03-13,,,,,,,,64.32170104980469,48.0927848815918,80.22826385498047,77.24600219726562,91.01541137695312,412,14.2,32.0,0.0,1012.0,False,False
2016-03-14,252.0,420.0,481.0,179.0,37.2,38.06,67.15,134.74850463867188,212.6951141357422,65.3611068725586,86.89842224121094,93.35250854492188,590,13.3,28.8,0.0,1012.5,True,True
2016-03-15,255.0,427.0,481.0,186.0,36.32,37.49,67.33,132.50270080566406,121.08694458007812,119.36183166503906,91.1048583984375,93.90339660644531,600,15.5,32.4,0.7,1011.5,True,True
2016-03-16,257.0,432.0,474.0,172.0,38.43,38.38,67.24,100.38084411621094,104.83718872070312,95.39407348632812,92.3362808227539,94.54307556152344,693,15.5,31.3,2.0,1010.5,True,True
2016-03-17,258.0,439.0,467.0,178.0,40.17,39.29,66.61,79.66934967041016,75.24390411376953,69.7342758178711,89.4393081665039,92.90365600585938,790,12.4,27.7,10.7,1011.4,True,True
2016-03-18,260.0,445.0,463.0,197.0,39.47,39.26,66.34,104.46994018554688,121.50643920898438,94.10919952392578,96.00501251220703,91.916259765625,761,16.6,31.3,0.0,1010.1,True,True
2016-03-19,,,,,,,,40.4869384765625,66.04742431640625,24.484477996826172,93.7971420288086,89.30050659179688,900,20.9,40.3,0.0,1008.5,False,False
2016-03-20,,,,,,,,74.36376190185547,121.31159210205078,44.97148895263672,95.23171997070312,86.39300537109375,490,18.5,37.1,0.0,1007.6,False,False
2016-03-21,262.0,449.0,459.0,197.0,39.91,39.91,66.45,112.46371459960938,132.50254821777344,110.52021026611328,92.04817962646484,87.83007049560547,648,18.1,32.0,0.0,1006.6,True,True
2016-03-22,264.0,460.0,455.0,186.0,41.45,40.54,66.58,76.37043762207031,104.68611907958984,55.56636047363281,84.02928161621094,88.33515930175781,694,15.4,30.6,0.2,1006.6,True,True
2016-03-23,266.0,464.0,458.0,196.0,38.28,38.84,66.82,245.37538146972656,366.9301452636719,188.34214782714844,104.74279022216797,93.02558898925781,702,15.5,33.8,0.0,1008.7,True,True
2016-03-24,268.0,468.0,466.0,203.0,38.14,38.33,66.82,141.8479766845703,241.2311553955078,90.19786071777344,113.62545013427734,92.74192810058594,794,16.6,34.9,0.0,1011.7,True,True
2016-03-25,,,,,,,66.82,186.76197814941406,195.98643493652344,179.81922912597656,125.38145446777344,95.11355590820312,674,17.6,36.4,0.1,1012.8,False,True
2016-03-26,,,,,,,,101.58541107177734,96.86955261230469,110.1801528930664,134.10980224609375,96.59343719482422,750,19.1,37.4,0.0,1011.5,False,False
2016-03-27,,,,,,,,65.11189270019531,113.59507751464844,27.071290969848633,132.78811645507812,95.8013687133789,407,24.1,48.2,0.0,1011.4,False,False
2016-03-28,,,,,37.99,38.33,66.58,157.18687438964844,243.76026916503906,96.8191146850586,139.17713928222656,99.49169158935547,569,20.5,36.7,0.3,1011.8,False,True
2016-03-29,270.0,473.0,471.0,207.0,36.91,36.75,66.46,168.95631408691406,285.8312072753906,76.63225555419922,152.4036865234375,101.72953796386719,647,20.8,42.8,0.0,1011.5,True,True
2016-03-30,271.0,474.0,484.0,210.0,36.91,36.75,66.37,140.47825622558594,135.52822875976562,158.26150512695312,137.4183807373047,104.42098999023438,731,21.5,41.8,0.0,1011.6,True,True
2016-03-31,272.0,475.0,501.0,270.0,36.94,36.75,66.25,131.27745056152344,130.8733673095703,145.5484161376953,135.90830993652344,104.68905639648438,757,20.6,42.8,0.0,1009.9,True,True
2016-04-01,272.0,476.0,535.0,345.0,35.36,36.42,66.34,156.7049102783203,182.2596435546875,152.0225372314453,131.61444091796875,107.1841812133789,761,22.2,43.9,0.0,1008.0,True,True
2016-04-02,,,,,,,,88.50371551513672,75.62682342529297,105.13373565673828,129.74563598632812,105.74178314208984,786,24.2,46.4,0.0,1008.5,False,False
2016-04-03,,,,,,,,105.79058837890625,118.6480712890625,98.9642105102539,135.55686950683594,106.86772155761719,501,24.5,50.0,0.0,1008.8,False,False
2016-04-04,274.0,476.0,563.0,424.0,34.3,36.05,66.05,113.1427230834961,100.26174926757812,114.98876953125,129.2648468017578,108.35198974609375,527,26.4,49.0,0.0,1007.0,True,True
2016-04-05,275.0,479.0,596.0,466.0,34.52,35.88,66.4,89.26080322265625,128.53541564941406,57.729122161865234,117.87977600097656,109.60541534423828,668,23.8,43.2,0.0,1006.0,True,True
2016-04-06,278.0,479.0,619.0,477.0,37.74,37.77,66.49,101.51417541503906,117.18091583251953,79.96946716308594,112.31348419189453,110.74983978271484,620,20.2,40.3,0.0,1007.1,True,True
2016-04-07,280.0,482.0,627.0,562.0,37.3,37.15,66.7,93.87843322753906,71.30625915527344,104.08381652832031,106.97076416015625,110.44386291503906,741,19.1,37.8,0.0,1007.3,True,True
2016-04-08,286.0,485.0,643.0,656.0,39.74,40.71,66.49,46.477352142333984,50.54650115966797,35.13397979736328,91.22396850585938,108.93441009521484,784,18.8,35.3,0.0,1008.1,True,True
2016-04-09,,,,,,,,44.5455322265625,64.59406280517578,26.938913345336914,84.94422912597656,107.08765411376953,818,20.5,41.8,0.0,1007.9,False,False
2016-04-10,,,,,,,,69.59175872802734,69.37754821777344,57.86772918701172,79.77296447753906,107.45704650878906,476,19.7,39.2,0.0,1007.6,False,False
2016-04-11,288.0,488.0,654.0,733.0,40.46,41.58,66.33,95.73894500732422,122.16864776611328,70.0567398071289,77.28671264648438,108.78361511230469,865,20.1,34.6,0.0,1005.8,True,True
2016-04-12,290.0,492.0,666.0,744.0,42.12,43.02,66.35,79.82090759277344,89.5221176147461,74.6702880859375,75.93815612792969,109.30025482177734,664,21.9,40.7,0.0,1004.3,True,True
2016-04-13,296.0,498.0,678.0,744.0,41.7,42.81,66.62,97.70214080810547,64.93427276611328,116.06055450439453,75.39358520507812,108.06537628173828,712,21.4,43.2,0.0,1003.3,True,True
2016-04-14,309.0,506.0,700.0,831.0,41.45,43.02,66.56,96.78153228759766,61.3986701965332,124.37335205078125,75.80831146240234,106.87466430664062,753,22.1,44.3,0.0,1004.6,True,True
2016-04-15,321.0,514.0,727.0,949.0,40.4,41.32,66.49,86.41481018066406,65.63719177246094,116.33929443359375,81.51366424560547,106.40913391113281,805,25.9,47.2,0.0,1006.2,True,True
2016-04-16,,,,,,,,55.63744354248047,68.26607513427734,49.823062896728516,83.09822082519531,105.60807037353516,774,28.7,56.5,0.0,1005.1,False,False
2016-04-17,,,,,,,,64.11421203613281,71.01873779296875,47.389312744140625,82.31571197509766,104.26287841796875,465,28.8,49.7,0.0,1004.5,False,False
2016-04-18,328.0,525.0,740.0,1030.0,39.74,41.64,66.42,52.3036994934082,57.93634033203125,48.32462692260742,76.11067962646484,104.65676879882812,570,28.0,54.7,0.0,1005.9,True,True
2016-04-19,334.0,529.0,746.0,1065.0,40.88,43.02,66.12,90.2462387084961,84.67618560791016,105.94245910644531,77.60001373291016,105.18618774414062,624,25.6,48.6,0.0,1006.7,True,True
2016-04-20,342.0,534.0,747.0,1022.0,42.72,43.09,66.12,93.18052673339844,102.18307495117188,77.48252868652344,76.95406341552734,104.54341125488281,711,26.0,51.1,0.0,1006.7,True,True
2016-04-21,348.0,543.0,743.0,1004.0,43.18,43.48,66.43,93.311767578125,120.9319076538086,100.86915588378906,76.45838928222656,105.10812377929688,710,28.8,52.2,0.0,1004.2,True,True
2016-04-22,354.0,551.0,736.0,1085.0,42.76,43.97,66.6,76.72159576416016,89.98286437988281,75.05459594726562,75.07363891601562,99.48633575439453,734,27.4,54.4,0.0,1002.5,True,True
2016-04-23,,,,,,,,40.49593734741211,64.59406280517578,13.469456672668457,72.91056823730469,96.1079330444336,818,28.1,55.4,0.0,1000.6,False,False
2016-04-24,,,,,,,,86.98208618164062,130.07151794433594,60.27360534667969,76.17740631103516,92.78193664550781,457,28.1,50.4,0.0,1001.6,False,False
2016-04-25,356.0,558.0,727.0,1087.0,41.67,42.97,66.65,80.2722396850586,106.70020294189453,62.298954010009766,80.17291259765625,92.07149505615234,619,29.0,54.4,0.0,1004.3,True,True
2016-04-26,358.0,562.0,718.0,1135.0,42.52,43.94,66.4,80.30467224121094,100.07186126708984,66.77584838867188,78.752685546875,92.57791900634766,660,26.5,51.1,0.0,1006.9,True,True
2016-04-27,362.0,564.0,704.0,1160.0,45.29,44.17,66.52,74.1619644165039,88.72042846679688,65.7791976928711,76.03575134277344,89.8104248046875,670,21.6,43.2,0.0,1005.5,True,True
2016-04-28,365.0,573.0,685.0,1137.0,46.03,45.6,66.39,105.86102294921875,79.15137481689453,146.7112579345703,77.82850646972656,87.70724487304688,751,18.7,38.2,0.0,1004.9,True,True
2016-04-29,367.0,578.0,667.0,1117.0,45.98,45.64,66.39,77.53734588623047,60.12119674682617,85.96630859375,77.94503784179688,85.60921478271484,769,17.9,38.5,0.0,1005.6,True,True
2016-04-30,,,,,,,,71.83882141113281,103.44778442382812,53.09886932373047,82.42259216308594,83.6279296875,830,18.5,30.2,0.0,1005.5,False,False
2016-05-01,,,,,,,,77.36357116699219,112.1824722290039,58.482032775878906,81.04852294921875,80.98321533203125,471,22.9,43.2,0.0,1004.3,False,False
2016-05-02,,,,,44.75,45.82,66.36,99.31861114501953,58.242881774902344,116.5927505493164,83.7694320678711,81.34371185302734,567,24.6,49.3,0.0,1004.5,False,True
2016-05-03,368.0,582.0,640.0,1055.0,43.65,43.09,66.51,71.12875366210938,131.6896514892578,33.79759216308594,82.45858764648438,80.18832397460938,652,25.7,49.0,0.0,1005.1,True,True
2016-05-04,365.0,583.0,621.0,954.0,43.77,43.08,66.63,104.36856842041016,171.90426635742188,45.27951431274414,86.77381134033203,79.8958511352539,730,18.9,40.3,0.0,1006.4,True,True
2016-05-05,365.0,583.0,607.0,915.0,44.33,44.39,66.53,103.82675170898438,69.00477600097656,115.11359405517578,86.48320007324219,80.38137817382812,670,18.4,39.2,0.0,1007.0,True,True
2016-05-06,359.0,582.0,591.0,892.0,44.58,44.6,66.52,79.36795043945312,91.61685943603516,55.57637023925781,86.74472045898438,79.64317321777344,793,18.4,36.7,0.0,1007.0,True,True
2016-05-07,,,,,,,,54.57969665527344,58.59721374511719,41.893592834472656,84.27912902832031,78.33321380615234,789,21.6,38.9,0.0,1006.8,False,False
2016-05-08,,,,,,,,22.33191680908203,29.684236526489258,24.759584426879883,76.41746520996094,77.52836608886719,445,19.5,40.0,0.0,1008.3,False,False
2016-05-09,355.0,578.0,584.0,837.0,43.45,42.43,66.7,100.38084411621094,84.27103424072266,96.64925384521484,76.5692138671875,79.38954162597656,627,17.5,36.4,0.6,1008.1,True,True
2016-05-10,352.0,575.0,581.0,752.0,44.68,44.01,66.58,72.8036880493164,51.84256362915039,112.42872619628906,76.80848693847656,79.49661254882812,637,18.1,37.1,0.0,1008.1,True,True
2016-05-11,349.0,567.0,583.0,713.0,46.21,46.08,66.53,113.59468841552734,124.20423126220703,109.69263458251953,78.12650299072266,80.091796875,904,16.9,31.3,0.1,1006.9,True,True
2016-05-12,347.0,560.0,589.0,724.0,46.64,46.43,66.7,101.35812377929688,119.41815948486328,91.94448852539062,77.77384185791016,80.80970764160156,719,20.7,38.2,0.0,1004.1,True,True
2016-05-13,347.0,555.0,597.0,798.0,46.22,47.05,66.84,88.21751403808594,79.15137481689453,88.0267562866211,79.03807067871094,80.4935531616211,751,23.5,48.2,0.0,1003.8,True,True
2016-05-14,,,,,,,,45.949867248535156,41.64402770996094,48.62932205200195,77.80523681640625,78.79916381835938,793,25.0,51.5,0.0,1006.4,False,False
2016-05-15,,,,,,,,72.96404266357422,43.643672943115234,97.07501983642578,85.03839874267578,78.3508071899414,454,28.5,56.2,0.0,1006.2,False,False
2016-05-16,347.0,553.0,598.0,854.0,47.72,48.49,66.78,66.86859893798828,51.279056549072266,76.9892349243164,80.25093078613281,78.72517395019531,644,25.7,50.4,0.0,1004.9,True,True
2016-05-17,345.0,552.0,604.0,988.0,48.29,48.71,66.74,88.40447235107422,51.84256362915039,121.07709503173828,82.4796142578125,79.53485107421875,637,24.4,50.0,1.5,1004.3,True,True
2016-05-18,342.0,552.0,611.0,954.0,48.12,48.93,66.95,92.40077209472656,73.69308471679688,107.56778717041016,79.45191192626953,80.87142181396484,717,24.2,48.2,0.5,1003.9,True,True
2016-05-19,342.0,553.0,617.0,906.0,48.16,47.01,67.57,73.92061614990234,82.90471649169922,84.5175552368164,75.53227233886719,80.32723236083984,717,21.1,41.8,42.3,1002.3,True,True
2016-05-20,343.0,558.0,614.0,870.0,47.67,48.54,67.42,115.90248107910156,164.00038146972656,68.39625549316406,79.48726654052734,81.08463287353516,886,25.7,51.5,109.9,997.0,True,True
2016-05-21,,,,,,,,83.91305541992188,119.50679779052734,66.45365142822266,84.91057586669922,80.7713394165039,829,24.0,45.7,0.9,998.3,False,False
2016-05-22,,,,,,,,104.1688003540039,152.3106231689453,69.29569244384766,89.36840057373047,81.68624877929688,477,20.7,35.3,0.0,999.0,False,False
2016-05-23,344.0,562.0,611.0,870.0,48.12,47.77,67.47,121.707763671875,158.26060485839844,79.20298767089844,97.20256805419922,84.393310546875,626,18.5,33.1,0.0,999.2,True,True
2016-05-24,345.0,565.0,608.0,848.0,48.04,48.42,67.59,86.67697143554688,97.68106079101562,106.54508209228516,96.95578002929688,84.38314056396484,879,11.8,32.0,0.9,1000.0,True,True
2016-05-25,346.0,568.0,596.0,799.0,49.1,48.87,67.28,75.74468994140625,70.4774398803711,100.77452850341797,94.57633972167969,84.23222351074219,656,14.2,29.9,0.0,998.8,True,True
2016-05-26,347.0,571.0,586.0,793.0,49.0,49.52,66.9,68.9161148071289,82.44477081298828,61.12630081176758,93.86141204833984,83.85260009765625,721,15.6,32.8,0.0,1000.5,True,True
2016-05-27,347.0,575.0,582.0,830.0,49.36,49.09,66.96,81.85124206542969,47.99958419799805,104.09461975097656,88.9969482421875,84.1089096069336,688,17.5,36.4,0.0,1001.8,True,True
2016-05-28,,,,,,,,62.501277923583984,66.46281433105469,69.29569244384766,85.93812561035156,82.66358947753906,795,14.6,32.0,0.0,1001.5,False,False
2016-05-29,,,,,,,,44.966983795166016,59.771427154541016,24.927637100219727,77.48072052001953,81.57791137695312,442,16.1,35.3,0.0,1002.1,False,False
2016-05-30,,,,,,,,108.72760772705078,57.80956268310547,144.6566619873047,75.62641143798828,82.80753326416016,457,17.2,34.2,0.0,1002.2,False,False
2016-05-31,351.0,579.0,574.0,854.0,49.1,49.26,67.12,141.11044311523438,126.60848236083984,146.6721954345703,83.40262603759766,84.93243408203125,939,18.8,38.5,0.1,1003.2,True,True
2016-06-01,355.0,580.0,568.0,861.0,49.07,48.81,67.44,100.83919525146484,140.74032592773438,75.46585845947266,86.987548828125,84.98311614990234,657,16.6,36.7,0.0,1003.9,True,True
2016-06-02,354.0,578.0,560.0,854.0,49.14,49.05,67.22,94.64479064941406,141.5301971435547,47.220062255859375,90.66307830810547,85.76698303222656,700,18.1,33.5,0.1,1003.4,True,True
2016-06-03,349.0,575.0,550.0,913.0,48.69,48.5,66.99,144.19883728027344,151.74136352539062,139.89015197753906,99.56987762451172,87.09465789794922,827,16.2,33.5,17.9,1003.6,True,True
2016-06-04,,,,,,,,56.81184768676758,34.85352325439453,65.4103775024414,98.7571029663086,85.52749633789062,758,14.5,33.1,1.2,1004.6,False,False
2016-06-05,,,,,,,,63.55046081542969,47.516136169433594,66.05524444580078,101.41188049316406,85.000244140625,417,14.4,32.4,8.1,1005.0,False,False
2016-06-06,345.0,574.0,544.0,922.0,49.71,48.94,66.81,101.40513610839844,134.79066467285156,93.69061279296875,100.36581420898438,86.56109619140625,588,13.6,29.2,1.0,1004.4,True,True
2016-06-07,344.0,570.0,542.0,920.0,50.37,49.76,66.64,79.2243423461914,78.98047637939453,74.1122055053711,91.52494812011719,88.45751190185547,669,19.1,37.1,6.6,1004.0,True,True
2016-06-08,338.0,567.0,540.0,973.0,51.23,50.73,66.51,76.72159576416016,71.98629760742188,82.56005859375,88.07957458496094,87.66886901855469,734,14.2,37.1,6.9,1002.0,True,True
2016-06-09,332.0,564.0,543.0,995.0,50.52,50.59,66.68,61.34384536743164,75.2677230834961,47.08553695678711,83.32229614257812,87.28687286376953,702,19.0,37.4,2.5,1000.7,True,True
2016-06-10,327.0,560.0,543.0,1006.0,49.09,49.7,66.84,62.16614532470703,44.2677116394043,88.61674499511719,71.60334014892578,85.57258605957031,746,23.2,43.9,1.2,1000.6,True,True
2016-06-11,,,,,,,,44.436885833740234,48.32738494873047,53.74641418457031,69.83548736572266,83.67521667480469,820,25.9,46.4,0.0,1000.3,False,False
2016-06-12,,,,,,,,16.358360290527344,16.308006286621094,13.60248851776123,63.09375762939453,81.2799072265625,405,22.1,41.8,0.0,999.9,False,False
2016-06-13,322.0,557.0,542.0,1014.0,48.89,49.36,67.17,93.311767578125,134.3687744140625,43.106475830078125,61.937564849853516,82.85863494873047,639,18.8,37.8,0.0,1000.0,True,True
2016-06-14,317.0,554.0,543.0,1018.0,48.49,47.88,67.34,108.35501861572266,195.4674530029297,34.32403564453125,66.09909057617188,84.03833770751953,642,14.8,30.6,4.5,999.3,True,True
2016-06-15,315.0,552.0,545.0,1000.0,47.92,47.47,67.08,129.708984375,129.30972290039062,141.0438690185547,73.66871643066406,86.13301849365234,664,16.5,36.4,4.3,998.9,True,True
2016-06-16,314.0,552.0,545.0,976.0,46.14,45.66,67.43,78.98127746582031,111.1597671508789,54.085628509521484,76.18834686279297,85.81890869140625,713,11.5,30.2,4.3,999.3,True,True
2016-06-17,311.0,554.0,546.0,927.0,48.0,46.57,67.11,99.28677368164062,125.97602081298828,67.54914093017578,81.49129486083984,86.04844665527344,734,11.0,27.4,10.4,999.5,True,True
2016-06-18,,,,,,,,70.89918518066406,117.80158996582031,26.202177047729492,85.27162170410156,85.9477310180664,841,18.9,44.6,2.5,1001.1,False,False
2016-06-19,,,,,,,,103.74932098388672,147.75711059570312,86.27080535888672,97.75605010986328,85.5426254272461,447,19.4,43.2,1.6,1003.3,False,False
2016-06-20,312.0,555.0,546.0,897.0,49.4,48.68,67.54,90.8284683227539,85.22248077392578,97.7404556274414,97.40129089355469,85.77313995361328,620,16.5,33.8,5.0,1003.9,True,True
2016-06-21,315.0,559.0,548.0,873.0,48.95,48.18,67.73,116.31917572021484,100.83576202392578,109.33908081054688,98.53902435302734,86.17815399169922,655,16.2,34.2,1.1,1003.8,True,True
2016-06-22,318.0,563.0,556.0,878.0,49.16,48.43,67.49,104.51173400878906,108.72003936767578,113.35407257080078,94.93942260742188,85.60494995117188,729,15.2,33.8,0.7,1004.2,True,True
2016-06-23,322.0,570.0,569.0,897.0,49.34,48.63,67.29,106.85701751708984,63.91686248779297,133.28244018554688,98.92166900634766,86.27761840820312,620,16.2,34.2,0.5,1003.1,True,True
2016-06-24,329.0,577.0,585.0,913.0,46.7,46.69,67.82,67.60342407226562,70.94245910644531,76.92491912841797,94.39547729492188,86.00624084472656,931,14.2,29.2,0.8,1002.0,True,True
2016-06-25,,,,,,,,54.495826721191406,54.32808303833008,45.31498718261719,92.05213928222656,85.52556610107422,851,13.6,31.0,0.9,1002.5,False,False
2016-06-26,,,,,,,,38.25135803222656,30.506893157958984,38.168643951416016,82.6952896118164,84.07223510742188,433,14.5,33.1,20.2,1001.8,False,False
2016-06-27,331.0,583.0,601.0,919.0,45.8,45.07,67.92,109.86957550048828,76.6719741821289,118.76799011230469,85.41544342041016,85.65117645263672,603,13.4,31.0,15.6,999.2,True,True
2016-06-28,336.0,587.0,618.0,936.0,47.93,46.29,67.86,96.44184112548828,50.162601470947266,118.54826354980469,82.5758285522461,87.36700439453125,790,17.1,35.6,1.7,999.0,True,True
2016-06-29,338.0,593.0,634.0,955.0,49.85,48.4,67.42,151.0141143798828,174.8314208984375,145.82667541503906,89.21902465820312,88.77655792236328,680,25.2,49.7,9.6,1000.3,True,True
2016-06-30,342.0,606.0,662.0,996.0,48.27,48.05,67.51,134.22850036621094,172.0482940673828,103.64269256591797,93.12923431396484,88.54715728759766,691,16.4,40.7,3.3,998.7,True,True
2016-07-01,344.0,619.0,691.0,1030.0,49.02,47.65,67.24,112.06250762939453,151.93588256835938,74.54678344726562,99.48052978515625,88.92127227783203,739,12.4,27.0,2.6,996.2,True,True
2016-07-02,,,,,,,,88.87377166748047,120.8184585571289,73.90132141113281,104.39167022705078,88.7289047241211,820,23.2,34.2,40.6,996.9,False,False
2016-07-03,,,,,,,,102.71527862548828,170.66517639160156,71.1758041381836,113.60079956054688,87.34611511230469,387,24.5,43.9,13.9,999.0,False,False
2016-07-04,347.0,627.0,710.0,1049.0,,48.02,,42.83492660522461,56.937435150146484,47.4914436340332,104.02442169189453,86.88021850585938,464,29.5,56.2,13.5,999.5,True,False
2016-07-05,349.0,633.0,735.0,1034.0,46.73,45.64,67.4,98.27861785888672,92.21281433105469,96.14324188232422,104.28681945800781,88.03782653808594,573,27.0,50.4,13.7,998.6,True,True
2016-07-06,349.0,637.0,755.0,1019.0,47.37,45.7,67.45,107.6462173461914,126.82666015625,105.78596496582031,98.09140014648438,88.24586486816406,677,22.4,41.8,2.3,998.2,True,True
2016-07-07,352.0,639.0,779.0,1008.0,45.22,45.93,67.49,141.4793243408203,175.0889129638672,121.7011947631836,99.12723541259766,90.32102966308594,679,15.3,31.7,5.7,998.0,True,True
2016-07-08,354.0,644.0,792.0,1002.0,45.37,44.53,67.13,131.0286407470703,146.95347595214844,136.19302368164062,101.83668518066406,92.13126373291016,809,17.7,38.5,13.3,996.8,True,True
2016-07-09,,,,,,,,109.11988067626953,101.01371002197266,116.66133880615234,104.7289810180664,93.72380065917969,850,26.6,55.4,1.2,995.9,False,False
2016-07-10,,,,,,,,121.48780822753906,161.4851531982422,94.28619384765625,107.41077423095703,95.70118713378906,409,24.9,48.2,2.7,995.6,False,False
2016-07-11,356.0,647.0,799.0,991.0,44.73,44.04,67.11,90.2462387084961,84.67618560791016,97.11392211914062,114.1838150024414,97.22816467285156,624,18.9,36.7,3.0,996.5,True,True
2016-07-12,358.0,651.0,809.0,987.0,46.82,46.72,67.05,114.82037353515625,114.4669418334961,143.21510314941406,116.54692840576172,100.5102310180664,577,19.9,42.5,2.1,998.9,True,True
2016-07-13,360.0,666.0,819.0,1010.0,44.87,44.67,66.99,57.69348907470703,57.51590347290039,47.973941802978516,109.41082000732422,99.32295227050781,689,15.8,31.7,0.2,1000.3,True,True
2016-07-14,361.0,679.0,842.0,1020.0,45.64,46.01,66.81,109.42415618896484,148.75546264648438,82.71783447265625,104.83151245117188,99.35859680175781,666,15.2,32.8,6.1,1000.0,True,True
2016-07-15,363.0,686.0,863.0,1023.0,45.93,46.25,67.07,91.61395263671875,134.59446716308594,64.15147399902344,99.20084381103516,98.08876037597656,687,16.4,31.7,18.5,1001.0,True,True
2016-07-16,,,,,,,,237.53746032714844,396.1123352050781,179.5634765625,117.54621124267578,103.37396240234375,767,21.3,39.6,19.6,1004.0,False,False
2016-07-17,,,,,,,,188.21408081054688,315.2263488769531,112.68424224853516,127.07853698730469,106.33821105957031,440,22.9,45.7,8.9,1006.5,False,False
2016-07-18,366.0,693.0,874.0,1016.0,45.23,45.35,67.14,158.04234313964844,201.67152404785156,126.16048431396484,136.76368713378906,109.24298095703125,524,15.8,37.4,13.6,1005.1,True,True
2016-07-19,371.0,697.0,879.0,986.0,44.64,45.7,67.14,190.2488250732422,167.3498992919922,214.03237915039062,147.5391845703125,112.12629699707031,592,13.2,32.4,7.3,1002.7,True,True
2016-07-20,376.0,700.0,872.0,937.0,44.96,45.82,67.18,104.29373168945312,128.72811889648438,82.59381866455078,154.1963653564453,112.57514190673828,667,14.0,29.2,3.9,1002.0,True,True
2016-07-21,379.0,702.0,850.0,906.0,43.96,44.99,67.15,146.57379150390625,146.12261962890625,154.38221740722656,159.50344848632812,113.58362579345703,678,13.6,30.6,5.0,1002.4,True,True
2016-07-22,383.0,701.0,827.0,895.0,43.41,44.24,67.19,150.14471435546875,149.68255615234375,140.45628356933594,167.864990234375,115.10472869873047,706,19.1,38.9,13.3,1002.7,True,True
2016-07-23,,,,,,,,77.7395248413086,111.94478607177734,57.46031188964844,145.03671264648438,114.13414001464844,767,19.0,41.4,19.6,1003.5,False,False
2016-07-24,,,,,,,,104.01782989501953,159.5348358154297,79.84069061279297,133.00868225097656,115.34795379638672,414,16.8,37.4,9.1,1003.8,False,False
2016-07-25,386.0,698.0,806.0,877.0,42.4,43.76,67.41,100.5713119506836,137.85989379882812,73.17467498779297,124.79853057861328,116.88380432128906,527,21.4,40.7,14.1,1005.2,True,True
2016-07-26,390.0,697.0,784.0,841.0,42.16,43.56,67.34,81.79179382324219,112.11753845214844,76.51399230957031,109.30467224121094,118.33515167236328,648,18.7,34.6,21.4,1006.6,True,True
2016-07-27,392.0,690.0,752.0,803.0,41.9,42.78,67.14,99.42936706542969,177.37855529785156,26.109041213989258,108.6097640991211,117.98714447021484,633,13.4,26.3,6.1,1007.1,True,True
2016-07-28,396.0,684.0,719.0,780.0,41.13,41.87,66.96,90.89362335205078,140.9548797607422,50.387264251708984,100.65544891357422,117.80220794677734,656,14.6,30.6,1.5,1005.2,True,True
2016-07-29,399.0,676.0,692.0,768.0,41.54,40.76,66.77,107.76387023925781,140.12890625,85.7129898071289,94.60104370117188,116.36053466796875,707,13.8,29.5,7.3,1003.1,True,True
2016-07-30,,,,,,,,66.51741790771484,61.8918342590332,66.37358093261719,92.99788665771484,114.1034927368164,747,9.8,25.6,16.1,1002.3,False,False
2016-07-31,,,,,,,,49.318626403808594,49.16682052612305,41.00998306274414,85.1837158203125,112.01203155517578,403,11.8,28.8,19.8,1001.4,False,False
2016-08-01,401.0,671.0,673.0,757.0,40.05,40.17,66.63,98.58832550048828,157.2557830810547,54.652854919433594,84.90042877197266,112.33585357666016,504,14.2,24.5,35.3,998.5,True,True
2016-08-02,400.0,667.0,658.0,757.0,39.5,40.0,66.65,126.30240631103516,148.80702209472656,95.47673797607422,91.25909423828125,113.12208557128906,577,13.4,27.0,13.4,995.9,True,True
2016-08-03,397.0,663.0,648.0,758.0,40.8,40.45,66.8,118.50753784179688,168.77536010742188,75.08016967773438,93.98454284667969,115.6445083618164,587,10.9,22.7,16.3,995.6,True,True
2016-08-04,395.0,660.0,641.0,759.0,41.92,41.33,66.76,154.44447326660156,116.80413055419922,203.70928955078125,103.06324005126953,117.51670837402344,622,14.0,32.8,113.3,995.6,True,True
2016-08-05,394.0,654.0,640.0,770.0,41.83,42.47,66.84,93.311767578125,120.9319076538086,93.10999298095703,100.99864959716797,117.03888702392578,710,21.3,36.4,21.8,997.5,True,True
2016-08-06,,,,,,,,45.007713317871094,53.84300994873047,37.425323486328125,97.92583465576172,113.82316589355469,736,22.0,44.3,8.7,999.0,False,False
2016-08-07,,,,,,,,72.89268493652344,129.18812561035156,53.87782669067383,101.2935562133789,111.88530731201172,409,22.7,47.9,10.1,1000.6,False,False
2016-08-08,392.0,647.0,638.0,777.0,43.06,43.24,66.82,116.02689361572266,150.37066650390625,96.47999572753906,103.78478240966797,112.11553955078125,571,16.2,33.8,31.2,1001.5,True,True
2016-08-09,389.0,645.0,642.0,770.0,42.78,43.37,66.76,114.03922271728516,140.75680541992188,108.3739242553711,102.03289794921875,111.86724853515625,610,21.1,45.7,67.5,1000.4,True,True
2016-08-10,391.0,642.0,659.0,795.0,41.75,42.19,66.72,116.2304458618164,147.4743194580078,105.435546875,101.70760345458984,112.73339080810547,627,21.1,42.5,26.8,1001.0,True,True
2016-08-11,394.0,639.0,687.0,833.0,43.51,44.23,66.75,97.57951354980469,81.9192886352539,136.6575469970703,93.58403778076172,112.15869903564453,645,22.3,42.1,6.8,1002.0,True,True
2016-08-12,396.0,640.0,703.0,891.0,44.47,45.12,66.82,112.60853576660156,112.26191711425781,124.85002899169922,96.34071350097656,113.98919677734375,706,20.8,41.0,8.3,1001.6,True,True
2016-08-13,,,,,,,,96.78153228759766,87.71238708496094,95.1090316772461,103.73697662353516,113.56777954101562,753,18.1,36.7,0.5,1000.8,False,False
2016-08-14,,,,,,,,87.17283630371094,79.00409698486328,79.07666778564453,105.7770004272461,113.41973876953125,418,14.6,35.6,5.4,999.6,False,False
2016-08-15,399.0,643.0,713.0,920.0,45.72,47.31,66.85,97.81204223632812,117.0131607055664,75.9115219116211,103.17487335205078,108.76222229003906,508,14.8,28.8,31.4,997.5,True,True
2016-08-16,403.0,646.0,721.0,926.0,46.57,48.27,66.83,95.1244125366211,122.72325897216797,74.44605255126953,100.47276306152344,105.65924072265625,592,19.4,38.9,27.4,994.9,True,True
2016-08-17,405.0,652.0,726.0,885.0,46.81,48.58,66.96,61.155094146728516,91.45027923583984,50.852378845214844,92.60485076904297,102.4296646118164,650,24.8,44.3,22.3,994.1,True,True
2016-08-18,407.0,666.0,727.0,852.0,48.2,49.46,66.83,118.65913391113281,78.86260223388672,139.78079223632812,95.61622619628906,100.04334259033203,670,23.2,50.0,0.4,998.0,True,True
2016-08-19,412.0,677.0,727.0,843.0,48.48,49.39,67.13,78.40396881103516,117.24394989013672,32.597679138183594,90.7298583984375,99.18034362792969,676,14.4,28.1,0.5,1000.7,True,True
2016-08-20,,,,,,,,55.85392761230469,85.66462707519531,50.01693344116211,84.883056640625,96.1563491821289,771,11.1,23.4,0.6,1001.6,False,False
2016-08-21,,,,,,,,23.110937118530273,46.07959747314453,0.0,75.73136138916016,91.92189025878906,430,13.9,34.2,0.5,1002.1,False,False
2016-08-22,416.0,686.0,721.0,848.0,46.8,48.1,67.18,84.60388946533203,90.83142852783203,64.9391860961914,73.844482421875,92.15070343017578,509,16.9,33.8,12.8,1003.7,True,True
2016-08-23,420.0,694.0,714.0,861.0,47.54,48.7,67.09,89.98486328125,123.34833526611328,65.47207641601562,73.11026000976562,91.68293762207031,589,16.2,34.2,21.5,1004.0,True,True
2016-08-24,425.0,702.0,706.0,910.0,46.29,47.56,67.14,139.23226928710938,185.07159423828125,96.47999572753906,84.26414489746094,92.97163391113281,571,9.5,25.9,12.4,1002.9,True,True
2016-08-25,428.0,712.0,700.0,974.0,46.97,49.25,67.01,176.9652099609375,264.6307678222656,110.36409759521484,92.59358215332031,96.14408111572266,599,15.5,26.6,13.2,1003.2,True,True
2016-08-26,431.0,715.0,687.0,1001.0,47.64,49.66,66.98,80.30467224121094,80.05747985839844,66.77584838867188,92.8651123046875,95.506591796875,660,14.8,30.2,8.4,1003.9,True,True
2016-08-27,,,,,,,,117.3005599975586,168.3928680419922,85.83439636230469,101.64320373535156,96.38682556152344,706,17.0,33.8,6.1,1005.3,False,False
2016-08-28,,,,,,,,71.81718444824219,107.3941879272461,29.859121322631836,108.60123443603516,95.18860626220703,369,13.8,30.6,1.1,1005.6,False,False
2016-08-29,,,,,46.97,49.66,67.15,151.196044921875,219.2445831298828,91.4358139038086,118.1144027709961,98.01122283935547,482,11.5,26.3,6.4,1003.6,False,True
2016-08-30,432.0,719.0,674.0,986.0,46.32,47.94,67.14,79.74700164794922,97.84803771972656,51.00933074951172,116.65184783935547,99.02550506591797,540,16.1,32.0,4.6,1002.7,True,True
2016-08-31,432.0,721.0,660.0,978.0,44.68,47.94,66.94,86.18061828613281,128.87303161621094,53.74641418457031,109.07304382324219,98.6119155883789,615,15.9,36.7,9.1,1003.5,True,True
2016-09-01,433.0,723.0,652.0,1002.0,43.17,45.05,66.85,72.01234436035156,110.44719696044922,46.06193542480469,94.07977294921875,96.80224609375,598,20.7,38.9,4.4,1003.4,True,True
2016-09-02,432.0,721.0,644.0,1054.0,44.39,45.96,66.6,77.37384033203125,67.49372100830078,80.42346954345703,93.66108703613281,95.43112182617188,685,18.8,34.2,9.1,1001.9,True,True
2016-09-03,,,,,,,,81.90414428710938,108.86939239501953,52.971229553222656,88.60445404052734,93.01310729980469,728,15.6,33.1,35.8,1000.9,False,False
2016-09-04,,,,,,,,86.4900131225586,120.71331024169922,57.53532791137695,90.70056915283203,92.78572082519531,383,19.8,36.7,30.9,1001.9,False,False
2016-09-05,429.0,718.0,640.0,1079.0,,46.72,,52.6999397277832,75.05389404296875,25.040943145751953,76.62969970703125,93.04212951660156,440,21.3,45.4,31.3,1002.4,True,False
2016-09-06,425.0,714.0,641.0,1182.0,44.85,46.21,66.28,91.33917999267578,60.70535659790039,111.39537811279297,78.28572845458984,93.6570053100586,544,17.7,34.9,0.2,1002.8,True,True
2016-09-07,422.0,702.0,648.0,1371.0,45.47,47.0,66.42,91.87398529052734,101.76799011230469,84.88455200195312,79.09906005859375,92.85191345214844,649,15.3,34.9,1.1,1002.3,True,True
2016-09-08,420.0,694.0,655.0,1478.0,47.63,49.23,66.52,60.41156768798828,60.225616455078125,58.60646057128906,77.44181060791016,91.06432342529297,658,15.5,31.3,0.9,1002.9,True,True
2016-09-09,419.0,688.0,658.0,1566.0,45.88,48.37,66.76,116.9141616821289,106.8414306640625,105.31926727294922,83.09042358398438,91.08711242675781,680,14.1,29.2,5.0,1004.1,True,True
2016-09-10,,,,,,,,110.29214477539062,68.24647521972656,132.82337951660156,87.14585876464844,91.51087188720703,871,15.3,34.2,4.7,1003.8,False,False
2016-09-11,,,,,,,,93.0932388305664,92.80668640136719,103.2132568359375,88.08917236328125,90.86035919189453,427,15.8,32.8,7.1,1003.0,False,False
2016-09-12,417.0,681.0,659.0,1581.0,46.28,47.82,66.79,137.5460662841797,137.1226806640625,123.90501403808594,100.21005249023438,92.21917724609375,578,14.0,31.7,8.7,1003.4,True,True
2016-09-13,415.0,671.0,656.0,1607.0,44.91,46.48,67.03,122.2564468383789,127.68394470214844,125.86485290527344,104.62680053710938,93.38863372802734,569,15.8,34.9,18.2,1004.6,True,True
2016-09-14,415.0,665.0,649.0,1444.0,43.62,45.65,66.78,115.55469512939453,134.39883422851562,88.08006286621094,108.00975799560547,93.98004913330078,688,16.6,36.7,10.4,1005.2,True,True
2016-09-15,415.0,661.0,645.0,1487.0,43.85,45.83,66.84,99.23526000976562,75.3750991821289,117.88175964355469,113.55599975585938,94.11708068847656,701,13.7,31.7,9.7,1004.8,True,True
2016-09-16,415.0,660.0,646.0,1680.0,43.04,45.26,67.1,51.03395462036133,37.00135803222656,54.00988006591797,104.14454650878906,93.77970886230469,714,17.3,29.2,13.4,1004.5,True,True
2016-09-17,,,,,,,,66.83617401123047,91.61685943603516,62.523414611816406,97.9365463256836,92.05227661132812,793,14.2,30.6,6.3,1004.3,False,False
2016-09-18,,,,,,,,104.68611907958984,119.27301025390625,87.04978942871094,99.5926742553711,92.9283447265625,443,12.9,28.1,6.8,1005.2,False,False
2016-09-19,416.0,661.0,650.0,1853.0,43.34,46.04,66.94,255.72784423828125,391.3043212890625,148.35748291015625,116.47578430175781,99.59081268310547,557,14.9,30.2,0.7,1004.3,True,True
2016-09-20,417.0,660.0,657.0,1964.0,43.85,45.24,66.97,183.1067657470703,243.39085388183594,175.32855224609375,125.16868591308594,104.92400360107422,597,15.5,32.0,0.8,1003.9,True,True
2016-09-21,418.0,662.0,673.0,2118.0,45.33,45.99,66.99,162.7410430908203,230.2762908935547,148.420166015625,131.9095916748047,107.52857971191406,631,18.5,41.4,10.4,1005.6,True,True
2016-09-22,420.0,688.0,700.0,2389.0,46.1,47.21,66.6,95.46304321289062,114.20304870605469,79.38050842285156,131.37071228027344,107.711181640625,694,16.2,33.5,10.3,1005.7,True,True
2016-09-23,421.0,671.0,722.0,2383.0,44.36,46.71,66.66,100.2487564086914,112.97586059570312,108.73040771484375,138.40139770507812,106.41173553466797,760,13.4,31.0,11.7,1003.9,True,True
2016-09-24,,,,,,,,71.66613006591797,79.38392639160156,79.45684051513672,139.0913848876953,102.90176391601562,832,17.9,35.6,7.4,1003.1,False,False
2016-09-25,,,,,,,,52.461483001708984,74.71428680419922,62.319091796875,131.63072204589844,101.9736557006836,442,16.9,35.3,4.0,1003.9,False,False
2016-09-26,422.0,673.0,739.0,2325.0,45.6,46.61,66.56,133.84112548828125,144.54823303222656,120.5675048828125,114.21833801269531,102.52500915527344,594,16.2,33.5,4.8,1005.5,True,True
2016-09-27,422.0,674.0,750.0,2298.0,44.65,44.95,66.5,83.86247253417969,104.50542449951172,69.7342758178711,100.04058074951172,102.92652130126953,632,15.0,32.8,24.1,1005.7,True,True
2016-09-28,422.0,676.0,751.0,2196.0,47.07,45.49,66.5,115.8915786743164,96.27904510498047,120.4593505859375,93.3478012084961,101.74970245361328,686,13.5,30.2,17.4,1004.7,True,True
2016-09-29,422.0,676.0,741.0,2067.0,47.72,48.43,66.72,104.65530395507812,127.0142822265625,90.80782318115234,94.66098022460938,102.5799789428711,728,15.6,32.8,29.0,1003.8,True,True
2016-09-30,421.0,679.0,726.0,2008.0,47.72,48.24,66.58,120.28876495361328,175.2655029296875,107.71802520751953,97.52383422851562,103.7169189453125,716,15.6,34.2,6.3,1003.6,True,True
2016-10-01,,,,,,,,47.720062255859375,55.50204086303711,39.68072509765625,94.10296630859375,102.90717315673828,833,14.5,31.0,6.5,1005.8,False,False
2016-10-02,,,,,,,,64.79350280761719,113.03960418701172,26.938913345336914,95.86468505859375,102.48783111572266,409,10.0,24.1,3.0,1007.9,False,False
2016-10-03,419.0,681.0,713.0,1971.0,48.8,48.61,66.52,64.83673858642578,70.51326751708984,78.42003631591797,86.00691986083984,101.9189224243164,562,10.5,24.5,2.2,1006.9,True,True
2016-10-04,417.0,681.0,705.0,1970.0,48.67,48.81,66.49,147.34649658203125,174.09535217285156,145.2127227783203,95.07606506347656,103.94747161865234,607,10.8,20.9,2.5,1005.4,True,True
2016-10-05,415.0,680.0,699.0,2012.0,49.75,49.57,66.53,119.91195678710938,119.54285430908203,132.94740295410156,95.65040588378906,106.1878662109375,663,11.6,22.7,13.6,1004.4,True,True
2016-10-06,413.0,678.0,704.0,2218.0,50.44,50.14,66.7,92.69335174560547,97.27161407470703,89.24754333496094,93.9415512084961,106.2330093383789,679,12.5,25.9,6.5,1004.4,True,True
2016-10-07,411.0,677.0,717.0,2245.0,49.76,50.49,66.61,25.318988800048828,42.068424224853516,21.05353355407715,80.37444305419922,104.01451110839844,785,11.5,26.3,5.6,1004.7,True,True
2016-10-08,,,,,,,,50.19042205810547,25.01796531677246,76.51399230957031,80.72734832763672,103.6738052368164,792,12.1,27.4,6.7,1005.4,False,False
2016-10-09,,,,,,,,101.5645751953125,155.77223205566406,64.96471405029297,85.98036193847656,103.16214752197266,424,13.7,29.5,2.0,1004.1,False,False
2016-10-10,410.0,677.0,729.0,2235.0,49.76,51.54,,90.01542663574219,131.6162567138672,69.86060333251953,89.57731628417969,102.48625946044922,552,6.8,17.3,21.3,1003.1,True,True
2016-10-11,409.0,676.0,745.0,2235.0,50.72,50.48,66.81,85.37545776367188,102.13519287109375,66.2595443725586,80.72431182861328,102.22900390625,582,8.9,26.3,1.3,1003.5,True,True
2016-10-12,408.0,674.0,763.0,2154.0,50.14,49.53,66.85,101.61250305175781,162.07957458496094,92.9433822631836,78.110107421875,101.03121185302734,652,7.3,19.8,0.0,1005.0,True,True
2016-10-13,410.0,673.0,790.0,2018.0,50.47,49.29,66.84,112.53922271728516,117.07077026367188,105.78596496582031,80.94522857666016,100.70730590820312,677,7.0,18.0,0.0,1007.3,True,True
2016-10-14,411.0,674.0,819.0,2018.0,50.35,48.87,66.69,93.18052673339844,139.34056091308594,77.48252868652344,90.63973236083984,99.96150207519531,711,7.3,14.4,0.0,1008.3,True,True
2016-10-15,,,,,,,,60.44831085205078,88.38463592529297,46.913692474365234,92.10514831542969,98.6686019897461,822,9.2,22.3,0.0,1008.7,False,False
2016-10-16,,,,,,,,53.55189895629883,76.2672348022461,50.89152526855469,85.2461929321289,98.75253295898438,433,11.8,25.6,0.0,1009.2,False,False
2016-10-17,413.0,676.0,838.0,2003.0,49.97,49.31,66.8,128.75704956054688,128.3607177734375,126.53197479248047,90.78070831298828,100.81656646728516,566,11.1,27.4,0.0,1008.2,True,True
2016-10-18,417.0,678.0,860.0,1950.0,50.3,49.81,66.71,114.42375946044922,102.66439056396484,142.7204132080078,94.93046569824219,101.14115142822266,579,11.9,26.6,0.0,1007.2,True,True
2016-10-19,421.0,682.0,885.0,1826.0,51.59,51.85,66.64,112.19987487792969,170.44496154785156,88.8549575805664,96.44294738769531,96.35688781738281,620,10.5,26.3,0.0,1006.4,True,True
2016-10-20,424.0,691.0,905.0,1637.0,50.31,50.42,66.83,115.55469512939453,134.39883422851562,96.08734893798828,96.87373352050781,94.10514831542969,688,9.8,24.1,0.0,1005.7,True,True
2016-10-21,427.0,700.0,915.0,1575.0,50.61,50.28,66.94,78.98127746582031,83.36981964111328,69.53866577148438,94.84526824951172,91.31315612792969,713,9.8,22.0,0.0,1006.6,True,True
2016-10-22,,,,,,,,81.6326675415039,111.364013671875,50.01693344116211,97.8716049194336,90.85214233398438,771,6.7,21.6,0.0,1007.8,False,False
2016-10-23,,,,,,,,79.82090759277344,95.49024963378906,53.09886932373047,101.62432098388672,90.17121887207031,415,7.2,18.0,0.0,1007.5,False,False
2016-10-24,428.0,705.0,923.0,1471.0,50.18,49.8,66.89,86.04071807861328,98.02957916259766,71.5455551147461,95.52198791503906,90.6503677368164,539,8.9,19.4,0.0,1006.5,True,True
2016-10-25,430.0,710.0,925.0,1348.0,49.45,49.08,66.8,71.29698944091797,76.54502868652344,72.96698760986328,89.36101531982422,91.2782211303711,604,13.7,27.4,0.0,1006.3,True,True
2016-10-26,430.0,714.0,925.0,1275.0,48.75,48.98,66.83,96.95320129394531,53.69709396362305,134.36602783203125,87.18292236328125,90.04862213134766,615,21.9,42.8,2.9,1007.8,True,True
2016-10-27,432.0,719.0,921.0,1248.0,49.71,49.13,66.85,99.09390258789062,65.8592529296875,109.86624908447266,84.83138275146484,90.55633544921875,702,12.3,28.8,3.1,1010.2,True,True
2016-10-28,433.0,722.0,913.0,1417.0,48.72,47.78,66.78,82.20970916748047,57.85176086425781,96.50816345214844,85.29258728027344,89.43360900878906,685,7.9,18.0,1.5,1010.2,True,True
2016-10-29,,,,,,,,66.83617401123047,83.28805541992188,69.470458984375,83.17880249023438,88.1729736328125,793,13.6,27.7,0.4,1010.2,False,False
2016-10-30,,,,,,,,82.43946838378906,89.65714263916016,87.24673461914062,83.5528793334961,86.91133117675781,442,20.9,40.3,0.4,1011.3,False,False
2016-10-31,435.0,722.0,905.0,1534.0,46.83,46.2,66.72,63.814788818359375,92.53579711914062,38.59199523925781,80.37774658203125,87.44781494140625,571,20.6,42.8,1.9,1012.8,True,True
2016-11-01,436.0,721.0,895.0,1443.0,46.66,45.77,66.7,89.67141723632812,52.58552932739258,114.03997039794922,83.0026626586914,88.27708435058594,628,16.9,37.1,1.0,1012.2,True,True
2016-11-02,434.0,718.0,885.0,1451.0,45.32,44.26,66.66,77.03646087646484,92.15919494628906,51.24658203125,80.15741729736328,88.6837387084961,645,15.6,36.7,0.0,1012.1,True,True
2016-11-03,434.0,718.0,886.0,1544.0,44.66,43.84,66.68,62.05097961425781,28.550762176513672,79.38050842285156,74.86557006835938,85.8405532836914,694,16.8,38.5,10.5,1012.1,True,True
2016-11-04,433.0,716.0,885.0,1593.0,44.07,43.06,66.75,48.217872619628906,76.91112518310547,32.07573699951172,70.00959777832031,83.45075225830078,687,22.7,40.7,76.2,1009.2,True,True
2016-11-05,,,,,,,,65.12256622314453,86.56281280517578,57.76155090332031,69.7647933959961,82.53173065185547,763,29.0,60.1,84.8,1005.7,False,False
2016-11-06,,,,,,,,69.65679931640625,77.15821075439453,51.48604965209961,67.9386978149414,84.00965118408203,428,14.2,31.3,0.0,1008.0,False,False
2016-11-07,431.0,712.0,889.0,1636.0,44.88,42.83,66.73,66.01131439208984,59.825565338134766,69.86060333251953,68.25248718261719,84.53701782226562,552,11.9,25.6,0.0,1010.3,True,True
2016-11-08,431.0,708.0,903.0,1786.0,44.96,43.47,66.39,89.67141723632812,94.6539535522461,87.72305297851562,68.25248718261719,84.14057922363281,628,9.6,19.4,0.0,1011.6,True,True
2016-11-09,429.0,703.0,927.0,1954.0,45.2,43.88,66.48,50.19042205810547,22.238189697265625,64.92096710205078,64.4173355102539,82.81307983398438,594,9.0,14.8,0.0,1012.6,True,True
2016-11-10,430.0,703.0,956.0,2010.0,44.62,43.67,66.86,71.2380142211914,35.509368896484375,88.8549575805664,65.72977447509766,82.34182739257812,744,9.0,15.8,0.0,1012.1,True,True
2016-11-11,428.0,705.0,1011.0,2303.0,43.39,41.61,,94.90303039550781,108.12674713134766,75.15699005126953,72.39907836914062,82.11817932128906,733,8.9,14.0,0.0,1012.5,True,True
2016-11-12,,,,,,,,39.57667541503906,31.56388282775879,52.654788970947266,68.74966430664062,79.68609619140625,837,7.8,18.0,0.0,1013.7,False,False
2016-11-13,,,,,,,,67.60342407226562,59.90696334838867,62.46040725708008,68.45632934570312,78.83352661132812,441,8.7,21.2,0.0,1014.7,False,False
2016-11-14,433.0,707.0,1058.0,2338.0,43.29,41.83,67.78,153.25045776367188,141.0265350341797,147.03756713867188,80.91905975341797,81.92693328857422,562,8.9,21.2,0.0,1013.7,True,True
2016-11-15,436.0,713.0,1162.0,2282.0,45.86,44.15,67.8,81.45658111572266,64.96468353271484,99.34276580810547,79.74551391601562,82.85708618164062,610,11.5,24.5,0.0,1013.3,True,True
2016-11-16,443.0,722.0,1263.0,2441.0,45.56,45.07,68.07,106.85701751708984,127.83372497558594,79.96946716308594,87.84074401855469,82.12708282470703,620,16.6,34.2,0.0,1013.9,True,True
2016-11-17,454.0,748.0,1353.0,2731.0,45.37,44.57,67.93,59.95597839355469,89.65714263916016,33.23685073852539,86.2290267944336,80.31149291992188,663,16.7,35.3,0.0,1014.2,True,True
2016-11-18,466.0,809.0,1388.0,2752.0,45.69,44.41,68.12,92.14374542236328,64.30208587646484,130.25469970703125,85.8348388671875,79.64295959472656,719,13.9,29.5,0.0,1012.7,True,True
2016-11-19,,,,,,,,61.87860107421875,49.35050582885742,68.6053237915039,89.02082824707031,77.85375213623047,803,10.9,27.0,0.0,1011.6,False,False
2016-11-20,,,,,,,,52.5804443359375,59.90696334838867,37.47624206542969,86.87468719482422,76.97372436523438,441,9.2,20.2,0.0,1012.1,False,False
2016-11-21,477.0,835.0,1387.0,2638.0,47.48,45.96,68.23,118.51763153076172,129.96810913085938,118.26134490966797,81.91285705566406,78.2032241821289,559,7.7,16.9,0.0,1011.8,True,True
2016-11-22,485.0,852.0,1382.0,2598.0,48.07,46.1,68.4,100.06166076660156,115.50423431396484,96.3419418334961,84.57072448730469,78.87791442871094,629,8.9,20.5,0.0,1011.3,True,True
2016-11-23,501.0,874.0,1387.0,2507.0,46.72,46.54,68.86,75.68257141113281,46.43052673339844,87.13719940185547,80.11723327636719,78.53264617919922,569,9.3,14.0,0.0,1011.7,True,True
2016-11-24,512.0,897.0,1385.0,2374.0,,47.54,,67.71858978271484,67.51014709472656,75.08016967773438,81.22618103027344,78.41336059570312,587,9.2,16.2,0.0,1012.1,True,False
2016-11-25,520.0,908.0,1389.0,2263.0,46.72,46.32,68.59,76.48912811279297,70.38802337646484,68.49565887451172,78.98980712890625,77.73123168945312,563,9.0,15.8,0.0,1011.1,True,True
2016-11-26,,,,,,,,83.14237976074219,78.5240249633789,94.60647583007812,82.0274887084961,77.19950866699219,757,8.9,14.4,0.0,1011.0,False,False
2016-11-27,,,,,,,,109.89561462402344,125.2083969116211,130.5452117919922,90.21537017822266,78.12237548828125,422,8.2,17.6,0.0,1010.4,False,False
2016-11-28,527.0,904.0,1400.0,2260.0,45.66,46.64,68.56,111.19926452636719,128.3607177734375,97.33229064941406,89.16988372802734,79.60114288330078,566,7.7,16.6,0.0,1011.3,True,True
2016-11-29,532.0,908.0,1424.0,2304.0,45.29,44.68,68.64,145.42979431152344,204.04896545410156,107.49282836914062,95.65104675292969,81.70082092285156,615,8.4,18.4,0.0,1012.9,True,True
2016-11-30,537.0,912.0,1465.0,2263.0,49.41,47.95,68.56,120.1720199584961,177.09877014160156,69.51428985595703,102.00668334960938,83.57939910888672,634,11.2,23.8,0.0,1014.3,True,True
2016-12-01,541.0,917.0,1486.0,2206.0,51.08,52.28,68.29,146.6143341064453,118.75747680664062,160.01266479492188,113.27750396728516,85.47749328613281,723,14.6,29.5,0.0,1014.2,True,True
2016-12-02,543.0,921.0,1508.0,2193.0,51.7,52.35,68.04,64.86146545410156,55.424415588378906,61.63924789428711,111.61640930175781,85.07166290283203,715,18.6,37.4,0.6,1014.2,True,True
2016-12-03,,,,,,,,36.35190963745117,36.240013122558594,30.227750778198242,104.93206024169922,84.21502685546875,729,18.1,36.7,0.0,1015.5,False,False
2016-12-04,,,,,,,,22.950815200805664,30.506893157958984,25.445762634277344,92.5113754272461,83.37278747558594,433,14.8,33.8,0.0,1015.8,False,False
2016-12-05,548.0,929.0,1541.0,2137.0,51.72,53.3,68.06,85.22901153564453,101.96000671386719,56.696475982666016,88.80133819580078,84.04300689697266,583,18.0,38.2,0.0,1014.6,True,True
2016-12-06,552.0,934.0,1563.0,2067.0,50.95,52.31,67.72,68.572265625,42.068424224853516,78.95074462890625,77.82168579101562,84.00685119628906,628,17.9,36.7,0.0,1014.6,True,True
2016-12-07,557.0,941.0,1565.0,1935.0,49.85,51.9,67.5,103.3477554321289,151.83316040039062,63.32192611694336,75.41822052001953,85.25140380859375,609,16.5,34.2,0.0,1013.6,True,True
2016-12-08,562.0,957.0,1547.0,1724.0,50.84,51.6,67.42,75.39987182617188,40.08948516845703,100.3157730102539,65.2447280883789,84.77568054199219,659,14.8,31.3,0.0,1012.5,True,True
2016-12-09,567.0,966.0,1508.0,1575.0,51.51,52.19,67.51,71.08514404296875,75.59075927734375,63.0501594543457,66.13382720947266,85.47217559814453,699,16.4,34.6,0.0,1011.0,True,True
2016-12-10,,,,,,,,62.58562469482422,35.65312957763672,74.3455810546875,69.88150024414062,85.18376159667969,741,18.2,36.0,0.0,1010.9,False,False
2016-12-11,,,,,,,,47.32239532470703,78.62789154052734,26.233369827270508,73.36315155029297,83.59774017333984,420,18.4,37.1,0.2,1010.8,False,False
2016-12-12,576.0,968.0,1469.0,1464.0,52.74,53.99,67.38,95.49745178222656,95.20349884033203,79.40911865234375,74.83007049560547,85.46176147460938,555,16.1,33.1,0.0,1011.4,True,True
2016-12-13,584.0,972.0,1419.0,1404.0,52.99,53.28,67.47,137.07176208496094,136.64984130859375,132.97604370117188,84.61571502685547,87.77737426757812,580,15.3,34.6,0.0,1012.4,True,True
2016-12-14,590.0,975.0,1332.0,1169.0,51.01,53.15,67.43,110.9472427368164,147.4743194580078,79.07666778564453,85.70135498046875,86.36727142333984,627,14.8,32.8,0.0,1013.5,True,True
2016-12-15,596.0,968.0,1234.0,1058.0,50.9,51.72,67.91,108.9334716796875,118.4707260131836,98.8162841796875,90.49186706542969,87.28316497802734,669,16.0,33.1,0.0,1014.3,True,True
2016-12-16,600.0,960.0,1126.0,1048.0,51.93,54.15,67.82,107.91650390625,74.84127807617188,140.45628356933594,95.75349426269531,87.3184814453125,706,13.7,29.9,0.0,1015.1,True,True
2016-12-17,,,,,,,,57.11323547363281,66.42700958251953,63.32192611694336,94.97172546386719,87.22372436523438,696,9.6,24.1,0.0,1014.5,False,False
2016-12-18,,,,,,,,81.59033203125,81.33919525146484,108.55187225341797,99.86714172363281,86.87194061279297,406,9.1,16.6,0.0,1015.1,False,False
2016-12-19,605.0,953.0,1037.0,1039.0,52.13,53.53,67.83,85.88137817382812,97.84803771972656,61.21119689941406,98.49341583251953,87.67203521728516,540,9.7,16.2,0.0,1014.8,True,True
2016-12-20,605.0,941.0,976.0,1044.0,52.22,54.56,67.97,114.6426010131836,120.30496215820312,130.45008850097656,95.28925323486328,89.74077606201172,549,9.4,18.7,0.0,1013.9,True,True
2016-12-21,604.0,926.0,905.0,1144.0,51.44,53.01,67.82,195.18496704101562,311.33465576171875,111.29308319091797,107.32321166992188,92.29634857177734,594,9.0,21.6,0.0,1013.7,True,True
2016-12-22,601.0,914.0,866.0,1219.0,51.98,54.04,67.86,125.21733856201172,147.5286102294922,123.05343627929688,109.64948272705078,93.13487243652344,582,9.4,21.2,0.0,1013.0,True,True
2016-12-23,597.0,903.0,852.0,1385.0,52.01,53.93,67.84,182.83653259277344,246.6056365966797,134.1479034423828,120.35234069824219,96.70667266845703,616,8.7,15.8,0.0,1011.9,True,True
2016-12-24,,,,,,,,100.55011749267578,89.10276794433594,120.77082061767578,126.55760955810547,97.80105590820312,593,9.4,18.4,0.0,1011.5,False,False
2016-12-25,,,,,,,,90.06981658935547,119.72342681884766,66.57411193847656,127.76896667480469,98.25374603271484,331,9.1,19.8,0.0,1012.6,False,False
2016-12-26,,,,,,,,95.73894500732422,133.62196350097656,95.53192138671875,129.17718505859375,98.67362976074219,346,10.0,19.8,0.0,1012.5,False,False
2016-12-27,,,,,52.82,,68.01,90.86843872070312,82.35340118408203,82.42903900146484,125.78087615966797,98.03939056396484,401,13.1,29.2,0.0,1014.1,False,True
2016-12-28,,,,,54.01,54.95,68.2,127.40645599365234,160.43910217285156,122.67020416259766,116.09823608398438,98.57963562011719,494,13.9,30.6,0.0,1014.5,False,True
2016-12-29,,,,,53.8,54.97,67.91,98.7843246459961,91.91490936279297,109.52301788330078,112.32209014892578,97.02478790283203,503,9.4,23.0,0.0,1014.9,False,True
2016-12-30,,,,,53.75,54.96,67.92,206.6664276123047,247.23635864257812,196.39955139160156,115.72636413574219,99.90792846679688,561,9.6,22.0,0.0,1015.2,False,True
2016-12-31,,,,,,,,152.97825622558594,152.5073699951172,146.77639770507812,123.21609497070312,100.12006378173828,563,10.3,22.7,0.0,1014.7,False,False
2017-01-01,,,,,,,,108.47199249267578,99.81978607177734,124.88934326171875,125.84497833251953,101.57374572753906,397,9.1,23.0,0.9,1014.9,False,False
2017-01-02,,,,,,,,146.65013122558594,171.99850463867188,157.81011962890625,133.11801147460938,105.25035095214844,384,8.9,21.6,0.0,1014.7,False,False
2017-01-03,559.0,843.0,811.0,1538.0,52.36,55.05,68.37,121.9743881225586,89.5992202758789,138.79283142089844,137.56170654296875,108.55113983154297,516,10.6,25.2,0.0,1014.1,True,True
2017-01-04,539.0,820.0,807.0,1674.0,53.26,54.57,67.9,108.89063262939453,91.41512298583984,114.37386322021484,134.91659545898438,109.33985900878906,578,14.8,32.0,0.0,1013.9,True,True
2017-01-05,521.0,795.0,837.0,1759.0,53.77,54.99,67.74,68.13825988769531,62.703250885009766,87.1678466796875,130.53858947753906,109.32539367675781,632,15.2,33.1,0.0,1013.2,True,True
2017-01-06,508.0,783.0,892.0,1658.0,53.98,55.9,68.12,129.0610809326172,95.30653381347656,135.1416015625,119.45210266113281,110.18250274658203,693,12.9,29.2,0.0,1012.9,True,True
2017-01-07,,,,,,,,71.2380142211914,35.509368896484375,103.66412353515625,107.7749252319336,110.04377746582031,744,12.0,27.0,0.0,1011.7,False,False
2017-01-08,,,,,,,,37.814701080322266,30.158639907836914,37.73292922973633,97.6810302734375,108.93476104736328,438,11.1,25.2,0.0,1011.4,False,False
2017-01-09,498.0,772.0,927.0,1598.0,51.95,54.39,68.08,161.02760314941406,217.86477661132812,114.77099609375,99.73495483398438,112.2161636352539,576,12.8,27.4,0.0,1011.1,True,True
2017-01-10,489.0,766.0,973.0,1470.0,50.82,53.2,68.25,66.47293090820312,44.17887878417969,82.91148376464844,91.8061752319336,112.85450744628906,598,11.8,27.7,0.0,1011.2,True,True
2017-01-11,477.0,758.0,1021.0,1326.0,52.19,53.61,68.39,137.6140899658203,166.5884552001953,130.7776336669922,95.9095230102539,114.2583999633789,674,16.6,35.6,0.0,1012.4,True,True
2017-01-12,466.0,748.0,1038.0,1294.0,53.01,54.51,67.99,129.81033325195312,95.85983276367188,167.90879821777344,104.71981811523438,114.01634979248047,689,16.9,36.4,0.9,1012.8,True,True
2017-01-13,459.0,739.0,1042.0,1383.0,52.36,54.37,68.16,127.04450225830078,103.19910430908203,140.8553009033203,104.4317398071289,114.55292510986328,704,16.5,36.7,0.0,1013.7,True,True
2017-01-14,,,,,,,,64.44683837890625,42.832313537597656,85.7433090209961,103.4615707397461,113.07003784179688,771,17.7,37.8,0.0,1015.0,False,False
2017-01-15,,,,,,,,29.185617446899414,43.643672943115234,24.268754959106445,102.22884368896484,110.4456787109375,454,13.5,29.9,0.0,1015.9,False,False
2017-01-16,455.0,733.0,1039.0,1468.0,,54.3,,72.58614349365234,39.47057342529297,98.76707458496094,89.59435272216797,110.96144104003906,502,13.8,29.9,0.0,1014.9,True,False
2017-01-17,451.0,730.0,1019.0,1509.0,52.45,54.68,67.9,100.71996307373047,122.72325897216797,102.36331939697266,94.48678588867188,111.59909057617188,592,12.0,27.4,0.0,1014.9,True,True
2017-01-18,448.0,725.0,998.0,1673.0,51.12,53.77,68.12,102.49857330322266,120.7618179321289,85.23077392578125,89.47028350830078,112.15299987792969,711,16.6,35.3,0.0,1016.9,True,True
2017-01-19,446.0,722.0,981.0,1665.0,51.39,53.18,68.1,125.66645050048828,120.2684555053711,167.1929473876953,88.8782958984375,112.52046203613281,659,19.7,41.8,0.0,1017.0,True,True
2017-01-20,441.0,718.0,970.0,1610.0,52.33,55.04,,104.65530395507812,63.50714111328125,136.21173095703125,85.67984008789062,109.5028076171875,728,21.9,44.6,0.0,1016.7,True,True
2017-01-21,,,,,,,,39.01728820800781,23.338314056396484,45.42173385620117,82.04705047607422,106.62947082519531,849,18.7,39.2,0.0,1017.1,False,False
2017-01-22,,,,,,,,85.1360855102539,108.02149200439453,64.3575668334961,90.03997039794922,103.37278747558594,428,16.7,36.7,0.0,1017.5,False,False
2017-01-23,437.0,714.0,962.0,1579.0,52.77,54.8,68.11,111.45087432861328,111.10781860351562,102.97209930419922,95.59207916259766,103.73614501953125,535,15.3,34.6,0.0,1016.9,True,True
2017-01-24,432.0,708.0,964.0,1466.0,52.38,54.7,68.12,96.97809600830078,132.2983856201172,67.90764617919922,95.05752563476562,103.96642303466797,649,15.7,34.2,0.0,1016.8,True,True
2017-01-25,428.0,702.0,972.0,1369.0,52.14,54.34,68.04,104.37609100341797,131.4376678466797,82.22399139404297,95.32574462890625,104.25432586669922,603,16.1,35.3,0.0,1017.2,True,True
2017-01-26,424.0,696.0,973.0,1287.0,53.24,55.89,68.17,111.43194580078125,111.08894348144531,109.50627136230469,93.29224395751953,104.93978118896484,654,11.9,28.4,0.0,1016.3,True,True
2017-01-27,419.0,692.0,968.0,1239.0,53.18,54.8,68.06,119.15711212158203,95.03227233886719,126.8260726928711,95.36392974853516,104.66480255126953,695,10.1,21.6,0.3,1014.5,True,True
2017-01-28,,,,,,,,98.63725280761719,81.94469451904297,102.52495574951172,103.88106536865234,104.65989685058594,806,11.9,29.2,0.0,1013.9,False,False
2017-01-29,,,,,,,,116.2304458618164,101.38859558105469,144.97389221191406,108.3231201171875,101.6453628540039,456,16.6,36.7,0.0,1014.9,False,False
2017-01-30,415.0,688.0,964.0,1205.0,52.63,54.77,67.8,166.4895477294922,217.48719787597656,95.47673797607422,116.18578338623047,102.09574127197266,577,12.8,30.2,0.0,1013.9,True,True
2017-01-31,402.0,679.0,951.0,1167.0,52.75,55.25,67.48,188.69056701660156,198.560302734375,183.05247497558594,129.28756713867188,104.76969909667969,632,17.1,37.4,0.0,1013.2,True,True
2017-02-01,395.0,674.0,933.0,1122.0,53.9,55.79,67.4,150.57125854492188,200.1437225341797,125.20471954345703,135.88687133789062,104.90039825439453,660,14.2,32.4,0.1,1014.4,True,True
2017-02-02,386.0,670.0,926.0,1064.0,53.55,55.94,67.2,166.10296630859375,132.4733428955078,189.4214630126953,143.697021484375,106.37135314941406,698,14.0,30.6,0.0,1016.2,True,True
2017-02-03,382.0,667.0,922.0,981.0,53.81,55.92,67.18,184.0315399169922,100.90579223632812,252.49618530273438,152.9647979736328,108.87605285644531,720,8.7,20.5,0.2,1015.4,True,True
2017-02-04,,,,,,,,148.07135009765625,109.65728759765625,168.8584747314453,160.0268096923828,111.54048919677734,783,16.0,34.6,0.0,1014.1,False,False
2017-02-05,,,,,,,,50.518463134765625,0.0,84.01536560058594,150.63938903808594,108.92240142822266,459,14.3,32.4,0.0,1013.1,False,False
2017-02-06,377.0,665.0,922.0,911.0,53.01,55.02,67.2,83.56026458740234,47.601749420166016,109.18753814697266,138.79234313964844,109.33313751220703,555,16.3,35.6,0.0,1011.5,True,True
2017-02-07,375.0,663.0,931.0,803.0,52.19,53.79,67.35,184.3418731689453,167.06768798828125,195.09133911132812,138.1710968017578,114.21737670898438,593,14.7,34.2,0.0,1011.5,True,True
2017-02-08,378.0,665.0,934.0,725.0,52.37,54.42,67.04,101.92516326904297,90.3212661743164,103.58818054199219,131.22166442871094,112.24729919433594,585,13.2,29.9,0.0,1013.0,True,True
2017-02-09,377.0,668.0,940.0,728.0,52.99,53.98,66.71,92.30064392089844,112.46466064453125,76.7508773803711,120.67847442626953,113.10822296142578,646,14.6,33.1,0.0,1012.5,True,True
2017-02-10,377.0,672.0,943.0,687.0,53.84,55.2,66.8,212.408935546875,221.83868408203125,185.03536987304688,124.73238372802734,115.60137939453125,655,18.3,37.1,0.0,1012.0,True,True
2017-02-11,,,,,,,,128.20175170898438,156.66680908203125,103.16493225097656,121.89386749267578,115.54776000976562,801,14.8,33.5,0.0,1014.2,False,False
2017-02-12,,,,,,,,89.32766723632812,74.2105941772461,111.41812896728516,127.43804168701172,114.29053497314453,445,11.5,28.8,0.0,1016.5,False,False
2017-02-13,376.0,676.0,944.0,609.0,52.96,54.15,66.99,132.0226287841797,71.79067993164062,169.66146850585938,134.36123657226562,116.54306030273438,552,10.5,24.8,0.0,1017.7,True,True
2017-02-14,379.0,681.0,939.0,567.0,53.21,54.96,66.88,185.8536376953125,87.19132232666016,272.72314453125,134.57720947265625,121.76532745361328,606,12.8,28.4,0.0,1018.3,True,True
2017-02-15,382.0,689.0,933.0,556.0,53.11,54.57,66.85,118.85968017578125,92.73429107666016,128.9159393310547,136.9964141845703,123.30777740478516,641,11.9,28.8,0.0,1018.0,True,True
2017-02-16,387.0,707.0,923.0,620.0,53.41,54.16,67.12,127.40645599365234,91.45027923583984,161.03253173828125,142.01153564453125,124.19732666015625,650,16.1,34.6,0.0,1015.7,True,True
2017-02-17,391.0,729.0,917.0,739.0,53.41,54.48,67.09,88.52149963378906,65.02559661865234,100.72727966308594,124.3133316040039,123.73143005371094,711,14.9,33.1,0.0,1014.7,True,True
2017-02-18,,,,,,,,92.24872589111328,50.162601470947266,125.52169799804688,119.17718505859375,122.61750030517578,790,20.2,41.0,0.0,1014.8,False,False
2017-02-19,,,,,,,,95.06265258789062,72.90003204345703,121.61164855957031,119.99646759033203,122.2977523803711,453,21.2,44.3,0.0,1012.3,False,False
2017-02-20,396.0,747.0,909.0,791.0,,55.25,,110.41893005371094,102.74044036865234,122.42239379882812,116.91022491455078,124.67780303955078,450,19.9,40.3,0.0,1008.3,True,False
2017-02-21,402.0,764.0,906.0,856.0,54.02,56.34,67.0,139.23226928710938,104.10276794433594,164.0159912109375,110.25003051757812,126.48101043701172,571,25.2,51.1,0.0,1008.4,True,True
2017-02-22,410.0,783.0,908.0,951.0,53.61,54.9,66.95,95.24954986572266,84.40565490722656,88.0033187866211,106.87715148925781,125.94096374511719,626,25.7,52.2,0.0,1009.0,True,True
2017-02-23,420.0,797.0,927.0,1134.0,54.48,55.82,66.68,59.775657653808594,69.52360534667969,41.421112060546875,97.21561431884766,124.70088195800781,665,15.7,28.8,0.0,1010.8,True,True
2017-02-24,428.0,809.0,947.0,1165.0,53.99,54.69,66.68,90.82076263427734,85.77587890625,87.44457244873047,97.54407501220703,124.24903869628906,693,11.5,32.4,1.4,1012.9,True,True
2017-02-25,,,,,,,,43.472015380859375,26.0029239654541,50.60768127441406,90.57597351074219,121.98371124267578,762,18.8,41.0,0.0,1012.6,False,False
2017-02-26,,,,,,,,48.10783004760742,41.10835647583008,68.57685852050781,83.86814880371094,119.61540222167969,482,17.2,34.6,0.0,1010.6,False,False
2017-02-27,436.0,817.0,966.0,1151.0,54.04,54.65,66.69,81.36131286621094,92.6981430053711,67.65447998046875,79.71705627441406,119.03953552246094,570,18.4,39.6,0.1,1012.1,True,True
2017-02-28,444.0,825.0,995.0,1021.0,54.0,53.36,66.67,69.56926727294922,106.70020294189453,53.399105072021484,69.76519775390625,117.48416137695312,619,13.8,32.0,0.1,1012.5,True,True
2017-03-01,451.0,833.0,1041.0,994.0,53.82,55.72,66.83,130.10084533691406,129.70037841796875,124.82646179199219,74.74395751953125,116.27120208740234,662,13.8,32.0,0.0,1012.1,True,True
2017-03-02,457.0,840.0,1084.0,1097.0,52.63,54.16,66.75,114.5424575805664,91.3519058227539,121.91442108154297,82.56778717041016,113.79959869384766,723,18.9,39.6,0.0,1010.8,True,True
2017-03-03,462.0,846.0,1118.0,1227.0,53.33,54.12,66.76,64.7708740234375,64.57150268554688,69.24730682373047,78.84637451171875,110.93959045410156,716,22.3,45.4,0.0,1007.9,True,True
2017-03-04,,,,,,,,16.43954086303711,16.388938903808594,20.50499153137207,74.98458862304688,105.9508056640625,806,23.8,49.0,0.0,1007.2,False,False
2017-03-05,,,,,,,,122.122314453125,136.96470642089844,126.93566131591797,85.55809020996094,103.88716888427734,434,27.7,55.1,0.0,1006.8,False,False
2017-03-06,468.0,852.0,1154.0,1345.0,53.19,54.73,66.64,117.259033203125,140.27772521972656,126.75592803955078,90.68633270263672,102.86009216308594,565,20.9,40.3,4.8,1007.4,True,True
2017-03-07,477.0,861.0,1194.0,1556.0,52.68,54.61,66.62,141.88922119140625,152.33343505859375,127.06112670898438,101.01775360107422,105.9057846069336,607,15.7,42.1,11.5,1008.6,True,True
2017-03-08,485.0,868.0,1220.0,1578.0,49.83,53.3,66.76,111.12447357177734,63.30424118041992,149.6056365966797,98.30684661865234,106.82459259033203,626,14.3,35.6,4.7,1008.1,True,True
2017-03-09,491.0,872.0,1220.0,1678.0,48.75,50.65,66.64,123.0382308959961,75.48277282714844,141.6602020263672,99.52052307128906,104.78113555908203,700,23.7,47.9,13.9,1006.6,True,True
2017-03-10,495.0,874.0,1211.0,1789.0,48.05,50.63,66.6,71.80421447753906,57.26655197143555,79.60993194580078,100.5252914428711,103.777099609375,692,24.2,49.0,6.6,1006.1,True,True
2017-03-11,,,,,,,,52.903411865234375,56.79753875732422,47.374759674072266,105.73441314697266,102.46385955810547,814,26.0,54.0,15.2,1007.2,False,False
2017-03-12,,,,,,,,75.8024673461914,105.79679107666016,75.6385498046875,99.11729431152344,97.91030883789062,437,16.3,42.5,2.9,1008.4,False,False
2017-03-13,499.0,875.0,1207.0,1843.0,47.95,50.1,66.15,78.47029876708984,67.05322265625,93.21501922607422,93.57604217529297,96.25259399414062,591,21.7,42.8,0.0,1011.7,True,True
2017-03-14,502.0,877.0,1185.0,1929.0,47.24,49.6,65.76,59.832916259765625,43.38090515136719,72.367919921875,81.85371398925781,95.26943969726562,609,12.1,26.6,0.6,1012.8,True,True
2017-03-15,505.0,877.0,1150.0,2136.0,48.34,50.63,65.62,95.8620834350586,127.42268371582031,70.85540008544922,79.67337799072266,94.0640869140625,622,13.7,28.8,1.1,1012.3,True,True
2017-03-16,508.0,877.0,1129.0,2265.0,48.3,50.56,65.4,80.57597351074219,62.477294921875,81.89065551757812,73.60733795166016,90.5548324584961,740,14.4,35.3,2.3,1010.5,True,True
2017-03-17,508.0,879.0,1108.0,2413.0,48.34,50.58,65.38,97.03926849365234,87.94596862792969,95.36231231689453,77.21234893798828,89.82748413085938,751,18.4,37.4,0.0,1009.0,True,True
2017-03-18,,,,,,,,91.13523864746094,86.90451049804688,105.435546875,82.67403411865234,88.61844635009766,836,23.4,44.3,4.0,1008.9,False,False
2017-03-19,,,,,,,,99.91503143310547,122.59382629394531,115.03728485107422,86.11869049072266,88.99822998046875,431,23.0,45.4,3.3,1009.9,False,False
2017-03-20,510.0,884.0,1103.0,2466.0,47.79,50.67,65.3,140.57020568847656,134.04458618164062,121.97064971923828,94.99010467529297,90.60894775390625,542,18.4,39.2,3.2,1010.0,True,True
2017-03-21,512.0,886.0,1101.0,2441.0,47.02,50.14,65.31,81.21882629394531,46.26789855957031,106.12799072265625,98.04523468017578,90.1474838256836,571,13.5,29.9,0.0,1012.3,True,True
2017-03-22,516.0,888.0,1119.0,2378.0,47.29,49.56,65.45,156.499267578125,124.81403350830078,199.5388641357422,106.70768737792969,91.6834945678711,635,20.4,41.0,0.0,1010.5,True,True
2017-03-23,521.0,892.0,1170.0,2345.0,47.0,50.17,65.41,131.1907958984375,158.81277465820312,101.29716491699219,113.9383773803711,91.41544342041016,707,23.9,46.8,0.0,1008.8,True,True
2017-03-24,526.0,896.0,1218.0,2482.0,47.3,49.97,65.4,177.37338256835938,258.0724182128906,79.72514343261719,125.41468048095703,94.15290832519531,691,21.4,45.4,0.0,1008.8,True,True
2017-03-25,,,,,,,,83.81195068359375,71.61769104003906,86.2856674194336,124.36849212646484,94.95411682128906,830,26.0,51.8,0.0,1009.0,False,False
2017-03-26,,,,,,,,46.93921661376953,80.21955108642578,11.151837348937988,116.80052185058594,93.49140167236328,494,25.6,52.2,0.0,1009.6,False,False
2017-03-27,530.0,895.0,1253.0,2620.0,47.02,50.12,65.05,116.55330657958984,122.31005096435547,122.42239379882812,113.36953735351562,95.92744445800781,540,22.4,45.0,0.0,1009.8,True,True
2017-03-28,535.0,893.0,1306.0,2765.0,48.36,50.72,65.02,87.32604217529297,104.46868896484375,77.45529174804688,114.24199676513672,97.2347183227539,569,27.4,54.7,0.0,1008.7,True,True
2017-03-29,538.0,885.0,1346.0,2755.0,49.47,51.36,64.87,93.54426574707031,76.79933166503906,100.66293334960938,105.24842071533203,97.64081573486328,602,31.6,59.8,0.0,1007.1,True,True
2017-03-30,539.0,882.0,1366.0,2690.0,50.3,52.25,64.85,75.62940216064453,70.37016296386719,83.8509521484375,97.31108093261719,97.84281921386719,657,32.0,63.0,0.0,1007.7,True,True
2017-03-31,540.0,881.0,1374.0,2597.0,50.54,52.2,64.85,118.13721466064453,141.3282928466797,78.58783721923828,88.84877014160156,97.44403076171875,701,28.0,56.5,0.0,1008.9,True,True
2017-04-01,,,,,,,,66.33427429199219,41.33130645751953,75.84365844726562,86.35195922851562,95.83708953857422,799,31.5,62.6,0.0,1007.0,False,False
2017-04-02,,,,,,,,68.06645965576172,60.31727981567383,62.88821792602539,89.3701400756836,95.94694519042969,438,34.3,66.6,0.0,1005.7,False,False
2017-04-03,541.0,882.0,1379.0,2518.0,50.25,52.04,65.03,79.89495086669922,49.01478958129883,91.98713684082031,84.13323211669922,98.06212615966797,539,30.3,60.1,0.0,1006.9,True,True
2017-04-04,542.0,881.0,1377.0,2382.0,50.99,53.08,65.1,150.57125854492188,122.31005096435547,176.2140350341797,93.16825866699219,99.01042175292969,594,34.7,68.0,0.0,1007.6,True,True
2017-04-05,543.0,880.0,1371.0,2229.0,51.14,53.41,64.87,125.19940948486328,41.604679107666016,173.51205444335938,97.69042205810547,99.27510070800781,635,32.2,63.7,0.2,1006.7,True,True
2017-04-06,545.0,882.0,1387.0,2184.0,51.69,53.62,64.58,124.10195922851562,171.3045654296875,63.50440979003906,104.61507415771484,98.68218994140625,694,27.7,55.1,0.9,1006.5,True,True
2017-04-07,547.0,886.0,1427.0,2173.0,52.25,54.24,64.26,143.82296752929688,185.0067901611328,131.16685485839844,108.28446960449219,99.77214050292969,714,23.3,47.9,0.7,1006.7,True,True
2017-04-08,,,,,,,,176.61795043945312,219.11468505859375,137.0724639892578,124.03927612304688,101.55813598632812,844,24.2,50.4,0.1,1006.8,False,False
2017-04-09,,,,,,,,130.3556671142578,107.02128601074219,127.52332305908203,132.937744140625,103.50984954833984,432,24.0,49.7,0.0,1006.8,False,False
2017-04-10,549.0,888.0,1466.0,2165.0,53.06,54.79,64.55,134.95645141601562,159.00306701660156,122.42239379882812,140.8036651611328,106.24494934082031,540,24.3,49.7,0.0,1006.4,True,True
2017-04-11,552.0,891.0,1533.0,2227.0,53.38,54.73,64.55,97.26019287109375,91.25724029541016,114.17632293701172,133.18780517578125,106.960205078125,579,16.4,34.2,0.0,1006.6,True,True
2017-04-12,554.0,893.0,1583.0,2252.0,53.12,54.75,64.68,171.33970642089844,193.58729553222656,189.9657745361328,139.77926635742188,110.05585479736328,580,20.5,42.8,0.0,1007.1,True,True
2017-04-13,560.0,899.0,1611.0,2249.0,53.19,55.05,64.42,156.74610900878906,187.516357421875,147.71786499023438,144.44271850585938,113.28629302978516,634,23.8,49.7,0.0,1007.8,True,True
2017-04-14,,,,,,,64.42,123.9395980834961,78.62789154052734,140.53591918945312,141.60223388671875,114.22221374511719,588,22.4,47.2,0.0,1007.6,False,True
2017-04-15,,,,,,,,118.7955322265625,81.98990631103516,151.97262573242188,133.34188842773438,115.49620056152344,725,22.7,47.2,0.0,1005.6,False,False
2017-04-16,,,,,,,,86.14241790771484,31.228097915649414,130.23658752441406,127.02571868896484,115.13296508789062,423,20.9,45.0,0.1,1005.0,False,False
2017-04-17,,,,,52.62,54.79,64.53,111.51217651367188,91.55088806152344,109.0892562866211,123.6765365600586,115.81220245361328,505,22.3,43.6,0.1,1006.8,False,True
2017-04-18,563.0,898.0,1621.0,2220.0,52.46,52.6,64.56,106.6658706665039,59.076412200927734,137.97157287597656,125.02020263671875,116.0372314453125,559,26.6,53.6,1.0,1006.7,True,True
2017-04-19,568.0,900.0,1612.0,2130.0,50.49,52.43,64.62,152.96888732910156,136.72238159179688,175.44610595703125,122.39579772949219,116.45051574707031,628,34.5,67.3,1.0,1004.9,True,True
2017-04-20,572.0,899.0,1553.0,1991.0,50.26,50.66,64.61,178.77349853515625,73.38603210449219,279.8226013183594,125.54257202148438,119.70233917236328,630,35.0,68.4,0.1,1004.4,True,True
2017-04-21,575.0,895.0,1494.0,1830.0,49.64,49.93,64.65,130.75924682617188,86.90451049804688,154.0347442626953,126.51680755615234,118.8443374633789,608,35.8,70.2,0.5,1003.8,True,True
2017-04-22,,,,,,,,127.40645599365234,163.3040771484375,90.80782318115234,127.74693298339844,118.71819305419922,728,35.4,68.4,0.4,1003.1,False,False
2017-04-23,,,,,,,,41.20109176635742,65.71883392333984,41.111995697021484,121.32674407958984,114.17911529541016,402,31.6,63.0,2.0,1003.8,False,False
2017-04-24,577.0,892.0,1429.0,1780.0,48.9,49.45,64.48,142.7318115234375,118.57706451416016,158.24798583984375,125.78669738769531,116.14311218261719,557,30.8,61.2,0.2,1004.1,True,True
2017-04-25,577.0,887.0,1371.0,1767.0,49.22,49.37,64.32,61.82086181640625,61.63056945800781,51.405982971191406,119.38026428222656,116.63916778564453,643,26.9,54.7,0.0,1003.8,True,True
2017-04-26,576.0,881.0,1320.0,1790.0,49.22,49.99,64.08,92.1579818725586,61.249542236328125,102.17633819580078,110.6929931640625,115.82598876953125,647,23.4,47.2,0.0,1004.8,True,True
2017-04-27,569.0,870.0,1260.0,1798.0,48.96,49.46,64.14,104.49739837646484,93.7581787109375,104.27143859863281,100.08212280273438,116.39836883544922,634,25.8,54.0,1.6,1006.0,True,True
2017-04-28,559.0,861.0,1187.0,1779.0,49.31,49.46,64.27,126.36498260498047,116.97772979736328,142.60372924804688,99.4543685913086,117.49239349365234,734,24.1,50.8,0.0,1006.1,True,True
2017-04-29,,,,,,,,84.0753173828125,58.671573638916016,111.85801696777344,93.26420593261719,117.77392578125,788,27.0,56.2,0.0,1006.9,False,False
2017-04-30,,,,,,,,37.988162994384766,30.29698371887207,50.541351318359375,92.80521392822266,115.10228729248047,436,27.5,55.8,0.0,1006.8,False,False
2017-05-01,,,,,48.83,50.41,64.25,126.25030517578125,95.8946304321289,149.97299194335938,90.45071411132812,117.0994873046875,551,24.3,52.6,0.3,1008.6,False,True
2017-05-02,550.0,849.0,1140.0,1668.0,47.65,49.31,64.16,126.7417221069336,103.37857818603516,143.71324157714844,99.72512817382812,119.05532836914062,575,20.6,42.8,0.1,1009.6,True,True
2017-05-03,540.0,835.0,1096.0,1542.0,47.79,48.82,64.17,109.7222671508789,31.252727508544922,165.096435546875,102.23430633544922,120.04957580566406,634,25.3,52.2,0.0,1008.7,True,True
2017-05-04,532.0,822.0,1048.0,1458.0,45.55,47.53,64.22,95.95024108886719,127.53984832763672,60.7890510559082,101.0132827758789,118.22887420654297,725,24.2,50.8,0.0,1007.9,True,True
2017-05-05,523.0,811.0,1023.0,1480.0,46.23,47.45,64.31,76.30575561523438,44.74757766723633,89.57735443115234,93.86196899414062,116.59908294677734,738,28.0,57.2,0.0,1007.0,True,True
2017-05-06,,,,,,,,69.86804962158203,98.3336410522461,68.34996795654297,91.83235931396484,114.79129028320312,806,28.2,57.2,1.7,1008.0,False,False
2017-05-07,,,,,,,,22.034818649291992,43.93398666381836,24.43018913269043,89.55330657958984,110.73168182373047,451,26.1,53.6,0.0,1007.9,False,False
2017-05-08,517.0,799.0,1009.0,1571.0,46.46,46.61,64.32,72.8036880493164,48.38639450073242,90.80782318115234,81.91807556152344,107.27120971679688,546,25.7,53.3,0.0,1007.0,True,True
2017-05-09,512.0,794.0,1007.0,1635.0,45.84,47.06,64.66,77.81199645996094,77.57247924804688,64.70310974121094,74.92811584472656,105.5197525024414,596,27.7,56.9,0.1,1005.9,True,True
2017-05-10,510.0,790.0,1011.0,1645.0,47.28,48.09,64.53,123.99986267089844,117.7315902709961,127.65971374511719,76.9677734375,105.15453338623047,561,24.2,49.7,0.0,1007.2,True,True
2017-05-11,510.0,787.0,1006.0,1695.0,47.81,49.18,64.43,99.90283203125,104.83718872070312,87.44457244873047,77.53243255615234,105.24262237548828,630,24.8,52.2,0.0,1007.5,True,True
2017-05-12,509.0,784.0,992.0,1725.0,47.83,49.08,64.24,78.98820495605469,49.215667724609375,98.52174377441406,77.91563415527344,102.16423797607422,671,23.9,49.7,0.0,1007.3,True,True
2017-05-13,,,,,,,,30.51049041748047,17.380901336669922,43.492164611816406,72.29312896728516,97.95638275146484,760,25.8,53.3,0.0,1005.0,False,False
2017-05-14,,,,,,,,37.64281463623047,45.0323371887207,37.56141662597656,74.52284240722656,95.07982635498047,440,27.6,56.2,0.0,1003.0,False,False
2017-05-15,508.0,782.0,978.0,1661.0,48.86,51.29,64.04,75.4284896850586,25.06543731689453,104.53524780273438,74.89781188964844,93.6342544555664,527,28.0,57.2,1.4,1001.4,True,True
2017-05-16,507.0,778.0,956.0,1632.0,48.64,51.21,64.03,74.9207534790039,64.02012634277344,71.19880676269531,74.48477935791016,93.26020050048828,619,27.3,56.2,1.0,1000.5,True,True
2017-05-17,505.0,771.0,925.0,1590.0,49.04,51.76,64.11,97.42845916748047,79.98823547363281,95.3115463256836,70.6888656616211,92.79074096679688,578,23.7,49.0,0.4,1000.6,True,True
2017-05-18,504.0,764.0,894.0,1638.0,49.36,51.71,64.87,97.73103332519531,102.55811309814453,76.9892349243164,70.37860870361328,92.49291229248047,644,20.8,42.1,0.1,1002.7,True,True
2017-05-19,502.0,759.0,870.0,1668.0,50.32,52.78,64.56,75.71583557128906,37.74138641357422,94.44012451171875,69.91112518310547,89.91781616210938,700,25.3,51.8,0.0,1003.6,True,True
2017-05-20,,,,,,,,62.501277923583984,49.84711456298828,62.36612319946289,74.48123931884766,86.04207611083984,795,26.3,54.4,0.0,1002.5,False,False
2017-05-21,,,,,,,,54.866546630859375,41.02324676513672,57.0290641784668,76.9417724609375,83.51231384277344,483,25.4,52.2,0.0,1002.1,False,False
2017-05-22,496.0,753.0,854.0,1704.0,50.81,53.35,64.53,143.4822235107422,37.3149299621582,228.24514770507812,86.66373443603516,84.04817962646484,531,27.4,55.8,0.0,1002.9,True,True
2017-05-23,486.0,746.0,850.0,1706.0,51.12,53.19,64.85,139.23226928710938,115.66975402832031,154.36798095703125,95.85108947753906,87.31587982177734,571,24.1,50.4,0.0,1003.4,True,True
2017-05-24,478.0,737.0,849.0,1654.0,50.99,53.29,64.74,181.95040893554688,224.07041931152344,133.4977569580078,107.9256591796875,88.6231689453125,619,24.6,50.8,0.0,1003.4,True,True
2017-05-25,473.0,728.0,848.0,1595.0,48.57,52.25,64.55,146.43972778320312,191.2958984375,117.57028198242188,114.88404083251953,91.44379425048828,656,26.3,52.6,0.0,1002.9,True,True
2017-05-26,469.0,721.0,845.0,1591.0,49.58,50.84,64.5,218.0687255859375,289.8633117675781,172.6961669921875,135.2201690673828,95.64082336425781,638,22.7,47.9,0.0,1002.7,True,True
2017-05-27,,,,,,,,150.57125854492188,214.439697265625,114.47288513183594,147.8015899658203,97.17662048339844,770,15.8,35.3,1.0,1002.2,False,False
2017-05-28,,,,,,,,86.60308074951172,100.72592163085938,84.01536560058594,152.33538818359375,95.8512191772461,459,17.2,37.4,0.7,1000.8,False,False
2017-05-29,,,,,,52.25,,103.30252838134766,164.77528381347656,91.62590789794922,146.59542846679688,96.49212646484375,481,12.5,30.2,2.6,998.3,False,False
2017-05-30,461.0,712.0,842.0,1564.0,49.63,50.65,64.66,128.18490600585938,107.61292266845703,123.41972351074219,145.01722717285156,99.49868774414062,491,16.9,39.2,0.6,996.9,True,True
2017-05-31,455.0,698.0,829.0,1511.0,48.29,49.4,64.5,157.74131774902344,213.41856384277344,93.69061279296875,141.5587921142578,100.54838562011719,588,26.4,54.4,0.0,999.9,True,True
2017-06-01,449.0,685.0,810.0,1430.0,48.32,50.41,64.39,90.67247772216797,96.41960144042969,90.47640228271484,133.592041015625,99.34607696533203,548,29.4,59.0,0.0,1001.7,True,True
2017-06-02,446.0,674.0,792.0,1374.0,47.68,48.46,64.41,88.57132720947266,47.09263610839844,117.83973693847656,115.09241485595703,98.64104461669922,561,29.3,58.0,0.6,1002.8,True,True
2017-06-03,,,,,,,,80.7943344116211,89.49515533447266,74.64779663085938,105.12428283691406,98.13584899902344,738,29.9,59.4,0.0,1002.3,False,False
2017-06-04,,,,,,,,85.85488891601562,142.65103149414062,47.594017028808594,105.01739501953125,98.45415496826172,463,26.6,54.7,0.0,1000.5,False,False
2017-06-05,441.0,666.0,789.0,1353.0,47.4,48.25,64.34,276.6095275878906,430.4516906738281,123.41972351074219,129.77554321289062,105.34553527832031,491,27.9,56.2,1.9,1000.7,True,True
2017-06-06,434.0,658.0,783.0,1366.0,48.13,48.11,64.42,227.27735900878906,339.8666687011719,179.53883361816406,143.93161010742188,112.18695831298828,583,22.0,46.1,0.0,1001.7,True,True
2017-06-07,429.0,652.0,783.0,1379.0,45.8,47.08,64.39,245.9568328857422,333.8890380859375,165.3572540283203,156.5338134765625,117.95872497558594,633,15.3,36.0,0.3,1002.6,True,True
2017-06-08,425.0,649.0,793.0,1381.0,45.68,46.3,64.24,182.93284606933594,236.58778381347656,164.44798278808594,169.7138671875,121.46275329589844,670,17.3,37.4,3.6,1001.1,True,True
2017-06-09,425.0,654.0,813.0,1438.0,45.82,46.64,64.24,121.29351043701172,175.12576293945312,118.2489013671875,174.3884735107422,121.37254333496094,792,17.2,38.5,1.6,999.9,True,True
2017-06-10,,,,,,,,67.0400619506836,86.49067687988281,52.466739654541016,172.42356872558594,120.27711486816406,840,17.4,40.7,24.5,998.6,False,False
2017-06-11,,,,,,,,50.518463134765625,57.55766677856445,48.00878143310547,167.37551879882812,119.328125,459,19.7,39.2,55.0,997.7,False,False
2017-06-12,424.0,658.0,833.0,1481.0,46.1,47.18,64.48,144.54840087890625,156.11209106445312,150.24566650390625,148.5096435546875,123.12938690185547,550,23.0,45.4,18.1,998.7,True,True
2017-06-13,424.0,665.0,865.0,1442.0,46.41,46.95,64.33,107.03875732421875,101.09300231933594,112.42872619628906,131.33270263671875,125.44258880615234,588,22.1,42.8,3.3,1000.7,True,True
2017-06-14,427.0,679.0,903.0,1362.0,44.79,45.47,64.23,77.39643859863281,72.01432800292969,94.39109802246094,107.25263977050781,125.50818634033203,642,24.8,47.9,6.7,1002.3,True,True
2017-06-15,431.0,690.0,938.0,1277.0,44.47,45.61,64.58,108.01850891113281,112.81391906738281,102.6523208618164,96.55059051513672,126.61144256591797,644,20.7,39.6,14.4,1001.6,True,True
2017-06-16,435.0,701.0,964.0,1213.0,44.73,45.7,64.5,105.61810302734375,86.14881896972656,127.74510955810547,94.31124877929688,126.88442993164062,690,23.0,43.2,15.2,1001.5,True,True
2017-06-17,,,,,,,,71.37345123291016,83.71029663085938,62.84039306640625,94.93030548095703,126.00584411621094,789,20.0,41.4,0.9,1001.7,False,False
2017-06-18,,,,,,,,97.20853424072266,104.36388397216797,87.04978942871094,101.60031127929688,126.7222671508789,443,23.9,47.5,0.0,1000.3,False,False
2017-06-19,437.0,708.0,984.0,1169.0,44.24,45.93,64.45,171.01210021972656,252.5714111328125,115.86823272705078,105.38084411621094,130.33929443359375,523,28.9,55.1,1.3,999.4,True,True
2017-06-20,441.0,717.0,1017.0,1110.0,43.34,43.98,64.54,204.19937133789062,237.4993133544922,160.3649444580078,119.26093292236328,135.3170623779297,584,23.0,44.3,32.0,999.9,True,True
2017-06-21,445.0,724.0,1070.0,1020.0,42.48,44.62,64.52,180.24266052246094,165.11856079101562,210.63853454589844,133.9532470703125,136.5424041748047,680,18.4,44.6,2.9,1000.0,True,True
2017-06-22,447.0,734.0,1109.0,993.0,42.53,44.46,64.6,210.32177734375,219.20501708984375,206.68716430664062,148.5679931640625,138.9120635986328,693,16.7,34.6,9.1,1000.5,True,True
2017-06-23,451.0,744.0,1138.0,987.0,42.86,44.14,64.47,107.30852508544922,111.62945556640625,93.10999298095703,148.8094940185547,136.4239959716797,710,13.4,30.2,5.6,999.4,True,True
2017-06-24,,,,,,,,90.93323516845703,69.06920623779297,100.81844329833984,151.60374450683594,134.5737762451172,765,14.0,25.9,28.8,997.7,False,False
2017-06-25,,,,,,,,65.09412384033203,72.10417175292969,60.14200210571289,147.01597595214844,129.47462463378906,458,15.7,33.5,35.5,996.6,False,False
2017-06-26,454.0,750.0,1145.0,1005.0,43.24,44.09,64.43,128.3940887451172,89.5992202758789,149.4691925048828,140.9276885986328,128.73538208007812,516,19.1,36.4,19.8,998.1,True,True
2017-06-27,458.0,757.0,1151.0,1066.0,44.25,46.17,64.47,106.09647369384766,141.0265350341797,78.42003631591797,126.9129867553711,129.38516235351562,562,20.1,39.2,7.4,998.7,True,True
2017-06-28,459.0,761.0,1150.0,1170.0,44.74,46.45,64.55,110.05207824707031,120.6846694946289,82.36058044433594,116.88575744628906,129.6101531982422,602,9.2,23.0,22.5,999.5,True,True
2017-06-29,464.0,758.0,1119.0,1146.0,44.88,47.02,64.66,103.35624694824219,92.73429107666016,103.13274383544922,101.60496520996094,128.78253173828125,641,15.3,30.6,7.6,999.5,True,True
2017-06-30,467.0,754.0,1091.0,1086.0,46.02,47.08,64.62,102.60165405273438,77.93206787109375,113.75531768798828,100.93255615234375,126.94454193115234,678,19.1,38.5,7.4,997.9,True,True
2017-07-01,,,,,,,,96.48255157470703,82.44477081298828,114.61180877685547,101.7253189086914,127.1382064819336,721,17.2,39.6,63.0,997.4,False,False
2017-07-02,,,,,,,,66.547119140625,73.7136459350586,61.48446273803711,101.9328842163086,126.40406799316406,448,23.5,46.1,17.1,999.0,False,False
2017-07-03,468.0,751.0,1068.0,1032.0,,49.13,64.84,120.5723876953125,63.263816833496094,147.75115966796875,100.81549835205078,127.7300033569336,522,25.0,49.3,20.0,1000.0,True,True
2017-07-04,470.0,747.0,1062.0,997.0,,49.15,,77.9427719116211,0.0,129.62371826171875,96.79354095458984,127.46626281738281,510,21.8,54.7,11.7,999.5,True,False
2017-07-05,470.0,742.0,1060.0,901.0,45.11,47.58,64.8,208.90066528320312,95.20349884033203,287.8580627441406,110.9147720336914,125.20930480957031,555,18.4,42.1,1.2,999.8,True,True
2017-07-06,470.0,735.0,1063.0,818.0,45.52,48.53,64.72,177.17137145996094,96.34146118164062,267.8609924316406,121.45978546142578,123.53910064697266,617,15.8,35.6,2.9,1000.5,True,True
2017-07-07,471.0,732.0,1062.0,753.0,44.25,46.47,64.62,115.72289276123047,67.29723358154297,152.3597412109375,123.3342514038086,119.1979751586914,687,16.2,31.0,9.4,1000.7,True,True
2017-07-08,,,,,,,,100.65813446044922,45.61286163330078,136.9642791748047,123.9307632446289,116.45548248291016,724,19.6,37.8,9.1,1000.7,False,False
2017-07-09,,,,,,,,113.18568420410156,60.17988967895508,150.58790588378906,130.59341430664062,116.18521881103516,439,20.2,44.3,9.6,1001.7,False,False
2017-07-10,474.0,729.0,1061.0,730.0,44.4,46.57,64.45,98.00495910644531,52.10842514038086,130.39071655273438,127.36949920654297,117.2173843383789,507,23.2,47.9,12.7,1002.4,True,True
2017-07-11,477.0,733.0,1069.0,755.0,45.06,46.68,64.54,112.50230407714844,62.308895111083984,135.12660217285156,132.30657958984375,119.28351593017578,530,15.3,33.5,8.5,1001.6,True,True
2017-07-12,480.0,744.0,1098.0,846.0,45.48,46.73,64.53,94.16999053955078,77.31304168701172,119.76103973388672,115.91647338867188,117.60423278808594,598,11.3,25.9,20.4,1001.2,True,True
2017-07-13,484.0,758.0,1141.0,928.0,46.06,47.65,64.46,55.37727355957031,50.18801498413086,58.60646057128906,98.51731872558594,115.8821792602539,658,9.0,18.0,40.4,1000.7,True,True
2017-07-14,486.0,769.0,1173.0,933.0,46.53,47.89,64.38,93.1047134399414,78.16263580322266,114.09187316894531,95.28614807128906,116.40579223632812,676,10.7,22.7,11.2,1000.2,True,True
2017-07-15,,,,,,,,35.428531646728516,26.489608764648438,36.82491683959961,85.96763610839844,113.98612213134766,748,13.9,34.2,11.1,999.6,False,False
2017-07-16,,,,,,,,44.069637298583984,29.289323806762695,48.86037826538086,76.09391784667969,111.93450927734375,451,18.1,39.2,15.7,997.4,False,False
2017-07-17,489.0,776.0,1202.0,933.0,46.02,47.66,64.34,113.9952392578125,93.58946990966797,144.97389221191406,78.37824249267578,113.35523986816406,494,28.3,54.7,19.7,995.4,True,True
2017-07-18,492.0,786.0,1226.0,984.0,46.4,47.92,64.32,140.66104125976562,98.15965270996094,163.74969482421875,82.40091705322266,114.80364990234375,471,32.9,62.6,8.4,994.5,True,True
2017-07-19,495.0,798.0,1252.0,1028.0,47.1,48.34,64.24,67.03340911865234,33.41353988647461,92.90062713623047,78.52426147460938,111.33769989013672,593,34.8,65.2,4.6,995.2,True,True
2017-07-20,497.0,807.0,1260.0,1093.0,46.73,48.54,64.37,114.76612091064453,62.40701675415039,147.48524475097656,87.00838470458984,108.3565902709961,635,30.1,56.5,3.5,997.3,True,True
2017-07-21,499.0,812.0,1258.0,1154.0,45.78,47.47,64.38,80.10476684570312,84.55573272705078,70.52783203125,85.15125274658203,105.01866149902344,703,18.6,41.0,9.5,999.7,True,True
2017-07-22,,,,,,,,94.76786804199219,94.47616577148438,93.13016510009766,93.6282958984375,101.16686248779297,769,19.3,36.4,22.3,1000.2,False,False
2017-07-23,,,,,,,,120.32831573486328,84.67618560791016,141.25660705566406,104.52239227294922,101.6008529663086,468,23.7,43.6,16.7,999.4,False,False
2017-07-24,500.0,814.0,1248.0,1171.0,46.21,47.81,64.39,53.321006774902344,26.578439712524414,66.50713348388672,95.85464477539062,100.34711456298828,497,24.9,49.3,13.8,999.1,True,True
2017-07-25,500.0,813.0,1225.0,1221.0,47.77,49.19,64.38,100.20222473144531,70.51326751708984,117.63005828857422,90.07481384277344,101.51738739013672,562,19.3,50.0,8.9,998.6,True,True
2017-07-26,500.0,807.0,1192.0,1206.0,48.58,50.08,64.32,125.10517883300781,86.76181030273438,153.7818145751953,98.37078094482422,101.40775299072266,609,18.6,40.7,4.4,1000.0,True,True
2017-07-27,500.0,798.0,1146.0,1138.0,49.05,50.67,64.11,107.20284271240234,128.2474365234375,98.05677032470703,97.29031372070312,101.44463348388672,618,17.4,37.1,4.6,1002.1,True,True
2017-07-28,498.0,789.0,1109.0,1139.0,49.72,52.0,64.11,113.88499450683594,98.72560119628906,107.05097198486328,102.11605834960938,101.57239532470703,669,14.3,33.8,7.3,1003.5,True,True
2017-07-29,,,,,,,,66.25135040283203,66.04742431640625,70.8301010131836,98.04227447509766,100.33556365966797,700,12.2,29.5,14.7,1003.7,False,False
2017-07-30,,,,,,,,71.32322692871094,31.601638793945312,92.256103515625,91.04154968261719,99.29295349121094,418,13.0,27.7,31.7,1002.5,False,False
2017-07-31,496.0,783.0,1095.0,1225.0,50.21,51.99,64.18,170.75091552734375,149.7982940673828,204.4580078125,107.81724548339844,101.76856231689453,485,13.0,30.2,18.0,1002.3,True,True
2017-08-01,492.0,779.0,1098.0,1331.0,49.19,50.77,64.06,198.3933563232422,143.84193420410156,219.9603729248047,121.84455108642578,106.16343688964844,551,13.8,36.0,22.6,1002.4,True,True
2017-08-02,488.0,772.0,1118.0,1475.0,49.6,52.09,63.64,145.28805541992188,57.93634033203125,193.2985076904297,124.72782135009766,106.98729705810547,570,16.6,34.2,11.6,1001.4,True,True
2017-08-03,482.0,767.0,1143.0,1602.0,49.03,52.88,63.67,135.8093719482422,58.86579513549805,186.57958984375,128.81446838378906,108.91618347167969,561,16.0,33.5,8.5,999.8,True,True
2017-08-04,478.0,764.0,1153.0,1637.0,49.57,52.48,63.64,95.55484008789062,52.9226188659668,123.59953308105469,126.19587707519531,105.13798522949219,624,14.7,25.9,14.7,998.7,True,True
2017-08-05,,,,,,,,77.60041809082031,87.03174591064453,64.52717590332031,127.81716918945312,101.81895446777344,683,14.0,34.6,26.0,998.1,False,False
2017-08-06,,,,,,,,77.9427719116211,46.62171173095703,103.69895935058594,128.7628173828125,100.55961608886719,425,19.2,39.6,2.3,999.4,False,False
2017-08-07,475.0,762.0,1158.0,1655.0,49.37,51.42,63.83,127.92436218261719,93.96991729736328,134.36602783203125,122.64473724365234,101.46849060058594,492,19.7,37.8,9.5,1001.7,True,True
2017-08-08,472.0,759.0,1170.0,1659.0,49.07,52.18,63.69,169.71409606933594,112.7944564819336,219.52401733398438,118.54769897460938,103.35277557373047,527,21.7,44.6,3.7,1003.1,True,True
2017-08-09,467.0,756.0,1192.0,1702.0,49.59,52.16,63.86,136.29527282714844,70.89169311523438,187.2471160888672,117.26301574707031,104.62911987304688,559,26.6,52.6,3.6,1003.3,True,True
2017-08-10,466.0,756.0,1228.0,1837.0,48.54,52.59,64.05,215.31689453125,110.07904815673828,330.5404357910156,128.62123107910156,108.05626678466797,600,24.6,51.1,1.1,1002.7,True,True
2017-08-11,466.0,759.0,1256.0,2013.0,48.81,51.47,64.14,145.5007781982422,77.3615493774414,217.7792205810547,135.75637817382812,109.76729583740234,683,23.0,46.1,7.2,1002.9,True,True
2017-08-12,,,,,,,,181.9040069580078,76.35540771484375,270.67376708984375,150.65689086914062,113.98485565185547,692,19.4,35.6,17.5,1003.1,False,False
2017-08-13,,,,,,,,75.97632598876953,30.29698371887207,113.71804809570312,150.37596130371094,113.41390991210938,436,18.3,35.3,5.1,1004.4,False,False
2017-08-14,465.0,760.0,1272.0,2093.0,47.59,51.29,64.08,202.68099975585938,189.42855834960938,200.1360321044922,161.05548095703125,118.9889907836914,523,15.0,37.8,7.2,1005.4,True,True
2017-08-15,464.0,765.0,1289.0,2155.0,47.57,49.9,64.12,232.3563690185547,201.94357299804688,247.70718383789062,170.00437927246094,125.26521301269531,556,16.0,33.8,12.8,1004.1,True,True
2017-08-16,464.0,776.0,1310.0,2324.0,46.8,50.39,64.16,159.36752319335938,102.13519287109375,198.7786102294922,173.3004150390625,126.77762603759766,582,17.2,34.2,10.4,1001.8,True,True
2017-08-17,465.0,791.0,1336.0,2542.0,47.07,50.37,64.15,102.84115600585938,64.75238037109375,126.02305603027344,157.23245239257812,125.51696014404297,612,10.6,22.0,23.5,999.0,True,True
2017-08-18,465.0,806.0,1345.0,2574.0,48.59,50.96,64.1,138.9141387939453,159.7921600341797,106.6259536743164,156.29150390625,127.9129867553711,620,19.1,38.5,5.5,998.5,True,True
2017-08-19,,,,,,,,126.86429595947266,178.00015258789062,62.5135612487793,148.42868041992188,128.31625366210938,705,25.6,53.6,3.4,1001.1,False,False
2017-08-20,,,,,,,,73.74918365478516,134.79066467285156,30.66238021850586,148.1105194091797,128.10440063476562,539,20.3,41.0,3.4,1002.5,False,False
2017-08-21,466.0,817.0,1349.0,2584.0,47.39,51.94,64.1,177.33230590820312,254.57252502441406,129.7624969482422,144.48928833007812,130.85655212402344,467,17.3,35.6,0.7,1002.4,True,True
2017-08-22,468.0,824.0,1345.0,2489.0,47.65,52.29,64.07,250.00511169433594,311.5444641113281,228.67579650878906,147.01052856445312,135.17910766601562,530,15.5,32.0,3.6,1002.2,True,True
2017-08-23,470.0,833.0,1311.0,2382.0,48.45,52.31,64.04,149.3144073486328,143.34165954589844,165.546142578125,145.57437133789062,138.37889099121094,599,15.8,32.8,2.7,1002.6,True,True
2017-08-24,473.0,840.0,1259.0,2333.0,47.24,51.73,64.04,95.28536224365234,33.526611328125,139.82252502441406,144.49496459960938,138.21499633789062,591,14.4,30.6,3.7,1001.4,True,True
2017-08-25,474.0,845.0,1235.0,2406.0,47.65,51.87,64.0,86.63638305664062,60.966854095458984,101.70475769042969,137.02671813964844,136.93270874023438,650,17.0,33.5,4.4,1000.2,True,True
2017-08-26,,,,,,,,129.9990234375,153.59866333007812,88.08006286621094,137.4745330810547,137.6925811767578,688,12.6,27.0,4.6,998.3,False,False
2017-08-27,,,,,,,,65.23656463623047,72.26195526123047,60.27360534667969,136.25845336914062,136.0709686279297,457,11.8,26.6,10.9,997.7,False,False
2017-08-28,,,,,46.4,51.87,63.9,126.38310241699219,92.83775329589844,132.74716186523438,128.97999572753906,138.07534790039062,498,24.6,47.9,9.0,998.3,False,True
2017-08-29,477.0,848.0,1215.0,2381.0,46.46,51.64,64.02,85.88137817382812,61.155025482177734,102.01866149902344,105.53374481201172,138.5606231689453,540,25.1,51.1,21.4,1002.2,True,True
2017-08-30,482.0,851.0,1195.0,2282.0,45.96,51.91,63.98,142.64645385742188,94.80491638183594,184.51220703125,104.58118438720703,137.62380981445312,627,20.6,41.4,2.7,1004.3,True,True
2017-08-31,486.0,853.0,1189.0,2293.0,47.26,52.69,63.93,121.707763671875,73.85494995117188,176.0066375732422,108.3558120727539,135.067626953125,626,18.6,40.0,27.9,1004.6,True,True
2017-09-01,486.0,856.0,1198.0,2264.0,47.32,53.15,64.02,133.69107055664062,138.21583557128906,107.05097198486328,115.07791137695312,134.68106079101562,669,18.6,36.0,17.9,1004.3,True,True
2017-09-02,,,,,,,,67.69552612304688,62.98801040649414,60.043678283691406,106.17740631103516,132.4105987548828,734,12.0,26.6,19.9,1004.3,False,False
2017-09-03,,,,,,,,57.11323547363281,63.263816833496094,63.32192611694336,105.01692962646484,131.12921142578125,522,11.6,29.5,0.2,1004.4,False,False
2017-09-04,487.0,860.0,1227.0,2243.0,,52.6,,253.09506225585938,118.73694610595703,334.25439453125,123.11864471435547,136.97903442382812,445,14.7,32.0,1.5,1004.7,True,False
2017-09-05,491.0,863.0,1275.0,2313.0,48.63,53.63,64.12,188.14927673339844,90.94309997558594,246.53045654296875,137.7283477783203,140.652587890625,581,13.4,29.2,4.5,1004.7,True,True
2017-09-06,494.0,868.0,1314.0,2438.0,49.13,54.48,64.06,202.4923858642578,113.87487030029297,267.6790466308594,146.2777557373047,143.13818359375,638,17.7,37.4,2.0,1005.0,True,True
2017-09-07,499.0,875.0,1351.0,2614.0,49.1,54.16,64.01,152.65289306640625,111.60087585449219,169.24754333496094,150.698486328125,142.56947326660156,651,19.2,40.7,3.3,1005.5,True,True
2017-09-08,504.0,888.0,1375.0,2767.0,47.44,54.55,63.78,132.6992950439453,107.79253387451172,163.4720458984375,150.5568084716797,142.44961547851562,674,20.2,42.8,3.8,1006.1,True,True
2017-09-09,,,,,,,,45.15271759033203,16.36863136291504,68.26527404785156,147.33641052246094,136.7774658203125,807,19.8,41.4,3.8,1005.4,False,False
2017-09-10,,,,,,,,90.01542663574219,59.825565338134766,109.78095245361328,152.03672790527344,134.92796325683594,552,15.8,34.9,8.9,1006.7,False,False
2017-09-11,509.0,898.0,1394.0,2813.0,48.06,54.2,63.93,63.70322799682617,69.280517578125,57.78679275512695,124.98074340820312,130.98793029785156,572,14.2,31.0,1.4,1007.5,True,True
2017-09-12,513.0,908.0,1429.0,2724.0,48.21,55.06,64.03,125.10517883300781,86.76181030273438,144.73583984375,115.97444915771484,132.6255645751953,609,20.4,40.3,12.0,1007.4,True,True
2017-09-13,520.0,923.0,1464.0,2628.0,49.3,55.52,64.0,138.88095092773438,133.32554626464844,145.4241180419922,106.88710021972656,130.49888610839844,644,19.5,39.6,7.8,1007.1,True,True
2017-09-14,529.0,950.0,1499.0,2642.0,49.86,56.76,64.12,84.80172729492188,31.70276641845703,114.58735656738281,97.19407653808594,125.58040618896484,625,16.8,35.3,9.9,1005.7,True,True
2017-09-15,536.0,977.0,1521.0,2685.0,49.9,56.18,64.1,120.09308624267578,59.86171340942383,149.791748046875,95.3931884765625,124.27125549316406,662,8.9,23.0,4.9,1003.9,True,True
2017-09-16,,,,,,,,104.74522399902344,87.01900482177734,137.90664672851562,103.90640258789062,124.33472442626953,759,12.1,28.4,5.0,1003.1,False,False
2017-09-17,,,,,,,,88.92799377441406,103.42996978759766,110.91960906982422,103.75105285644531,122.66851806640625,447,11.3,31.0,10.7,1002.4,False,False
2017-09-18,551.0,997.0,1529.0,2681.0,49.88,55.5,64.15,172.77781677246094,118.79033660888672,217.98231506347656,119.33313751220703,124.198974609375,556,10.8,29.5,30.1,1001.7,True,True
2017-09-19,562.0,1017.0,1536.0,2723.0,49.54,56.58,64.3,129.6927032470703,96.97012329101562,197.71316528320312,119.9885025024414,126.06375885009766,613,15.5,33.1,15.8,1001.4,True,True
2017-09-20,576.0,1033.0,1531.0,2861.0,50.29,57.2,64.29,162.99935913085938,125.80462646484375,218.61141967773438,123.43399047851562,125.58599090576172,630,18.4,41.0,8.8,1002.3,True,True
2017-09-21,586.0,1050.0,1514.0,2948.0,50.58,57.73,64.8,139.58956909179688,85.63685607910156,187.502685546875,131.2608184814453,121.90547180175781,617,22.3,46.1,1.7,1003.8,True,True
2017-09-22,596.0,1061.0,1493.0,3147.0,50.33,58.16,64.79,107.4874496459961,77.93206787109375,130.00607299804688,129.46002197265625,120.51123809814453,678,20.3,42.8,12.2,1005.2,True,True
2017-09-23,,,,,,,,95.8901138305664,34.761802673339844,144.97389221191406,128.19500732421875,120.5313949584961,760,18.0,36.4,1.7,1006.5,False,False
2017-09-24,,,,,,,,97.23780059814453,51.70052719116211,129.3700408935547,129.38211059570312,120.88478088378906,511,13.7,29.2,4.6,1005.8,False,False
2017-09-25,602.0,1068.0,1474.0,3173.0,51.85,59.42,65.12,55.39410400390625,33.134159088134766,64.48670959472656,112.6130142211914,118.39794921875,598,10.7,30.6,5.9,1003.9,True,True
2017-09-26,607.0,1065.0,1446.0,3101.0,51.59,59.77,65.46,133.39198303222656,210.55386352539062,157.13612365722656,113.1414794921875,120.66979217529297,596,10.1,28.4,5.4,1004.4,True,True
2017-09-27,613.0,1054.0,1406.0,2942.0,52.14,58.74,65.71,132.11126708984375,136.5825653076172,146.47288513183594,108.72889709472656,120.86073303222656,677,11.2,25.6,9.3,1005.2,True,True
2017-09-28,616.0,1041.0,1352.0,2824.0,51.62,58.8,65.46,150.35079956054688,116.04232788085938,153.25204467773438,110.26622009277344,123.00971221923828,683,11.0,23.4,13.9,1004.7,True,True
2017-09-29,616.0,1021.0,1308.0,2738.0,51.67,57.02,65.3,72.12433624267578,10.271761894226074,119.9472885131836,105.21434020996094,120.65898132324219,643,15.3,32.8,1.1,1004.8,True,True
2017-09-30,,,,,,,,63.8707160949707,40.519893646240234,72.42341613769531,100.64014434814453,118.7310791015625,1141,18.0,37.1,8.9,1006.4,False,False
2017-10-01,,,,,,,,60.6419677734375,30.22765350341797,100.85139465332031,95.41217041015625,116.29610443115234,437,20.4,40.0,6.3,1006.2,False,False
2017-10-02,614.0,1006.0,1268.0,2671.0,50.59,55.67,65.28,148.87945556640625,176.25015258789062,147.01002502441406,108.76721954345703,119.00223541259766,712,18.7,38.2,10.9,1005.4,True,True
2017-10-03,612.0,984.0,1247.0,2618.0,50.44,56.12,65.48,90.38383483886719,117.13731384277344,82.67269134521484,102.62319946289062,120.11125946044922,733,16.8,33.1,4.8,1006.0,True,True
2017-10-04,609.0,968.0,1276.0,2667.0,50.0,56.0,65.02,108.68004608154297,95.34405517578125,115.67469787597656,99.27587890625,115.29742431640625,762,11.1,27.7,6.3,1006.5,True,True
2017-10-05,607.0,965.0,1345.0,2888.0,50.79,57.09,65.14,83.91305541992188,47.80271911621094,112.97120666503906,89.78477478027344,111.82288360595703,829,13.6,34.9,20.1,1006.1,True,True
2017-10-06,610.0,971.0,1406.0,2929.0,49.34,55.5,65.39,151.4772186279297,79.47945404052734,212.139892578125,101.12089538574219,110.12237548828125,831,15.9,33.5,18.2,1005.9,True,True
2017-10-07,,,,,,,,79.36054229736328,35.16278076171875,112.42872619628906,103.33373260498047,107.6792984008789,1127,15.3,30.6,4.4,1006.2,False,False
2017-10-08,,,,,,,,95.69639587402344,88.06324005126953,110.1801528930664,108.34150695800781,106.44586944580078,450,13.1,24.8,4.4,1005.4,False,False
2017-10-09,613.0,978.0,1438.0,2906.0,49.58,55.29,,61.34384536743164,9.408465385437012,94.17107391357422,95.83641815185547,106.9855728149414,702,12.8,33.8,7.0,1004.7,True,True
2017-10-10,618.0,996.0,1465.0,2894.0,50.93,56.62,65.24,95.95598602294922,83.18315887451172,97.13615417480469,96.63243865966797,107.18359375,794,17.4,38.9,0.9,1004.4,True,True
2017-10-11,623.0,1020.0,1504.0,2882.0,51.3,56.13,65.15,115.2568588256836,25.533798217773438,177.4809112548828,97.57198333740234,108.90204620361328,776,13.3,27.7,1.2,1005.1,True,True
2017-10-12,635.0,1050.0,1556.0,2859.0,50.61,56.13,65.05,85.92912292480469,85.66462707519531,92.88858032226562,97.85999298095703,107.59617614746094,771,14.3,31.0,3.0,1005.3,True,True
2017-10-13,649.0,1069.0,1606.0,2871.0,51.43,56.86,64.7,68.34180450439453,48.0927848815918,86.91395568847656,85.98350524902344,105.244873046875,824,17.0,34.6,0.5,1004.6,True,True
2017-10-14,,,,,,,,87.71141052246094,17.488285064697266,131.28262329101562,87.1764907836914,105.34186553955078,1133,10.4,25.9,0.2,1004.7,False,False
2017-10-15,,,,,,,,98.54320526123047,90.68296813964844,113.45782470703125,87.58317565917969,104.62353515625,437,6.6,25.6,1.5,1004.8,False,False
2017-10-16,656.0,1082.0,1637.0,2980.0,51.86,57.49,64.7,111.01097869873047,115.0960464477539,118.1556625366211,94.67848205566406,104.83238983154297,746,8.8,22.0,0.0,1004.8,True,True
2017-10-17,663.0,1094.0,1651.0,3079.0,51.87,57.63,65.02,108.01850891113281,98.71218872070312,142.2162322998047,96.40169525146484,105.46874237060547,736,17.1,34.9,0.0,1004.4,True,True
2017-10-18,666.0,1105.0,1646.0,3134.0,52.05,58.05,65.06,118.03402709960938,189.7914581298828,88.65069580078125,96.7984390258789,103.64395141601562,870,21.4,43.2,21.5,1003.9,True,True
2017-10-19,673.0,1116.0,1648.0,3186.0,51.29,57.82,64.99,121.04388427734375,80.4475326538086,154.33273315429688,101.81483459472656,103.35565185546875,821,33.7,83.2,63.4,1001.1,True,True
2017-10-20,679.0,1126.0,1643.0,3145.0,51.63,57.89,65.03,72.2603759765625,45.497650146484375,88.54891204833984,102.37462615966797,100.33102416992188,871,43.2,80.3,50.4,1000.1,True,True
2017-10-21,,,,,,,,60.9871940612793,89.5992202758789,26.690927505493164,98.556884765625,97.71094512939453,1032,22.1,45.7,3.6,1004.3,False,False
2017-10-22,,,,,,,,36.4018440246582,29.031837463378906,36.32312774658203,89.6795425415039,95.34142303466797,455,13.2,29.9,1.8,1006.8,False,False
2017-10-23,683.0,1128.0,1642.0,3187.0,51.91,57.69,65.02,104.00526428222656,93.31661987304688,121.07709503173828,88.67872619628906,95.61193084716797,637,14.7,28.4,0.0,1008.3,True,True
2017-10-24,687.0,1130.0,1626.0,3202.0,52.32,57.84,65.1,110.12525177001953,52.69741439819336,139.1903533935547,88.97969055175781,96.04151153564453,752,17.0,34.2,0.0,1010.6,True,True
2017-10-25,690.0,1129.0,1592.0,3202.0,51.97,58.45,64.92,119.0936508178711,79.15137481689453,139.37570190429688,89.13106536865234,98.16482543945312,751,14.4,28.8,0.0,1012.7,True,True
2017-10-26,688.0,1117.0,1553.0,3182.0,52.41,58.75,64.84,83.75645446777344,25.049592971801758,125.36300659179688,83.80429077148438,96.51030731201172,791,7.4,24.1,1.8,1013.2,True,True
2017-10-27,687.0,1100.0,1517.0,3220.0,53.92,60.15,65.04,94.87067413330078,63.05243682861328,124.90589904785156,87.03433227539062,95.26895904541016,838,10.2,23.4,0.0,1012.2,True,True
2017-10-28,,,,,,,,62.3332633972168,23.67291259765625,88.8549575805664,87.22663116455078,92.33503723144531,1116,8.3,20.9,0.0,1012.2,False,False
2017-10-29,,,,,,,,49.62648391723633,24.73686408996582,72.2154541015625,89.11585998535156,91.58511352539062,534,8.4,16.2,0.0,1013.2,False,False
2017-10-30,685.0,1081.0,1498.0,3217.0,54.11,60.65,64.83,97.42845916748047,87.41571044921875,89.11630249023438,88.17632293701172,92.70370483398438,680,11.1,27.4,1.7,1012.8,True,True
2017-10-31,679.0,1060.0,1492.0,3219.0,54.36,61.35,64.75,68.25345611572266,81.65203857421875,52.971229553222656,82.19463348388672,92.9574203491211,728,11.5,25.6,2.8,1012.0,True,True
2017-11-01,673.0,1043.0,1503.0,3137.0,54.32,60.98,64.56,75.8603286743164,58.82086181640625,77.09806823730469,76.01844787597656,90.52344512939453,786,15.8,33.5,0.2,1012.7,True,True
2017-11-02,668.0,1027.0,1539.0,3059.0,54.55,60.79,64.57,188.31134033203125,307.19732666015625,85.41097259521484,90.9548568725586,93.7876968383789,774,15.6,33.1,0.0,1011.5,True,True
2017-11-03,664.0,1014.0,1562.0,3036.0,55.63,61.42,64.56,88.22819519042969,63.96845245361328,93.37300872802734,90.00593566894531,93.10597229003906,826,15.6,32.8,0.0,1011.0,True,True
2017-11-04,,,,,,,,43.894447326660156,35.007469177246094,48.66614532470703,87.37181854248047,91.77201843261719,1132,16.0,33.8,0.0,1011.6,False,False
2017-11-05,,,,,,,,105.49578857421875,112.1824722290039,116.96406555175781,95.35314178466797,90.23930358886719,471,9.6,23.0,0.0,1012.0,False,False
2017-11-06,661.0,1001.0,1567.0,3044.0,57.34,64.27,64.62,132.50270080566406,118.42987060546875,151.97262573242188,100.36375427246094,92.01070404052734,725,13.5,28.4,0.0,1011.7,True,True
2017-11-07,658.0,988.0,1558.0,3101.0,57.19,64.36,65.03,113.52740478515625,72.75726318359375,148.34536743164062,106.83145904541016,92.60507202148438,817,15.3,32.4,0.0,1011.9,True,True
2017-11-08,654.0,961.0,1515.0,3259.0,56.82,63.96,64.94,181.0870361328125,105.67588806152344,257.0870361328125,121.86384582519531,96.59651184082031,750,15.0,31.7,0.0,1011.7,True,True
2017-11-09,648.0,936.0,1468.0,3349.0,57.16,64.49,64.96,109.60702514648438,72.84642791748047,135.0247039794922,110.62036895751953,97.05154418945312,816,13.7,27.0,0.0,1010.9,True,True
2017-11-10,644.0,912.0,1418.0,3360.0,56.75,64.35,,107.6008071899414,114.93170928955078,108.64631652832031,113.38788604736328,96.79634857177734,862,15.6,32.4,0.0,1011.0,True,True
2017-11-11,,,,,,,,51.84888458251953,80.40556335449219,33.5330924987793,114.52423858642578,95.66033935546875,1150,16.6,34.6,0.0,1011.5,False,False
2017-11-12,,,,,,,,59.551780700683594,29.684236526489258,74.27875518798828,107.96080780029297,95.36734008789062,445,18.4,37.8,0.0,1009.9,False,False
2017-11-13,642.0,888.0,1387.0,3351.0,56.77,62.94,65.46,83.04486846923828,101.1868667602539,69.05441284179688,100.89540100097656,95.21178436279297,718,21.5,43.2,0.0,1008.9,True,True
2017-11-14,640.0,872.0,1346.0,3209.0,55.67,60.91,65.41,111.65958404541016,98.94745635986328,158.1862335205078,100.62857055664062,95.64900207519531,801,23.4,46.4,4.3,1008.9,True,True
2017-11-15,637.0,858.0,1320.0,3108.0,55.28,61.25,65.26,71.92547607421875,95.60543823242188,66.45365142822266,85.0340576171875,94.34614562988281,829,23.9,43.2,66.4,1008.9,True,True
2017-11-16,634.0,849.0,1298.0,3084.0,55.14,61.18,65.32,119.26782989501953,38.35506820678711,179.1547088623047,86.41417694091797,94.72112274169922,861,23.5,44.3,111.6,1008.4,True,True
2017-11-17,630.0,845.0,1285.0,3153.0,56.21,61.34,65.01,49.271602630615234,22.67074203491211,81.94175720214844,78.08143615722656,92.42904663085938,874,15.0,33.5,30.1,1009.1,True,True
2017-11-18,,,,,,,,26.955793380737305,23.886953353881836,24.90509796142578,74.52527618408203,89.29277801513672,1106,8.6,26.3,1.5,1010.4,False,False
2017-11-19,,,,,,,,60.78105545043945,75.74246215820312,50.541351318359375,74.70088958740234,88.9101333618164,436,7.6,19.1,2.8,1011.3,False,False
2017-11-20,628.0,850.0,1280.0,3214.0,56.21,61.34,65.1,57.03129577636719,9.475957870483398,86.94273376464844,70.98466491699219,88.77826690673828,697,14.4,30.2,0.2,1011.8,True,True
2017-11-21,625.0,856.0,1275.0,3255.0,56.84,62.28,64.91,144.8372344970703,121.10247039794922,194.2527313232422,75.72432708740234,92.39278411865234,709,18.4,37.1,0.0,1011.6,True,True
2017-11-22,624.0,875.0,1281.0,3298.0,57.88,62.92,64.87,143.44000244140625,80.4366455078125,186.36697387695312,85.94068908691406,93.707275390625,739,15.3,31.3,0.0,1010.8,True,True
2017-11-23,622.0,899.0,1284.0,3420.0,,63.27,,48.649192810058594,52.908485412597656,44.13090133666992,75.85231018066406,91.65807342529297,749,14.5,30.6,0.0,1010.7,True,False
2017-11-24,620.0,914.0,1295.0,3453.0,58.94,63.58,64.67,74.12738800048828,92.3740234375,61.63924789428711,79.40313720703125,90.15919494628906,715,13.7,29.2,0.0,1012.5,True,True
2017-11-25,,,,,,,,55.61498260498047,90.0961685180664,23.122800827026367,83.49730682373047,89.22114562988281,953,11.6,25.9,0.0,1013.9,False,False
2017-11-26,,,,,,,,16.43954086303711,32.77787780761719,13.669994354248047,77.16280364990234,86.60677337646484,403,9.3,22.0,0.0,1014.4,False,False
2017-11-27,619.0,923.0,1299.0,3540.0,58.1,63.25,64.47,164.1797332763672,182.93019104003906,136.52059936523438,92.4697265625,90.00165557861328,686,9.1,19.4,0.0,1012.7,True,True
2017-11-28,620.0,929.0,1320.0,3659.0,57.96,63.56,64.4,101.45014190673828,17.58919334411621,154.04681396484375,86.27156829833984,91.72911071777344,751,11.1,17.3,0.0,1012.8,True,True
2017-11-29,622.0,936.0,1368.0,3740.0,57.25,63.74,64.29,99.85459899902344,51.937686920166016,129.96348571777344,80.04508209228516,91.80998229980469,763,11.0,21.2,0.0,1014.4,True,True
2017-11-30,623.0,941.0,1433.0,3848.0,57.4,63.53,64.46,111.56315612792969,42.776832580566406,171.2644805908203,89.03279113769531,93.2536392211914,772,9.7,18.4,0.0,1013.6,True,True
2017-12-01,626.0,944.0,1494.0,4025.0,58.35,64.57,64.5,110.03947448730469,45.3934211730957,151.45037841796875,94.1630859375,94.3929443359375,873,13.4,28.4,0.0,1013.1,True,True
2017-12-02,,,,,,,,21.3911190032959,24.37174415588379,15.246331214904785,89.27396392822266,88.82894134521484,1084,15.1,31.7,0.0,1014.1,False,False
2017-12-03,,,,,,,,34.650291442871094,13.817452430725098,46.10047912597656,91.87550354003906,87.04300689697266,478,13.0,28.1,0.0,1014.2,False,False
2017-12-04,626.0,944.0,1559.0,4129.0,57.48,63.45,64.36,64.41104125976562,64.21277618408203,68.86259460449219,77.62283325195312,87.72689819335938,720,11.7,26.3,0.0,1013.0,True,True
2017-12-05,628.0,944.0,1571.0,4115.0,57.66,63.45,64.38,133.23780822753906,100.76583862304688,145.17495727539062,82.16392517089844,88.65162658691406,721,11.0,22.7,0.0,1012.4,True,True
2017-12-06,629.0,945.0,1563.0,4126.0,55.79,62.25,64.53,109.0212173461914,58.52303695678711,146.4419708251953,83.47344207763672,87.86891174316406,790,11.9,26.6,0.0,1011.6,True,True
2017-12-07,630.0,944.0,1564.0,4147.0,56.5,62.37,64.57,64.61444854736328,8.58874225616455,100.29402923583984,76.76648712158203,86.23847961425781,769,15.0,28.8,0.4,1011.0,True,True
2017-12-08,631.0,943.0,1588.0,4193.0,57.15,63.86,64.43,89.091064453125,121.11386108398438,80.81674194335938,73.77385711669922,83.17195129394531,818,32.9,60.1,101.0,1009.9,True,True
2017-12-09,,,,,,,,55.40386199951172,69.7684097290039,38.79582595825195,78.63282012939453,81.36517333984375,1136,27.2,49.3,6.9,1008.3,False,False
2017-12-10,,,,,,,,96.33865356445312,103.42996978759766,98.59521484375,87.44544219970703,80.9897689819336,447,15.8,28.4,0.0,1010.6,False,False
2017-12-11,632.0,939.0,1624.0,4272.0,57.84,65.62,64.35,142.69522094726562,91.45027923583984,161.03253173828125,98.62889862060547,84.01798248291016,650,9.7,20.2,0.0,1012.8,True,True
2017-12-12,633.0,942.0,1672.0,4293.0,57.12,64.96,64.39,97.67827606201172,118.54666900634766,77.69113159179688,93.54896545410156,85.28886413574219,780,10.2,20.9,0.0,1013.5,True,True
2017-12-13,633.0,943.0,1718.0,4211.0,56.59,63.66,64.45,80.26045227050781,65.46550750732422,91.0078353881836,89.4402847290039,85.19605255126953,908,9.1,16.2,0.0,1013.9,True,True
2017-12-14,635.0,944.0,1714.0,3936.0,57.0,63.72,64.36,104.08340454101562,45.11436080932617,135.4674072265625,95.07870483398438,84.94351196289062,732,9.0,20.9,0.0,1014.8,True,True
2017-12-15,636.0,942.0,1677.0,3777.0,57.29,63.81,64.04,90.98188018798828,82.45621490478516,123.79792785644531,95.34882354736328,85.57872772216797,801,8.0,17.3,0.0,1015.3,True,True
2017-12-16,,,,,,,,37.324703216552734,24.80654525756836,41.38221740722656,92.76608276367188,82.8472900390625,1065,10.2,22.3,0.0,1016.1,False,False
2017-12-17,,,,,,,,53.28527069091797,53.121253967285156,73.8472900390625,86.6156005859375,82.9810791015625,373,13.7,29.9,0.0,1017.1,False,False
2017-12-18,637.0,943.0,1643.0,3656.0,57.17,64.45,64.23,67.39183044433594,41.344242095947266,103.4555435180664,75.85797119140625,84.32894134521484,639,14.9,31.3,0.0,1017.3,True,True
2017-12-19,636.0,938.0,1593.0,3510.0,57.49,63.69,64.02,78.6366195678711,48.99660873413086,98.0832290649414,73.13774108886719,84.92413330078125,674,11.8,26.3,0.0,1017.2,True,True
2017-12-20,632.0,933.0,1546.0,3216.0,58.09,64.43,64.11,93.0496597290039,64.93427276611328,108.32318878173828,74.96476745605469,86.12474060058594,712,10.4,21.6,0.0,1017.9,True,True
2017-12-21,627.0,925.0,1445.0,3115.0,58.34,64.64,64.02,94.13250732421875,35.74961853027344,134.18421936035156,73.543212890625,84.43458557128906,739,10.7,20.2,0.0,1017.5,True,True
2017-12-22,625.0,914.0,1395.0,2830.0,58.25,64.61,64.02,69.98382568359375,37.209815979003906,93.10999298095703,70.54348754882812,81.98604583740234,710,8.1,18.0,0.0,1015.6,True,True
2017-12-23,,,,,,,,67.17501068115234,25.113088607788086,97.75172424316406,74.80781555175781,82.60356903076172,789,9.5,21.6,0.0,1013.6,False,False
2017-12-24,,,,,,,,89.52886199951172,79.33625030517578,99.26139831542969,79.9854736328125,83.11695861816406,333,9.4,23.0,0.0,1013.5,False,False
2017-12-25,,,,,,,,73.61261749267578,36.693016052246094,122.42239379882812,80.87416076660156,83.71687316894531,180,10.8,22.3,0.0,1013.5,False,False
2017-12-26,,,,,59.55,,64.08,97.9522705078125,124.28279876708984,74.0457992553711,83.63353729248047,86.43396759033203,372,13.7,29.9,0.0,1014.3,False,True
2017-12-27,,,,,59.67,66.03,64.15,115.55469512939453,65.8280029296875,137.2676239013672,86.84854125976562,84.8131332397461,602,11.9,25.9,0.0,1014.4,False,True
2017-12-28,,,,,59.84,66.8,64.07,128.48069763183594,111.37845611572266,130.06088256835938,91.75542449951172,85.71414947509766,593,12.6,28.4,0.0,1014.3,False,True
2017-12-29,,,,,60.46,66.73,63.83,121.5621109008789,171.6829071044922,67.38847351074219,99.12374877929688,86.43773651123047,654,11.7,27.0,0.0,1015.0,False,True
2017-12-30,,,,,,,,93.7921371459961,51.00187301635742,134.71189880371094,102.92620086669922,85.84536743164062,777,14.5,30.6,0.0,1014.5,False,False
2017-12-31,,,,,,,,47.662845611572266,15.838711738586426,66.05524444580078,96.94534301757812,83.76614379882812,417,15.1,31.7,0.2,1013.0,False,False
2018-01-01,,,,,,,,96.5763168334961,57.76742935180664,112.42872619628906,100.22586822509766,86.27232360839844,343,13.0,26.6,0.9,1010.8,False,False
2018-01-02,612.0,901.0,1340.0,2281.0,60.37,66.65,63.46,188.69056701660156,94.05487823486328,278.9371032714844,113.18848419189453,91.40699768066406,632,15.8,33.1,0.0,1010.5,True,True
2018-01-03,607.0,894.0,1332.0,2426.0,61.61,67.85,63.5,138.02365112304688,147.4272918701172,172.156494140625,116.39833068847656,93.86074829101562,672,12.8,27.7,0.0,1011.9,True,True
2018-01-04,604.0,884.0,1365.0,2715.0,61.98,68.73,63.4,146.35792541503906,77.81729125976562,194.721923828125,118.95222473144531,94.29808807373047,679,16.8,35.3,0.0,1013.6,True,True
2018-01-05,600.0,884.0,1400.0,2791.0,61.49,68.01,63.38,66.51741790771484,88.41690063476562,58.998741149902344,111.08869171142578,92.88129425048828,747,12.1,27.7,0.0,1012.5,True,True
2018-01-06,,,,,,,,78.94584655761719,50.36981964111328,94.53015899658203,108.9677963256836,93.3590087890625,1049,11.8,24.1,0.0,1011.5,False,False
2018-01-07,,,,,,,,30.460391998291016,45.549949645996094,12.664384841918945,106.51029968261719,91.40464782714844,435,13.4,28.4,0.0,1012.7,False,False
2018-01-08,594.0,886.0,1424.0,2826.0,61.73,68.48,63.48,82.1722183227539,92.15919494628906,68.32877349853516,104.45257568359375,92.29692840576172,645,13.8,30.2,0.0,1014.7,True,True
2018-01-09,592.0,889.0,1428.0,2820.0,62.92,69.08,63.66,77.14198303222656,63.33314514160156,90.55902862548828,88.51705932617188,91.65704345703125,730,13.6,29.2,0.0,1016.2,True,True
2018-01-10,589.0,898.0,1404.0,2677.0,63.6,69.79,63.58,71.72000122070312,44.68702697753906,82.00146484375,79.04511260986328,89.29119873046875,739,11.6,27.0,0.0,1016.2,True,True
2018-01-11,587.0,902.0,1371.0,2384.0,63.81,70.36,63.65,95.51309204101562,60.59396743774414,108.30290222167969,71.78156280517578,89.21902465820312,763,10.1,20.5,0.0,1014.8,True,True
2018-01-12,587.0,907.0,1348.0,2296.0,64.22,69.64,63.61,167.51290893554688,116.89810180664062,222.86756896972656,86.20948791503906,92.12744140625,791,11.1,23.8,0.0,1013.5,True,True
2018-01-13,,,,,,,,83.7867202758789,29.83172035217285,124.41300201416016,86.90104675292969,91.45088958740234,1107,10.2,24.5,0.0,1013.5,False,False
2018-01-14,,,,,,,,63.24711990356445,0.0,105.18392181396484,91.5848617553711,90.52639770507812,419,13.3,29.9,0.0,1014.2,False,False
2018-01-15,585.0,908.0,1340.0,2231.0,,70.31,,58.96156311035156,53.436431884765625,62.39976119995117,88.26905822753906,91.24761962890625,618,12.0,20.9,0.0,1013.8,True,False
2018-01-16,583.0,910.0,1329.0,2010.0,63.82,69.4,64.01,58.74949645996094,45.05281448364258,60.12559509277344,85.64155578613281,91.42976379394531,733,12.3,27.0,0.0,1012.9,True,True
2018-01-17,581.0,910.0,1317.0,1743.0,63.92,69.19,63.88,128.2569580078125,79.36273193359375,154.45814514160156,93.71826171875,93.45860290527344,749,11.5,24.8,0.0,1013.2,True,True
2018-01-18,580.0,910.0,1311.0,1611.0,63.96,69.48,63.87,82.81419372558594,137.5988006591797,91.8167953491211,91.90413665771484,93.59785461425781,720,10.5,19.8,0.0,1013.5,True,True
2018-01-19,584.0,911.0,1333.0,1493.0,63.38,68.56,63.84,102.11367797851562,105.87133026123047,88.30714416503906,82.56138610839844,93.89998626708984,811,11.5,24.8,0.0,1014.1,True,True
2018-01-20,,,,,,,,68.94937133789062,29.885713577270508,99.7105484008789,80.4417724609375,93.060546875,1105,11.2,24.1,0.0,1013.2,False,False
2018-01-21,,,,,,,,71.32322692871094,79.00409698486328,52.7177734375,81.59549713134766,93.10519409179688,418,11.5,24.1,0.0,1012.8,False,False
2018-01-22,585.0,913.0,1362.0,1445.0,63.66,69.32,63.88,129.9990234375,153.59866333007812,96.08734893798828,91.74370574951172,95.19933319091797,688,11.3,24.1,0.0,1011.8,True,True
2018-01-23,586.0,911.0,1404.0,1525.0,64.45,69.81,63.76,129.00125122070312,110.23213958740234,153.24081420898438,101.77967071533203,96.51507568359375,719,13.2,27.7,0.0,1011.1,True,True
2018-01-24,584.0,908.0,1456.0,1676.0,65.69,69.91,63.69,136.3526611328125,143.92901611328125,153.3985137939453,102.93620300292969,98.60641479492188,826,15.9,33.8,0.0,1009.6,True,True
2018-01-25,581.0,904.0,1481.0,1752.0,65.62,71.08,63.52,82.48857879638672,34.625125885009766,108.30290222167969,102.88968658447266,98.09095764160156,763,14.5,32.4,0.0,1009.9,True,True
2018-01-26,577.0,900.0,1492.0,1772.0,66.27,70.08,63.58,65.83985137939453,57.43254089355469,88.96533966064453,97.70771026611328,96.43379211425781,805,11.7,27.7,0.0,1011.0,True,True
2018-01-27,,,,,,,,43.261146545410156,24.644561767578125,56.528995513916016,94.0379638671875,93.5931396484375,1072,13.0,28.4,0.0,1011.8,False,False
2018-01-28,,,,,,,,32.47615432739258,43.168251037597656,54.00988006591797,88.4883804321289,90.62361145019531,306,14.0,31.0,0.0,1013.0,False,False
2018-01-29,573.0,895.0,1485.0,1784.0,65.71,68.41,63.57,76.4438705444336,101.6114273071289,50.852378845214844,80.837646484375,90.04533386230469,650,16.6,34.9,0.0,1013.7,True,True
2018-01-30,566.0,889.0,1450.0,1748.0,64.64,67.78,63.65,95.8901138305664,69.52360534667969,101.4817123413086,76.10748291015625,91.65290832519531,760,12.3,27.7,0.0,1012.7,True,True
2018-01-31,558.0,884.0,1411.0,1613.0,64.82,67.78,63.58,102.40994262695312,117.80158996582031,111.35924530029297,71.2585220336914,91.84736633300781,841,15.2,27.0,0.0,1011.4,True,True
2018-02-01,552.0,877.0,1378.0,1528.0,65.92,68.6,63.97,52.32488250732422,48.151222229003906,73.6319351196289,66.94942474365234,87.30184173583984,823,13.1,28.1,0.0,1011.9,True,True
2018-02-02,547.0,872.0,1359.0,1470.0,65.5,67.45,64.11,30.99478530883789,23.174535751342773,45.102989196777344,61.9715576171875,83.73421478271484,855,11.3,25.9,0.0,1011.9,True,True
2018-02-03,,,,,,,,72.01234436035156,14.358135223388672,119.76103973388672,66.07887268066406,81.25602722167969,460,14.4,31.3,0.0,1013.0,False,False
2018-02-04,,,,,,,,53.42850875854492,60.87320327758789,63.467830657958984,69.07206726074219,80.81973266601562,434,21.2,42.5,0.0,1012.9,False,False
2018-02-05,543.0,865.0,1339.0,1433.0,64.18,67.69,64.06,84.5761947631836,84.31585693359375,78.14195251464844,70.23382568359375,81.00740814208984,705,16.3,33.8,0.0,1014.8,True,True
2018-02-06,538.0,857.0,1316.0,1519.0,63.48,66.75,64.23,56.73699188232422,34.80760192871094,79.84069061279297,64.64051818847656,81.88329315185547,759,16.7,34.2,0.0,1013.8,True,True
2018-02-07,532.0,844.0,1293.0,1578.0,61.91,65.74,64.23,76.4438705444336,59.27333450317383,77.69113159179688,60.93108367919922,81.69235229492188,780,18.9,38.2,0.0,1011.4,True,True
2018-02-08,529.0,833.0,1263.0,1662.0,61.3,64.26,64.27,93.48350524902344,72.93580627441406,101.39278411865234,66.81088256835938,82.23706817626953,815,11.2,25.2,0.0,1010.9,True,True
2018-02-09,526.0,825.0,1250.0,1790.0,59.2,63.04,64.37,72.09941864013672,55.90471267700195,79.9372329711914,72.68297576904297,82.24971771240234,827,16.1,34.9,0.0,1010.6,True,True
2018-02-10,,,,,,,,36.4018440246582,36.289794921875,35.314151763916016,67.59576416015625,80.27934265136719,1092,12.4,34.2,0.5,1013.2,False,False
2018-02-11,,,,,,,,44.66383361816406,59.368473052978516,49.519168853759766,66.34366607666016,76.18437194824219,445,12.6,27.7,0.0,1015.5,False,False
2018-02-12,520.0,819.0,1237.0,1824.0,59.41,62.2,64.29,124.49918365478516,124.115966796875,147.892822265625,72.04695129394531,77.54145050048828,745,13.2,31.0,0.0,1016.7,True,True
2018-02-13,518.0,817.0,1228.0,1793.0,59.33,61.94,64.27,73.42066192626953,68.88909912109375,79.0079345703125,74.43032836914062,77.88056945800781,767,17.6,37.8,0.0,1017.5,True,True
2018-02-14,516.0,823.0,1231.0,1721.0,60.7,62.29,64.1,37.50076675415039,24.92355728149414,41.577415466308594,68.86702728271484,77.16520690917969,795,14.7,32.0,0.0,1017.3,True,True
2018-02-15,515.0,832.0,1251.0,1663.0,61.48,62.86,63.93,69.69510650634766,40.870933532714844,95.4531021118164,65.46868896484375,77.53006744384766,808,16.1,36.4,0.0,1017.3,True,True
2018-02-16,515.0,837.0,1273.0,1608.0,61.89,64.3,64.21,53.116973876953125,48.139522552490234,48.18374252319336,62.75690841674805,75.02539825439453,686,12.9,29.5,0.0,1015.4,True,True
2018-02-17,,,,,,,,50.916500091552734,23.886953353881836,74.71529388427734,64.83042907714844,73.96214294433594,1106,13.0,30.6,0.0,1011.6,False,False
2018-02-18,,,,,,,,64.8251953125,64.62566375732422,64.68502044677734,67.71062469482422,72.71919250488281,511,16.7,35.6,0.0,1011.3,False,False
2018-02-19,517.0,840.0,1294.0,1597.0,,64.95,,91.53900146484375,57.03577423095703,142.7204132080078,63.00202941894531,73.47218322753906,579,18.8,38.2,0.0,1011.9,True,False
2018-02-20,519.0,847.0,1333.0,1678.0,61.91,64.68,64.83,91.38117980957031,100.20988464355469,75.98631286621094,65.56781768798828,74.14077758789062,725,17.7,36.0,0.0,1011.4,True,True
2018-02-21,522.0,856.0,1388.0,1717.0,61.73,64.81,64.76,72.11685943603516,28.757951736450195,95.94788360595703,70.51296997070312,72.21137237548828,689,20.5,42.1,0.0,1009.7,True,True
2018-02-22,529.0,871.0,1438.0,1725.0,62.72,66.12,65.01,53.79000473022461,53.62443542480469,44.72807312011719,68.24081420898438,69.70433044433594,739,14.1,32.0,0.0,1009.6,True,True
2018-02-23,534.0,892.0,1481.0,1722.0,63.52,67.04,64.71,74.92713165283203,78.62789154052734,72.14176940917969,71.35655212402344,67.65681457519531,840,20.2,40.3,0.0,1010.5,True,True
2018-02-24,,,,,,,,48.79865646362305,40.06343078613281,47.73836898803711,71.05400085449219,66.5338134765625,1154,16.8,34.6,0.0,1012.4,False,False
2018-02-25,,,,,,,,37.21986389160156,59.368473052978516,12.379792213439941,67.11038208007812,65.57981872558594,445,15.9,32.0,0.0,1011.9,False,False
2018-02-26,538.0,919.0,1504.0,1680.0,63.81,67.96,64.78,90.38383483886719,45.05281448364258,120.25119018554688,66.94535827636719,67.15057373046875,733,13.4,26.6,0.0,1010.6,True,True
2018-02-27,545.0,948.0,1513.0,1595.0,62.94,67.59,64.84,65.59539794921875,37.36771011352539,77.9208984375,63.26167678833008,68.25454711914062,707,14.9,32.8,0.0,1010.5,True,True
2018-02-28,557.0,973.0,1513.0,1560.0,61.43,66.08,65.2,70.12908172607422,57.57558822631836,89.18692016601562,62.97771072387695,68.04405212402344,803,12.6,29.9,0.0,1010.3,True,True
2018-03-01,579.0,992.0,1505.0,1568.0,60.98,64.23,65.2,93.70771789550781,112.10313415527344,70.1288070678711,68.68023681640625,67.97130584716797,707,15.7,33.1,0.0,1009.8,True,True
2018-03-02,586.0,1004.0,1500.0,1592.0,61.19,64.26,65.24,151.3148193359375,48.92401885986328,224.4410400390625,79.59276580810547,69.60147094726562,810,18.8,39.6,0.0,1008.6,True,True
2018-03-03,,,,,,,,47.11207580566406,70.4505844116211,44.07206344604492,79.3518295288086,69.4277114868164,1125,23.2,46.4,0.0,1006.6,False,False
2018-03-04,,,,,,,,55.790611267089844,55.61888122558594,69.58746337890625,82.00479125976562,70.25423431396484,475,20.8,43.2,0.0,1007.3,False,False
2018-03-05,590.0,1006.0,1502.0,1597.0,62.49,65.78,65.06,108.14913177490234,79.86387634277344,119.90584564208984,84.54269409179688,71.45880126953125,827,20.0,42.1,0.0,1009.0,True,True
2018-03-06,595.0,1013.0,1528.0,1587.0,62.54,65.67,64.9,88.45307922363281,44.09040451049805,110.32725524902344,87.80807495117188,72.62628173828125,749,15.1,33.1,0.0,1010.3,True,True
2018-03-07,599.0,1020.0,1553.0,1495.0,61.09,65.09,64.86,134.17996215820312,58.52303695678711,195.25596618652344,96.95819854736328,74.27973937988281,790,17.6,38.2,0.0,1010.9,True,True
2018-03-08,607.0,1026.0,1590.0,1489.0,60.13,63.87,65.15,106.09647369384766,39.17403793334961,150.30506896972656,98.72801971435547,75.92505645751953,843,13.0,31.0,0.0,1011.6,True,True
2018-03-09,611.0,1032.0,1615.0,1479.0,62.02,65.19,65.12,101.20653533935547,62.089237213134766,135.94496154785156,91.56969451904297,76.75048065185547,851,12.8,29.2,0.0,1011.1,True,True
2018-03-10,,,,,,,,106.64852142333984,25.77460479736328,161.23924255371094,100.07490539550781,77.18931579589844,1025,15.6,34.9,0.0,1010.7,False,False
2018-03-11,,,,,,,,72.64402770996094,43.45225524902344,120.81156921386719,102.48253631591797,77.20746612548828,456,16.6,36.0,0.0,1011.2,False,False
2018-03-12,615.0,1040.0,1624.0,1425.0,61.35,64.53,65.0,135.9002227783203,42.33809280395508,197.75926208496094,106.44697570800781,80.52407836914062,780,21.6,47.2,0.0,1010.3,True,True
2018-03-13,617.0,1049.0,1623.0,1362.0,60.69,64.2,64.85,119.58728790283203,63.58356475830078,145.84617614746094,110.89472198486328,83.02153015136719,831,20.4,40.3,0.0,1009.0,True,True
2018-03-14,622.0,1061.0,1623.0,1312.0,60.89,63.61,64.84,94.99882507324219,24.706018447875977,151.11990356445312,105.29741668701172,82.0381851196289,802,17.0,36.4,0.0,1008.3,True,True
2018-03-15,626.0,1077.0,1619.0,1238.0,61.16,63.67,64.94,189.4098358154297,75.53072357177734,287.0003967285156,117.19932556152344,85.90448760986328,787,24.2,47.2,0.0,1007.8,True,True
2018-03-16,627.0,1091.0,1618.0,1203.0,62.29,64.68,64.97,173.33203125,38.39966583251953,275.45037841796875,127.50296783447266,90.43219757080078,860,22.4,40.7,0.0,1008.9,True,True
2018-03-17,,,,,,,,86.76510620117188,30.892154693603516,118.52869415283203,124.6624755859375,91.0011978149414,1069,18.9,40.7,1.3,1009.6,False,False
2018-03-18,,,,,,,,61.62916564941406,30.7197322845459,76.869873046875,123.08892822265625,91.2849349975586,430,18.7,38.2,0.0,1010.3,False,False
2018-03-19,629.0,1099.0,1621.0,1171.0,62.01,64.82,65.21,95.18872833251953,66.42700958251953,110.8133773803711,117.27299499511719,92.76068115234375,696,15.5,32.4,0.0,1011.5,True,True
2018-03-20,630.0,1109.0,1615.0,1112.0,63.37,66.0,65.19,134.78366088867188,62.01636505126953,181.0471954345703,119.44390869140625,95.0926284790039,639,20.5,42.8,0.0,1009.1,True,True
2018-03-21,634.0,1117.0,1606.0,1109.0,65.1,68.15,65.2,171.2620086669922,107.83252716064453,232.3527069091797,130.33865356445312,97.75006103515625,735,15.7,34.9,0.0,1008.2,True,True
2018-03-22,639.0,1122.0,1593.0,1129.0,64.25,68.98,65.1,162.07073974609375,110.34176635742188,184.0718536376953,126.43305969238281,100.10637664794922,838,20.2,45.4,0.0,1006.6,True,True
2018-03-23,641.0,1121.0,1587.0,1157.0,65.8,69.03,64.98,84.1159896850586,71.87748718261719,93.2601089477539,113.68791198730469,100.50634765625,827,22.1,45.7,0.0,1006.9,True,True
2018-03-24,,,,,,,,148.64085388183594,133.06259155273438,171.52587890625,122.52730560302734,103.66804504394531,1092,19.2,38.2,0.0,1009.7,False,False
2018-03-25,,,,,,,,54.60276794433594,60.482994079589844,40.359031677246094,121.5235366821289,102.99057006835938,546,19.8,41.8,0.1,1011.8,False,False
2018-03-26,645.0,1116.0,1575.0,1197.0,65.49,68.81,64.83,81.37810516357422,38.177703857421875,103.49291229248047,119.55059051513672,104.07654571533203,692,23.6,47.9,0.0,1010.3,True,True
2018-03-27,648.0,1106.0,1552.0,1191.0,65.21,68.63,64.98,90.82076263427734,95.30653381347656,119.24259185791016,113.27017211914062,105.86324310302734,693,23.7,47.9,0.0,1008.4,True,True
2018-03-28,650.0,1093.0,1520.0,1065.0,64.3,68.13,65.15,91.53147888183594,86.90451049804688,101.4817123413086,101.88009643554688,105.90149688720703,760,23.7,47.9,0.0,1007.7,True,True
2018-03-29,652.0,1080.0,1495.0,1010.0,64.87,69.02,65.12,176.90615844726562,105.81697082519531,213.2993621826172,103.99944305419922,109.61186218261719,749,26.5,53.3,0.0,1007.5,True,True
2018-03-30,,,,,,,65.11,48.476600646972656,32.218257904052734,62.70415496826172,98.9081039428711,108.89010620117188,615,25.8,52.2,0.3,1007.2,False,True
2018-03-31,,,,,,,,119.91195678710938,89.65714263916016,149.56582641601562,94.8039779663086,109.76358032226562,1105,30.7,59.4,2.3,1007.0,False,False
2018-04-01,,,,,,,,44.865478515625,44.727378845214844,37.30704879760742,93.41293334960938,106.21527099609375,443,23.4,47.5,6.9,1008.7,False,False
2018-04-02,,,,,63.05,,65.11,139.22386169433594,105.29299926757812,151.6973114013672,101.6766128540039,109.2856674194336,690,17.6,31.3,2.5,1009.7,False,True
2018-04-03,650.0,1067.0,1455.0,924.0,63.41,69.02,65.0,105.72024536132812,120.45123291015625,83.72351837158203,103.80511474609375,110.94998931884766,658,17.6,38.2,0.0,1008.7,True,True
2018-04-04,648.0,1056.0,1397.0,841.0,63.35,66.04,65.08,70.6681137084961,79.25691223144531,58.76274871826172,100.82463073730469,109.70062255859375,750,19.5,40.0,2.4,1007.3,True,True
2018-04-05,644.0,1042.0,1343.0,809.0,63.53,66.54,64.92,69.10179901123047,34.444549560546875,93.37300872802734,85.42401123046875,109.05558013916016,767,22.3,45.0,0.9,1006.2,True,True
2018-04-06,643.0,1032.0,1317.0,824.0,62.03,66.51,64.95,100.5026626586914,104.20104217529297,120.34239959716797,92.8563003540039,107.93299865722656,824,25.3,52.2,0.2,1007.0,True,True
2018-04-07,,,,,,,,101.63198852539062,107.651611328125,100.35584259033203,90.24488067626953,107.78418731689453,1043,22.9,49.3,0.0,1008.4,False,False
2018-04-08,,,,,,,,84.3966293334961,126.20527648925781,70.1784439086914,95.8921890258789,107.2238540649414,471,14.8,32.0,0.3,1010.4,False,False
2018-04-09,638.0,1024.0,1315.0,854.0,63.4,68.19,64.95,102.21106719970703,120.4230728149414,115.89777374267578,90.60464477539062,107.07593536376953,713,17.6,38.9,1.2,1010.5,True,True
2018-04-10,636.0,1016.0,1319.0,930.0,65.48,70.67,64.95,213.29278564453125,234.33383178710938,188.21839904785156,105.97215270996094,111.76422882080078,761,21.1,43.2,0.0,1009.3,True,True
2018-04-11,634.0,1014.0,1325.0,940.0,66.81,72.74,65.26,102.49281311035156,49.04512023925781,136.361572265625,110.5185317993164,110.65065002441406,808,23.4,47.9,0.0,1008.5,True,True
2018-04-12,630.0,1014.0,1335.0,982.0,67.07,71.44,65.28,296.52142333984375,320.9465637207031,302.9249572753906,143.00704956054688,116.54845428466797,782,21.3,45.0,0.0,1007.8,True,True
2018-04-13,628.0,1013.0,1351.0,1038.0,67.35,73.18,65.27,117.60595703125,93.795166015625,136.91024780273438,145.45037841796875,117.3020248413086,845,20.3,42.8,0.7,1008.3,True,True
2018-04-14,,,,,,,,95.6698226928711,101.3363037109375,114.35665130615234,144.59864807128906,114.17736053466797,1108,22.2,47.2,0.0,1007.3,False,False
2018-04-15,,,,,,,,96.12361145019531,147.4272918701172,86.0782470703125,146.27392578125,111.60374450683594,448,21.8,45.0,0.0,1007.5,False,False
2018-04-16,626.0,1016.0,1359.0,1061.0,66.23,72.05,65.46,194.28549194335938,193.68746948242188,226.17626953125,159.4274139404297,115.18775939941406,682,17.7,42.8,1.1,1008.0,True,True
2018-04-17,626.0,1018.0,1353.0,1152.0,66.5,71.71,65.66,178.36903381347656,59.27333450317383,261.3247375488281,154.4383087158203,119.07908630371094,780,22.3,47.5,0.0,1008.2,True,True
2018-04-18,626.0,1022.0,1329.0,1402.0,68.44,73.73,65.62,234.35853576660156,26.958131790161133,367.2671813964844,173.27627563476562,123.71807861328125,735,26.1,53.6,0.0,1006.7,True,True
2018-04-19,623.0,1022.0,1306.0,1668.0,68.3,74.85,65.79,214.136962890625,174.26760864257812,225.3024139404297,161.50706481933594,126.36318969726562,758,27.6,56.2,0.0,1004.8,True,True
2018-04-20,621.0,1025.0,1289.0,1915.0,68.26,74.62,66.15,71.06819915771484,31.4886417388916,91.92622375488281,154.8588104248047,123.02339935302734,839,30.2,60.1,0.2,1005.3,True,True
2018-04-21,,,,,,,,48.051753997802734,11.975960731506348,74.91851043701172,148.0562286376953,119.22276306152344,1103,31.7,61.2,0.0,1004.5,False,False
2018-04-22,,,,,,,,29.31475830078125,0.0,48.752281188964844,138.51210021972656,117.39605712890625,452,29.7,59.0,0.0,1005.3,False,False
2018-04-23,621.0,1027.0,1281.0,2009.0,67.61,74.54,66.42,88.52149963378906,74.3149642944336,100.72727966308594,123.40296173095703,115.39207458496094,711,24.7,50.4,10.3,1006.4,True,True
2018-04-24,617.0,1030.0,1269.0,2130.0,67.66,75.86,66.36,150.57125854492188,58.106239318847656,218.09854125976562,119.43185424804688,118.59102630615234,682,24.1,49.0,0.0,1006.5,True,True
2018-04-25,614.0,1037.0,1264.0,2314.0,68.0,73.79,66.92,193.12814331054688,117.19442749023438,244.37928771972656,113.54179382324219,122.31602478027344,789,25.7,52.9,0.0,1005.4,True,True
2018-04-26,610.0,1040.0,1272.0,2306.0,68.18,75.39,66.8,146.26922607421875,85.77587890625,207.48211669921875,103.84640502929688,124.16431427001953,770,26.4,55.4,0.5,1005.4,True,True
2018-04-27,605.0,1042.0,1275.0,2251.0,68.11,75.33,66.68,91.80326080322266,53.387062072753906,114.50593566894531,106.80855560302734,124.17337036132812,866,24.1,50.8,0.1,1007.6,True,True
2018-04-28,,,,,,,,93.78045654296875,42.22209930419922,130.8074951171875,113.34123229980469,121.40251159667969,1095,26.2,53.6,0.0,1007.1,False,False
2018-04-29,,,,,,,,52.5804443359375,14.976740837097168,74.95248413085938,116.66490173339844,121.539306640625,441,30.6,60.8,0.0,1004.8,False,False
2018-04-30,603.0,1045.0,1276.0,2173.0,68.56,75.92,66.5,134.5440673828125,111.00408172607422,138.88255310058594,123.23954772949219,122.02704620361328,714,30.4,60.8,0.0,1004.5,True,True
2018-05-01,601.0,1043.0,1271.0,2136.0,67.28,74.85,66.52,155.34799194335938,72.87992095947266,197.5644073486328,123.92194366455078,125.70979309082031,725,26.6,54.4,0.0,1006.2,True,True
2018-05-02,597.0,1043.0,1271.0,2197.0,67.91,73.14,66.71,186.62353515625,160.6787567138672,239.82876586914062,122.99271392822266,127.28978729248047,781,26.2,52.6,0.0,1006.4,True,True
2018-05-03,591.0,1047.0,1266.0,2308.0,68.45,73.45,66.68,125.34039306640625,44.62664031982422,193.55972290039062,120.00287628173828,127.94378662109375,740,19.4,39.6,0.4,1007.8,True,True
2018-05-04,589.0,1050.0,1265.0,2337.0,69.71,74.75,66.83,139.01663208007812,23.758068084716797,217.98231506347656,126.74764251708984,130.22207641601562,834,27.8,55.1,0.0,1007.3,True,True
2018-05-05,,,,,,,,64.47073364257812,24.48468017578125,86.79622650146484,122.56053924560547,130.0677032470703,1079,30.1,59.0,0.0,1006.8,False,False
2018-05-06,,,,,,,,22.950815200805664,15.253446578979492,38.168643951416016,118.3277359008789,127.4826431274414,433,30.8,60.8,0.0,1006.7,False,False
2018-05-07,,,,,70.74,,67.13,79.70087432861328,39.72777557373047,99.41065979003906,110.49299621582031,126.75160217285156,665,27.6,55.4,0.1,1004.9,False,True
2018-05-08,585.0,1051.0,1257.0,2482.0,68.83,74.16,67.12,125.366455078125,48.06945037841797,168.39761352539062,106.20992279052734,128.1172637939453,687,29.5,58.0,0.0,1003.7,True,True
2018-05-09,585.0,1048.0,1253.0,2616.0,71.16,77.6,67.25,284.1881103515625,132.8031463623047,413.5447998046875,120.14771270751953,134.18316650390625,746,28.8,57.6,0.0,1005.0,True,True
2018-05-10,584.0,1052.0,1246.0,2565.0,71.36,77.59,67.24,233.39476013183594,73.47673797607422,367.7211608886719,135.5840606689453,134.85324096679688,809,28.7,58.0,0.0,1006.8,True,True
2018-05-11,584.0,1053.0,1245.0,2630.0,70.69,77.37,67.28,163.6328582763672,79.57521057128906,225.67018127441406,139.1006622314453,136.8912353515625,830,30.0,58.7,2.7,1005.8,True,True
2018-05-12,,,,,,,,99.87641143798828,66.37931823730469,132.88058471679688,144.1586151123047,130.33639526367188,995,24.8,51.8,0.1,1005.5,False,False
2018-05-13,,,,,,,,98.31822204589844,75.3966064453125,125.77643585205078,154.92538452148438,129.6934814453125,438,27.2,56.5,0.0,1005.1,False,False
2018-05-14,585.0,1055.0,1240.0,2635.0,71.01,78.17,67.55,125.73249816894531,77.13567352294922,184.97396850585938,161.50132751464844,130.69557189941406,685,24.0,44.6,2.9,1006.9,True,True
2018-05-15,586.0,1053.0,1237.0,2602.0,71.34,78.94,68.07,112.64398956298828,66.54652404785156,159.58082580566406,159.683837890625,131.24624633789062,794,26.3,53.3,0.0,1005.5,True,True
2018-05-16,587.0,1056.0,1237.0,2407.0,71.43,78.19,67.77,150.57125854492188,123.61817932128906,147.29966735839844,140.59571838378906,129.7891082763672,748,29.3,58.7,0.2,1004.0,True,True
2018-05-17,589.0,1064.0,1239.0,2106.0,71.47,80.09,67.76,152.6919708251953,67.65421295166016,218.66738891601562,129.06674194335938,128.93319702148438,781,26.3,51.8,0.0,1003.9,True,True
2018-05-18,590.0,1069.0,1241.0,2053.0,71.23,78.38,68.04,92.46244812011719,80.1546401977539,106.97102355957031,118.89954376220703,124.20333099365234,824,26.1,52.2,0.0,1002.7,True,True
2018-05-19,,,,,,,,55.5361442565918,39.08131790161133,65.19535827636719,112.56521606445312,118.91664123535156,1014,27.5,54.7,0.0,1003.0,False,False
2018-05-20,,,,,,,,35.240081787109375,28.105287551879883,35.163875579833984,103.5540542602539,117.72236633300781,470,26.9,54.0,0.0,1003.8,False,False
2018-05-21,591.0,1071.0,1243.0,1957.0,72.26,78.34,68.11,125.66645050048828,60.13422775268555,175.55259704589844,103.54461669921875,120.30952453613281,659,28.5,56.9,0.7,1004.2,True,True
2018-05-22,590.0,1074.0,1239.0,1854.0,72.09,80.42,68.04,81.85124206542969,28.79975128173828,120.10917663574219,99.14566040039062,122.06073760986328,688,28.5,56.9,0.0,1004.2,True,True
2018-05-23,591.0,1074.0,1222.0,1759.0,71.85,78.69,68.38,179.17031860351562,99.69422912597656,214.81666564941406,103.23123931884766,125.08236694335938,795,23.6,47.5,0.8,1004.5,True,True
2018-05-24,590.0,1074.0,1202.0,1551.0,70.77,78.9,68.32,153.59022521972656,16.553239822387695,248.5266571044922,103.35955810546875,125.18299865722656,798,28.6,57.2,1.9,1003.4,True,True
2018-05-25,587.0,1071.0,1187.0,1395.0,67.92,76.6,67.78,140.5561981201172,37.87123107910156,214.80075073242188,110.23009490966797,123.43060302734375,872,25.6,52.2,0.0,1003.2,True,True
2018-05-26,,,,,,,,108.21454620361328,47.94731521606445,139.9747772216797,117.75557708740234,122.162109375,1102,24.3,48.6,0.5,1003.4,False,False
2018-05-27,,,,,,,,84.34778594970703,45.866268157958984,102.01866149902344,124.77096557617188,121.9135971069336,432,22.3,46.1,0.7,1003.3,False,False
2018-05-28,,,,,,,,102.57495880126953,36.091487884521484,140.48471069335938,121.47218322753906,122.20674896240234,549,22.4,46.4,0.3,1001.0,False,False
2018-05-29,586.0,1068.0,1163.0,1324.0,66.8,74.51,67.78,71.2380142211914,10.145533561706543,110.01091003417969,119.95600891113281,122.82866668701172,651,20.5,43.9,0.3,999.8,True,True
2018-05-30,584.0,1064.0,1149.0,1276.0,68.24,75.89,67.46,141.90927124023438,105.09382629394531,202.2891387939453,114.63300323486328,123.07417297363281,817,26.2,53.6,0.5,1000.6,True,True
2018-05-31,583.0,1063.0,1160.0,1401.0,66.98,76.45,67.4,92.13764190673828,104.97604370117188,80.26368713378906,105.85405731201172,120.9671630859375,755,25.3,52.6,0.0,1002.9,True,True
2018-06-01,583.0,1061.0,1192.0,1602.0,65.81,74.54,66.99,186.23287963867188,63.203277587890625,263.5888977050781,112.37930297851562,120.95413970947266,836,21.8,46.1,1.7,1004.5,True,True
2018-06-02,,,,,,,,90.7124252319336,68.60450744628906,119.64794921875,109.87899780273438,119.79987335205078,1059,16.6,36.7,4.5,1004.3,False,False
2018-06-03,,,,,,,,54.559940338134766,77.7028579711914,51.84947967529297,105.62358856201172,116.98464965820312,425,20.8,42.1,1.0,1001.8,False,False
2018-06-04,583.0,1061.0,1217.0,1712.0,64.76,73.41,67.05,146.1427001953125,29.13857078552246,218.74002075195312,111.84754943847656,119.70704650878906,680,20.9,44.3,2.4,1001.0,True,True
2018-06-05,584.0,1065.0,1250.0,1835.0,65.51,72.91,67.12,178.0370330810547,64.54145812988281,242.25277709960938,127.10455322265625,124.8765869140625,614,14.5,35.6,1.9,1003.1,True,True
2018-06-06,583.0,1065.0,1290.0,2088.0,64.75,73.23,66.87,108.60877227783203,33.31521987915039,159.7820587158203,122.34734344482422,125.8401870727539,793,13.5,28.4,10.6,1003.6,True,True
2018-06-07,583.0,1072.0,1344.0,2220.0,65.96,75.23,67.2,88.7294921875,42.12208557128906,119.45552825927734,121.86046600341797,124.61895751953125,784,17.6,37.8,2.4,1000.7,True,True
2018-06-08,584.0,1075.0,1418.0,2151.0,65.77,75.11,67.56,116.16471099853516,44.82857131958008,155.7977294921875,111.85072326660156,119.01817321777344,884,19.2,42.1,29.4,997.5,True,True
2018-06-09,,,,,,,,79.71419525146484,35.319480895996094,108.01976013183594,110.27954864501953,113.89549255371094,1122,19.3,37.1,10.9,995.5,False,False
2018-06-10,,,,,,,,91.42967987060547,56.09123611450195,128.6604766845703,115.5466537475586,111.48871612548828,471,17.8,32.4,0.6,994.8,False,False
2018-06-11,586.0,1078.0,1451.0,2091.0,66.1,74.58,67.46,135.01004028320312,48.06945037841797,192.4544219970703,113.9562759399414,112.65983581542969,687,19.9,41.4,2.3,994.6,True,True
2018-06-12,588.0,1084.0,1474.0,2068.0,66.38,74.86,67.48,155.8855438232422,69.06920623779297,208.8382110595703,110.79177856445312,114.57875061035156,765,19.6,40.0,18.6,994.7,True,True
2018-06-13,591.0,1088.0,1488.0,2091.0,66.63,75.07,67.6,140.87469482421875,56.176429748535156,200.8143768310547,115.40119171142578,115.08348846435547,823,21.3,40.0,0.7,996.1,True,True
2018-06-14,592.0,1089.0,1498.0,2184.0,66.91,74.77,67.62,188.4875030517578,135.93295288085938,220.09352111816406,129.65234375,117.61160278320312,826,22.7,53.3,0.9,997.5,True,True
2018-06-15,593.0,1091.0,1495.0,2223.0,65.01,72.02,68.06,69.98382568359375,23.256135940551758,96.98957061767578,123.05506896972656,114.92535400390625,852,21.0,42.8,0.0,998.8,True,True
2018-06-16,,,,,,,,125.56664276123047,137.10205078125,134.24476623535156,129.6054229736328,114.02117919921875,1108,18.8,34.2,0.0,999.9,False,False
2018-06-17,,,,,,,,24.537538528442383,32.61601257324219,27.20497703552246,120.04940032958984,111.75701904296875,405,16.3,34.6,1.0,999.4,False,False
2018-06-18,595.0,1092.0,1482.0,2228.0,65.91,74.87,68.1,47.07783508300781,34.13303756713867,56.94064712524414,107.48765563964844,111.4750747680664,774,16.6,35.6,0.0,998.5,True,True
2018-06-19,594.0,1093.0,1458.0,2187.0,65.09,74.92,68.3,99.42222595214844,36.04225158691406,142.7982940673828,99.42146301269531,113.6144790649414,733,17.9,36.4,0.0,998.9,True,True
2018-06-20,593.0,1094.0,1419.0,2090.0,65.92,74.25,68.06,121.3394775390625,72.57958984375,141.25660705566406,96.63072204589844,113.47024536132812,819,20.4,41.8,0.0,1000.5,True,True
2018-06-21,592.0,1094.0,1382.0,2038.0,65.68,72.87,67.94,93.59835052490234,73.02540588378906,121.82080078125,83.07512664794922,113.86181640625,814,22.8,45.7,10.0,1001.6,True,True
2018-06-22,593.0,1092.0,1355.0,2011.0,69.02,73.67,67.88,57.31085968017578,22.85378074645996,82.60334014892578,81.26470184326172,109.79983520507812,867,19.7,37.1,13.7,1001.3,True,True
2018-06-23,,,,,,,,29.68250846862793,29.591142654418945,29.61832046508789,67.56697082519531,105.6695785522461,1116,19.4,38.9,14.8,1001.2,False,False
2018-06-24,,,,,,,,47.90903854370117,40.9384880065918,79.67572784423828,70.90575408935547,102.58133697509766,484,23.6,47.2,3.8,1000.6,False,False
2018-06-25,592.0,1085.0,1339.0,2001.0,69.91,72.82,68.09,87.7807388305664,64.4814453125,107.56778717041016,76.720458984375,101.90020751953125,717,18.6,34.6,16.3,999.3,True,True
2018-06-26,589.0,1078.0,1321.0,1986.0,75.23,73.58,68.31,137.2349395751953,56.61207580566406,212.49029541015625,82.12227630615234,103.66311645507812,700,17.9,32.4,24.3,998.4,True,True
2018-06-27,585.0,1067.0,1324.0,1942.0,77.41,76.09,68.63,130.60302734375,63.12776565551758,164.54623413085938,83.44564056396484,104.59738159179688,837,15.5,28.1,38.0,998.2,True,True
2018-06-28,583.0,1055.0,1331.0,2025.0,73.45,76.26,68.81,88.44233703613281,64.12371826171875,100.28533935546875,82.70906066894531,105.17086029052734,824,24.5,52.2,18.6,1001.1,True,True
2018-06-29,581.0,1042.0,1336.0,2170.0,74.13,77.44,68.46,141.04144287109375,98.80512237548828,164.8264617919922,94.67057800292969,105.14193725585938,869,25.4,50.0,2.3,1002.4,True,True
2018-06-30,,,,,,,,38.59983444213867,13.993098258972168,52.522315979003906,95.9444808959961,103.35733795166016,944,22.9,45.7,8.5,1002.5,False,False
2018-07-01,,,,,,,,59.28532791137695,44.32713317871094,61.62200927734375,97.56966400146484,99.1257553100586,447,24.5,51.8,16.4,1002.2,False,False
2018-07-02,575.0,1034.0,1338.0,2304.0,73.89,76.71,68.78,123.02521514892578,72.6794204711914,143.976806640625,102.6045913696289,100.20285034179688,727,25.9,49.7,30.2,1001.7,True,True
2018-07-03,571.0,1025.0,1336.0,2478.0,74.19,75.87,68.58,146.81739807128906,137.2176513671875,129.71347045898438,103.9735107421875,103.2780990600586,722,24.2,49.0,5.3,1001.1,True,True
2018-07-04,569.0,1017.0,1334.0,2743.0,,76.99,,49.220916748046875,19.627763748168945,65.48597717285156,92.34749603271484,100.04737091064453,673,17.1,41.8,6.3,1000.4,True,False
2018-07-05,565.0,1005.0,1339.0,3013.0,73.05,77.09,68.89,119.5712890625,97.12857055664062,117.83973693847656,96.79448699951172,98.0985107421875,748,16.1,37.4,1.9,1000.0,True,True
2018-07-06,563.0,999.0,1347.0,3086.0,73.78,74.98,68.8,128.33192443847656,63.96845245361328,166.73751831054688,94.97884368896484,98.75595092773438,826,14.9,32.4,7.4,998.4,True,True
2018-07-07,,,,,,,,82.65523529052734,44.36967468261719,105.7391128540039,101.27247619628906,98.55347442626953,1042,15.6,32.8,17.3,997.2,False,False
2018-07-08,,,,,,,,68.06645965576172,30.158639907836914,88.04350280761719,102.52691650390625,96.95020294189453,438,19.9,38.9,2.7,996.1,False,False
2018-07-09,562.0,997.0,1367.0,3016.0,73.93,77.08,68.66,170.4659423828125,174.5342254638672,137.916748046875,109.30416870117188,99.97525787353516,719,19.2,40.3,3.8,996.8,True,True
2018-07-10,560.0,994.0,1431.0,2792.0,74.11,77.8,68.76,121.88159942626953,78.11128234863281,144.78338623046875,105.74191284179688,100.99032592773438,761,20.4,42.8,6.1,997.4,True,True
2018-07-11,558.0,992.0,1498.0,2793.0,70.47,75.35,68.7,125.24701690673828,68.88909912109375,150.8333282470703,116.602783203125,100.66488647460938,767,16.5,32.4,29.9,996.9,True,True
2018-07-12,558.0,994.0,1517.0,3041.0,70.28,72.11,68.52,172.8645782470703,88.17010498046875,247.37049865722656,124.21611022949219,101.2308578491211,824,14.0,29.9,24.8,995.7,True,True
2018-07-13,559.0,995.0,1527.0,3156.0,71.03,74.11,68.44,125.4760513305664,164.4037628173828,119.24259185791016,123.8081283569336,100.71756744384766,924,13.0,28.1,11.3,995.6,True,True
2018-07-14,,,,,,,,102.95000457763672,126.7820816040039,135.96270751953125,126.70738220214844,97.86631774902344,1094,18.1,38.5,24.5,994.4,False,False
2018-07-15,,,,,,,,104.6073989868164,139.04721069335938,115.97911071777344,131.92752075195312,99.02043914794922,475,30.6,59.4,4.5,992.2,False,False
2018-07-16,559.0,998.0,1529.0,3238.0,68.22,71.03,68.6,168.76254272460938,115.36668395996094,232.54908752441406,131.68417358398438,100.4603042602539,687,26.1,53.3,31.4,992.8,True,True
2018-07-17,561.0,1003.0,1530.0,3335.0,68.03,70.87,68.42,100.79735565185547,91.3519058227539,114.29476928710938,128.67213439941406,103.0022964477539,723,22.4,40.7,2.4,995.7,True,True
2018-07-18,561.0,1008.0,1529.0,3230.0,68.78,70.52,68.62,88.57132720947266,44.149349212646484,117.83973693847656,123.43275451660156,104.38541412353516,748,12.4,24.8,14.9,996.8,True,True
2018-07-19,561.0,1016.0,1538.0,3130.0,69.42,71.94,69.01,143.0528564453125,169.3523712158203,118.95292663574219,119.17393493652344,105.83976745605469,741,11.5,29.5,32.2,996.5,True,True
2018-07-20,560.0,1023.0,1557.0,3205.0,70.31,71.99,68.74,54.0997200012207,16.594829559326172,76.12950134277344,108.9773178100586,103.59844207763672,796,26.8,59.4,26.3,993.9,True,True
2018-07-21,,,,,,,,121.85631561279297,25.574995040893555,191.98866271972656,111.67821502685547,104.54037475585938,1033,26.6,49.3,154.9,992.9,False,False
2018-07-22,,,,,,,,72.71489715576172,80.54563903808594,94.05622863769531,107.12214660644531,105.05384063720703,410,33.4,78.8,17.3,995.4,False,False
2018-07-23,560.0,1028.0,1566.0,3304.0,67.9,73.45,68.84,161.70819091796875,87.9329605102539,195.58607482910156,106.1143798828125,109.45469665527344,676,28.8,55.1,1.6,998.5,True,True
2018-07-24,559.0,1030.0,1581.0,3461.0,70.77,73.53,68.94,161.12632751464844,94.48844909667969,189.15048217773438,114.73280334472656,113.22860717773438,699,20.9,42.1,3.5,1000.7,True,True
2018-07-25,556.0,1033.0,1588.0,3462.0,71.13,73.67,68.72,105.160888671875,69.8914566040039,153.02798461914062,117.10274505615234,113.80794525146484,756,20.0,38.5,7.3,1000.6,True,True
2018-07-26,554.0,1034.0,1583.0,3303.0,71.59,74.51,68.66,107.8719482421875,161.3098602294922,82.22399139404297,112.07689666748047,112.82917785644531,737,15.2,36.7,5.7,1000.7,True,True
2018-07-27,553.0,1035.0,1588.0,3197.0,68.66,74.84,68.6,119.3347396850586,106.66043853759766,143.71324157714844,121.39618682861328,112.45356750488281,805,14.8,38.2,11.4,1000.4,True,True
2018-07-28,,,,,,,,38.48094177246094,51.14999008178711,26.665090560913086,109.48542022705078,110.78819274902344,1033,17.3,34.9,5.8,1000.0,False,False
2018-07-29,,,,,,,,23.49338722229004,46.84214401245117,13.023658752441406,102.45377349853516,106.86991882324219,423,19.5,38.9,9.1,999.2,False,False
2018-07-30,551.0,1035.0,1587.0,3280.0,71.19,74.99,68.6,118.85968017578125,51.51905059814453,154.69911193847656,96.33255767822266,109.54524993896484,641,16.7,36.0,36.6,999.0,True,True
2018-07-31,549.0,1035.0,1570.0,3471.0,69.88,74.16,68.54,109.94091796875,76.24522399902344,119.24259185791016,89.02035522460938,111.23377227783203,693,19.5,41.0,13.9,999.1,True,True
2018-08-01,547.0,1036.0,1539.0,3515.0,68.8,72.28,68.37,140.02928161621094,61.07423400878906,189.21295166015625,94.00155639648438,111.80056762695312,757,19.7,45.7,3.9,1000.2,True,True
2018-08-02,544.0,1032.0,1491.0,3534.0,68.95,72.95,68.63,121.88159942626953,78.11128234863281,144.78338623046875,96.00293731689453,110.96937561035156,761,17.1,42.1,14.5,1001.2,True,True
2018-08-03,543.0,1030.0,1447.0,3632.0,68.49,72.48,68.54,147.8824920654297,42.12208557128906,231.88424682617188,100.08118438720703,114.25809478759766,784,19.4,41.4,9.8,1000.8,True,True
2018-08-04,,,,,,,,84.67708587646484,40.519893646240234,112.65863800048828,106.68063354492188,113.09495544433594,978,17.2,42.5,1.1,1000.1,False,False
2018-08-05,,,,,,,,53.92552185058594,15.35986614227295,89.6815185546875,111.02808380126953,110.61474609375,430,13.7,36.0,25.0,999.6,False,False
2018-08-06,542.0,1030.0,1420.0,3654.0,69.01,72.51,68.82,162.54562377929688,111.75537109375,177.10853576660156,117.26892852783203,113.27775573730469,591,15.9,30.2,76.4,997.3,True,True
2018-08-07,541.0,1032.0,1386.0,3550.0,69.17,72.31,68.62,200.45794677734375,89.92842102050781,258.3649597167969,130.19993591308594,117.69080352783203,661,26.7,52.9,24.3,994.8,True,True
2018-08-08,541.0,1035.0,1365.0,3483.0,66.92,70.71,68.65,129.0610809326172,66.71456909179688,166.93963623046875,128.633056640625,116.3106460571289,693,23.9,48.6,12.6,997.7,True,True
2018-08-09,543.0,1036.0,1349.0,3472.0,66.81,70.55,68.74,170.8864288330078,34.94572830200195,262.3337097167969,135.6337432861328,117.94413757324219,756,14.2,32.4,3.1,1001.1,True,True
2018-08-10,542.0,1039.0,1339.0,3480.0,67.61,71.0,68.88,121.93501281738281,64.83182525634766,162.22845458984375,131.9269561767578,117.833740234375,815,14.0,29.2,5.9,1000.9,True,True
2018-08-11,,,,,,,,156.44570922851562,88.15364837646484,231.89866638183594,142.1796112060547,117.28644561767578,974,17.0,36.4,2.5,998.2,False,False
2018-08-12,,,,,,,,85.73704528808594,77.7028579711914,103.69895935058594,146.72412109375,115.96180725097656,425,13.4,29.9,1.5,996.1,False,False
2018-08-13,543.0,1040.0,1339.0,3536.0,67.25,70.62,70.02,142.4760284423828,81.16426849365234,169.24754333496094,143.85704040527344,117.27934265136719,651,14.0,32.4,2.3,996.0,True,True
2018-08-14,543.0,1042.0,1362.0,3587.0,67.04,70.77,69.95,136.3998565673828,77.7028579711914,186.33409118652344,134.7058868408203,118.3390884399414,680,16.5,35.6,12.7,995.0,True,True
2018-08-15,543.0,1045.0,1403.0,3560.0,65.07,68.38,69.92,111.38750457763672,67.59239196777344,128.8656768798828,132.18109130859375,116.42658996582031,684,29.1,55.4,11.5,994.6,True,True
2018-08-16,544.0,1050.0,1447.0,3476.0,65.44,69.21,70.19,128.16482543945312,88.45637512207031,155.76063537597656,126.07799530029297,117.33883666992188,672,19.9,41.4,5.6,998.2,True,True
2018-08-17,545.0,1056.0,1485.0,3454.0,65.93,70.14,70.09,107.13349151611328,34.17719268798828,156.7893524169922,123.96349334716797,117.95758056640625,773,16.6,34.9,8.6,997.8,True,True
2018-08-18,,,,,,,,54.923404693603516,75.28722381591797,34.252899169921875,109.46031188964844,115.01992797851562,965,12.6,31.3,2.5,996.5,False,False
2018-08-19,,,,,,,,57.11323547363281,48.80351638793945,54.275936126708984,105.3711929321289,115.12037658691406,406,14.1,37.1,16.2,996.0,False,False
2018-08-20,543.0,1062.0,1506.0,3424.0,66.5,71.11,69.84,106.85701751708984,168.2022705078125,112.23784637451172,100.28276062011719,114.62040710449219,589,16.2,34.6,8.8,997.2,True,True
2018-08-21,543.0,1069.0,1530.0,3426.0,67.32,71.65,69.85,152.000732421875,52.25271224975586,209.2028045654297,102.51145935058594,117.26326751708984,632,16.9,37.1,3.5,998.4,True,True
2018-08-22,548.0,1078.0,1560.0,3371.0,67.85,72.96,69.85,119.32880401611328,66.61843872070312,158.76101684570312,103.64592742919922,115.85061645507812,694,18.7,38.9,0.5,1000.1,True,True
2018-08-23,547.0,1087.0,1607.0,3232.0,69.13,73.73,70.09,120.28876495361328,147.59201049804688,123.10631561279297,102.52078247070312,114.48936462402344,716,15.3,32.8,1.5,1000.3,True,True
2018-08-24,551.0,1095.0,1630.0,3164.0,69.71,74.41,69.96,44.46399688720703,35.461708068847656,51.76248550415039,93.5679931640625,112.46613311767578,745,12.0,23.8,15.4,999.6,True,True
2018-08-25,,,,,,,,72.99467468261719,76.23522186279297,57.8070068359375,96.14960479736328,111.30355834960938,953,15.9,33.1,16.7,998.4,False,False
2018-08-26,,,,,,,,43.39608383178711,0.0,72.17041015625,94.19001007080078,108.77227020263672,458,17.6,32.4,18.4,995.9,False,False
2018-08-27,,,,,69.97,74.41,70.16,109.45875549316406,57.43254089355469,182.03677368164062,94.56169128417969,111.13819885253906,575,15.9,32.0,10.9,997.2,False,True
2018-08-28,554.0,1110.0,1643.0,3088.0,68.54,75.91,70.09,134.43862915039062,32.16595458984375,214.63665771484375,92.05281829833984,114.83637237548828,616,19.6,38.9,9.4,999.9,True,True
2018-08-29,556.0,1121.0,1639.0,2994.0,69.68,76.07,70.53,139.90408325195312,143.97259521484375,165.1201171875,94.99214172363281,115.53785705566406,734,18.9,43.9,14.8,1002.0,True,True
2018-08-30,559.0,1128.0,1608.0,2826.0,70.25,77.05,70.74,86.16505432128906,38.177703857421875,119.41490173339844,90.11732482910156,114.74532318115234,692,14.3,31.3,10.6,1001.1,True,True
2018-08-31,562.0,1132.0,1571.0,2732.0,69.84,76.94,71.0,62.03310012817383,41.22810745239258,68.77662658691406,92.627197265625,112.14545440673828,801,16.6,35.3,20.9,1000.9,True,True
2018-09-01,,,,,,,,80.2463150024414,115.19900512695312,58.72004318237305,93.66314697265625,110.75760650634766,1032,17.1,34.6,18.0,1001.7,False,False
2018-09-02,,,,,,,,49.1270637512207,55.97239303588867,35.01487731933594,94.48185729980469,107.46575927734375,472,16.5,34.2,13.6,1002.6,False,False
2018-09-03,563.0,1133.0,1540.0,2672.0,,77.81,,94.16999053955078,55.22359848022461,119.76103973388672,92.29774475097656,107.78219604492188,598,17.9,36.7,5.3,1002.7,True,False
2018-09-04,564.0,1135.0,1517.0,2535.0,69.82,77.51,71.58,14.36084270477295,9.544425964355469,15.92198657989502,75.1437759399414,106.46337127685547,692,16.0,32.8,6.9,1002.4,True,True
2018-09-05,565.0,1135.0,1504.0,2410.0,68.69,76.68,71.75,85.92912292480469,102.79754638671875,64.30747985839844,67.43306732177734,103.90948486328125,771,23.9,44.3,75.1,1000.1,True,True
2018-09-06,565.0,1135.0,1516.0,2424.0,67.81,75.67,71.94,97.68965911865234,35.41416931152344,132.9251251220703,69.0794448852539,100.48387908935547,746,31.6,58.7,77.9,996.5,True,True
2018-09-07,568.0,1134.0,1528.0,2411.0,67.73,75.55,71.78,87.86651611328125,35.038421630859375,124.2083969116211,72.76992797851562,99.11072540283203,754,25.6,48.6,12.1,1001.2,True,True
2018-09-08,,,,,,,,59.63218307495117,77.28321838378906,39.6688232421875,69.8250503540039,95.40225219726562,1111,14.0,32.0,5.0,1004.4,False,False
2018-09-09,,,,,,,,47.51633834838867,54.137229919433594,33.866851806640625,69.5949478149414,92.921630859375,488,15.5,32.8,1.9,1006.2,False,False
2018-09-10,569.0,1136.0,1544.0,2363.0,67.55,76.77,72.45,55.42262268066406,25.50093650817871,70.9010009765625,64.05960845947266,89.55419158935547,777,17.4,36.7,5.7,1008.2,True,True
2018-09-11,572.0,1135.0,1556.0,2191.0,69.29,78.22,72.69,81.84497833251953,120.24239349365234,35.819297790527344,73.70020294189453,89.42445373535156,769,14.9,32.0,10.6,1008.0,True,True
2018-09-12,576.0,1134.0,1550.0,2074.0,70.37,80.02,72.15,80.89298248291016,80.64398956298828,67.26505279541016,72.98075103759766,87.37168884277344,819,15.7,37.8,5.3,1005.7,True,True
2018-09-13,581.0,1132.0,1534.0,1980.0,68.6,77.66,72.02,68.56543731689453,51.26578903198242,99.77503967285156,68.82015228271484,85.11054229736328,773,15.4,32.0,1.3,1004.7,True,True
2018-09-14,588.0,1134.0,1523.0,1900.0,68.98,77.87,71.87,118.30599212646484,76.09150695800781,133.28244018554688,73.16864776611328,85.34115600585938,868,14.4,31.3,5.8,1005.6,True,True
2018-09-15,,,,,,,,63.412872314453125,42.145118713378906,70.30638885498047,73.70874786376953,83.18275451660156,1097,8.5,31.0,9.0,1006.1,False,False
2018-09-16,,,,,,,,7.232680797576904,0.0,12.028401374816895,67.95394134521484,79.85272979736328,458,15.1,33.5,6.0,1004.6,False,False
2018-09-17,596.0,1138.0,1518.0,1853.0,68.86,78.22,72.51,91.08362579345703,19.11647605895996,143.50526428222656,73.04837036132812,81.05807495117188,691,12.0,32.0,3.0,1003.2,True,True
2018-09-18,600.0,1151.0,1525.0,1826.0,69.87,79.25,72.98,105.00934600830078,47.584598541259766,134.94688415527344,76.35755920410156,82.65460968017578,694,14.6,33.8,0.2,1003.0,True,True
2018-09-19,604.0,1159.0,1530.0,1850.0,71.08,79.43,72.35,58.6295166015625,16.699729919433594,90.53994750976562,73.17707061767578,81.04702758789062,791,19.7,42.5,4.8,1001.9,True,True
2018-09-20,612.0,1169.0,1557.0,1838.0,70.77,79.03,72.01,107.92826843261719,24.82986068725586,165.6844482421875,78.80033111572266,79.57794189453125,798,34.1,66.6,34.9,998.7,True,True
2018-09-21,617.0,1175.0,1586.0,1840.0,70.8,78.9,72.18,113.79048919677734,92.43278503417969,119.15156555175781,78.15525817871094,79.3933334350586,786,39.3,74.9,19.7,1004.3,True,True
2018-09-22,,,,,,,,37.80805969238281,17.396162033081055,48.3670539855957,74.49742889404297,76.64397430419922,1139,18.2,37.8,4.5,1010.4,False,False
2018-09-23,,,,,,,,27.95415687561035,27.86811065673828,34.86713790893555,77.45763397216797,76.0936508178711,474,12.4,27.4,1.0,1011.2,False,False
2018-09-24,622.0,1185.0,1609.0,1864.0,73.23,80.89,72.66,143.44000244140625,116.186279296875,193.8216552734375,84.93711853027344,78.44182586669922,739,17.4,34.9,1.6,1009.3,True,True
2018-09-25,622.0,1190.0,1639.0,1868.0,73.4,82.21,72.68,95.44012451171875,55.50204086303711,125.6556396484375,83.5700912475586,80.17662811279297,833,11.8,26.6,4.4,1007.6,True,True
2018-09-26,626.0,1194.0,1677.0,1910.0,72.22,81.87,72.59,110.15664672851562,7.844112873077393,176.65464782714844,90.93110656738281,80.19989013671875,842,14.1,28.8,3.5,1007.2,True,True
2018-09-27,627.0,1195.0,1689.0,1949.0,72.18,81.54,72.55,73.69881439208984,23.201671600341797,103.2132568359375,86.04118347167969,78.17523193359375,854,15.3,32.4,1.2,1007.7,True,True
2018-09-28,629.0,1194.0,1695.0,2000.0,73.16,82.72,72.54,81.45658111572266,15.467780113220215,122.56574249267578,81.42205810546875,76.22698211669922,854,11.6,29.2,3.0,1008.1,True,True
2018-09-29,,,,,,,,44.05010223388672,58.55268478393555,24.419361114501953,82.31377410888672,74.82315063476562,1128,9.0,29.2,2.0,1008.2,False,False
2018-09-30,,,,,,,,36.24253463745117,28.904781341552734,48.21888732910156,83.49783325195312,73.96346282958984,457,6.6,27.0,3.1,1007.8,False,False
2018-10-01,630.0,1193.0,1692.0,2061.0,75.37,84.94,72.92,120.77069091796875,128.99888610839844,100.42461395263672,80.25935363769531,75.31427764892578,768,8.9,22.7,1.1,1008.5,True,True
2018-10-02,631.0,1189.0,1678.0,2148.0,75.16,85.63,72.91,36.00617218017578,35.89533996582031,29.94025993347168,71.76879119873047,74.87691497802734,736,9.7,21.6,0.2,1009.1,True,True
2018-10-03,633.0,1190.0,1679.0,2199.0,76.4,85.45,73.34,94.41998291015625,78.44112396240234,130.85528564453125,69.52069854736328,74.88524627685547,842,11.2,23.4,0.6,1009.1,True,True
2018-10-04,634.0,1192.0,1706.0,2148.0,74.44,86.07,73.62,69.01182556152344,48.56428527832031,87.76605987548828,68.85112762451172,76.70694732666016,816,10.1,25.9,0.0,1009.6,True,True
2018-10-05,637.0,1197.0,1727.0,2081.0,74.26,85.12,73.76,78.21883392333984,54.58464813232422,110.57039642333984,68.38859558105469,76.44993591308594,847,6.9,27.0,0.4,1010.0,True,True
2018-10-06,,,,,,,,50.7187385559082,56.88294982910156,79.07666778564453,69.34125518798828,74.88423919677734,1045,7.6,26.6,0.4,1009.8,False,False
2018-10-07,,,,,,,,42.559757232666016,28.28583526611328,70.779541015625,70.24371337890625,73.37400817871094,467,9.8,21.6,0.0,1009.4,False,False
2018-10-08,639.0,1201.0,1749.0,2042.0,74.27,84.22,,49.10814666748047,35.605079650878906,51.971771240234375,60.00620651245117,73.02320861816406,742,14.1,29.2,0.0,1008.5,True,True
2018-10-09,643.0,1203.0,1747.0,1961.0,74.95,85.16,74.33,95.87750244140625,19.11647605895996,143.50526428222656,68.55925750732422,74.63524627685547,691,22.2,43.9,1.5,1007.3,True,True
2018-10-10,647.0,1205.0,1749.0,1949.0,73.18,83.82,74.25,104.19609832763672,112.53166198730469,101.08270263671875,69.95584106445312,76.26103210449219,763,28.6,54.7,66.2,1004.8,True,True
2018-10-11,652.0,1207.0,1763.0,2005.0,70.97,81.35,74.04,130.70550537109375,57.00764465332031,176.61428833007812,78.76922607421875,77.88971710205078,811,26.8,54.0,6.4,1005.2,True,True
2018-10-12,657.0,1204.0,1775.0,2169.0,71.41,80.71,73.6,87.06867980957031,31.56388282775879,125.05513000488281,80.03349304199219,78.09557342529297,837,37.1,70.2,17.5,1006.2,True,True
2018-10-13,,,,,,,,48.09535598754883,35.96048355102539,59.989192962646484,79.65872192382812,77.41323852539062,1102,21.8,43.2,6.2,1008.8,False,False
2018-10-14,,,,,,,,81.79179382324219,40.770015716552734,113.35407257080078,85.26329803466797,76.19609832763672,486,9.1,20.9,0.5,1010.8,False,False
2018-10-15,661.0,1200.0,1779.0,2189.0,71.84,80.91,73.76,122.86271667480469,47.109432220458984,172.89324951171875,95.79966735839844,78.1777572631836,701,9.4,26.3,2.2,1012.0,True,True
2018-10-16,663.0,1196.0,1793.0,2164.0,71.93,80.53,73.46,134.61813354492188,105.4458236694336,143.9218292236328,101.33403778076172,82.42394256591797,689,10.8,23.4,0.1,1011.9,True,True
2018-10-17,665.0,1192.0,1796.0,2106.0,69.63,79.91,73.52,117.82046508789062,18.070432662963867,188.40655517578125,103.28038024902344,83.31517028808594,731,13.8,27.4,0.0,1010.9,True,True
2018-10-18,668.0,1181.0,1789.0,2176.0,68.63,80.3,73.52,127.05738830566406,126.66629028320312,120.74537658691406,102.75921630859375,84.05010223388672,730,14.6,27.4,0.0,1010.0,True,True
2018-10-19,670.0,1170.0,1775.0,2230.0,69.16,80.38,73.37,106.1982192993164,48.86369323730469,135.85716247558594,105.49201202392578,85.63572692871094,811,8.9,20.5,0.0,1010.6,True,True
2018-10-20,,,,,,,,86.23381042480469,11.857707023620605,133.521728515625,110.94036102294922,84.9125747680664,1114,8.9,20.9,0.0,1011.9,False,False
2018-10-21,,,,,,,,35.09075927734375,13.993098258972168,46.68650436401367,104.26878356933594,82.28925323486328,472,10.0,23.0,0.0,1012.0,False,False
2018-10-22,671.0,1163.0,1756.0,2296.0,69.25,80.45,73.56,83.91838073730469,8.806323051452637,132.2161865234375,98.70530700683594,83.82626342773438,750,9.5,19.8,0.0,1011.2,True,True
2018-10-23,673.0,1156.0,1715.0,2363.0,66.49,78.67,73.54,108.8228530883789,86.79031372070312,130.30503845214844,95.02027130126953,86.52188873291016,761,10.1,26.6,0.0,1011.2,True,True
2018-10-24,675.0,1144.0,1669.0,2388.0,66.56,77.34,73.18,127.58169555664062,63.5944938659668,204.5986328125,96.41472625732422,85.99327850341797,727,6.5,19.8,2.6,1011.7,True,True
2018-10-25,676.0,1132.0,1622.0,2353.0,67.25,77.3,73.21,141.05126953125,127.83372497558594,135.05953979492188,98.41385650634766,87.5136489868164,775,13.3,27.0,0.0,1013.3,True,True
2018-10-26,675.0,1117.0,1583.0,2526.0,67.58,77.4,73.46,159.10116577148438,89.47311401367188,196.75027465820312,105.97142028808594,89.14513397216797,812,9.5,18.7,0.0,1014.0,True,True
2018-10-27,,,,,,,,94.45203399658203,87.43549346923828,84.14981079101562,107.14545440673828,89.83690643310547,982,12.0,24.1,0.0,1014.0,False,False
2018-10-28,,,,,,,,51.074832916259766,58.19156265258789,48.53750991821289,109.42889404296875,88.82418060302734,454,13.0,29.5,0.5,1013.3,False,False
2018-10-29,675.0,1106.0,1556.0,2607.0,67.0,77.56,73.42,94.36099243164062,69.31513977050781,99.11257934570312,110.92069244384766,90.50121307373047,667,19.5,37.1,23.9,1011.4,True,True
2018-10-30,675.0,1087.0,1530.0,2630.0,66.18,75.68,73.62,109.74150848388672,89.14376831054688,114.91181182861328,111.05192565917969,92.95117950439453,815,28.7,56.2,40.4,1010.0,True,True
2018-10-31,671.0,1073.0,1524.0,2596.0,65.31,74.84,73.95,81.52692413330078,102.66439056396484,114.17632293701172,104.47267150878906,91.64305114746094,772,21.4,42.5,0.5,1011.1,True,True
2018-11-01,668.0,1061.0,1526.0,2530.0,63.67,71.25,73.45,101.45014190673828,61.56217956542969,117.3689956665039,98.81536865234375,93.82451629638672,751,12.9,25.9,1.1,1011.9,True,True
2018-11-02,666.0,1051.0,1530.0,2502.0,63.12,71.11,72.44,103.39347076416016,31.715450286865234,158.722900390625,90.85713195800781,94.1236343383789,833,10.1,24.1,0.5,1012.1,True,True
2018-11-03,,,,,,,,47.92141342163086,35.83042907714844,59.77223587036133,84.20989990234375,93.42061614990234,1106,8.7,20.2,0.3,1012.7,False,False
2018-11-04,,,,,,,,44.33646774291992,25.25714111328125,63.20085144042969,83.24727630615234,92.29120635986328,523,11.3,24.1,0.2,1012.5,False,False
2018-11-05,665.0,1041.0,1531.0,2397.0,63.12,72.68,73.08,114.6827621459961,35.17838668823242,176.0535125732422,86.15038299560547,94.42333984375,751,11.2,24.1,0.1,1011.7,True,True
2018-11-06,663.0,1033.0,1528.0,2296.0,62.16,70.64,72.95,62.58562469482422,35.65312957763672,81.78013610839844,79.41382598876953,95.09087371826172,741,12.9,27.0,0.3,1011.7,True,True
2018-11-07,660.0,1021.0,1511.0,1968.0,61.69,70.1,72.44,140.43304443359375,32.94136047363281,206.07261657714844,87.82898712158203,98.1350326538086,802,7.4,19.4,1.6,1012.7,True,True
2018-11-08,658.0,1013.0,1496.0,1747.0,60.71,69.29,72.37,60.81825637817383,64.67312622070312,60.68674087524414,82.0244369506836,96.96639251708984,817,9.4,23.0,1.3,1012.4,True,True
2018-11-09,656.0,1003.0,1495.0,1461.0,60.19,69.01,72.48,114.37254333496094,118.24347686767578,126.80579376220703,83.5928726196289,97.30561065673828,782,10.3,22.7,0.8,1011.3,True,True
2018-11-10,,,,,,,,37.60993957519531,17.305002212524414,48.11360549926758,82.11980438232422,94.20242309570312,1145,12.3,25.2,0.5,1011.8,False,False
2018-11-11,,,,,,,,22.585689544677734,15.010778427124023,25.040943145751953,79.0125503540039,92.05298614501953,440,15.3,32.4,0.0,1012.4,False,False
2018-11-12,654.0,994.0,1496.0,1398.0,59.85,69.81,,42.7428092956543,63.91686248779297,26.6564884185791,68.73541259765625,91.87457275390625,620,17.6,36.4,0.0,1011.3,True,True
2018-11-13,653.0,986.0,1498.0,1153.0,55.63,65.45,72.61,142.2847900390625,97.51969146728516,162.68209838867188,80.12100982666016,93.89100646972656,745,14.8,32.0,0.0,1009.8,True,True
2018-11-14,652.0,982.0,1484.0,940.0,56.16,64.88,72.3,33.37599563598633,24.954946517944336,34.69148254394531,64.8271484375,90.90811157226562,794,13.5,29.5,0.0,1010.6,True,True
2018-11-15,649.0,970.0,1466.0,1007.0,56.45,65.61,71.97,106.85701751708984,57.36128616333008,157.20494079589844,71.40411376953125,89.98274230957031,806,10.0,18.0,0.0,1012.2,True,True
2018-11-16,646.0,969.0,1453.0,1057.0,56.49,65.29,71.98,44.5455322265625,24.2227725982666,67.34728240966797,61.42882537841797,87.54024505615234,818,9.0,18.0,0.0,1011.9,True,True
2018-11-17,,,,,,,,45.58579635620117,36.356380462646484,45.48721694946289,62.568233489990234,84.82452392578125,1090,11.9,24.1,0.0,1011.3,False,False
2018-11-18,,,,,,,,34.79587936401367,13.875510215759277,46.294185638427734,64.31254577636719,82.44445037841797,476,9.9,22.0,0.0,1012.6,False,False
2018-11-19,645.0,964.0,1437.0,1050.0,57.16,64.14,71.6,55.67340850830078,37.00135803222656,61.72557830810547,66.15977478027344,81.42576599121094,714,10.6,24.5,0.0,1014.2,True,True
2018-11-20,644.0,963.0,1416.0,1002.0,53.39,61.5,71.49,58.04248809814453,24.798782348632812,89.63341522216797,54.125160217285156,82.19082641601562,799,9.4,22.0,0.0,1014.3,True,True
2018-11-21,642.0,959.0,1393.0,1056.0,54.41,61.65,71.3,84.62763977050781,72.314697265625,113.9332504272461,61.44682312011719,82.21446990966797,822,9.8,19.1,0.2,1014.4,True,True
2018-11-22,638.0,956.0,1378.0,1089.0,,61.11,,58.45708084106445,0.0,97.21778869628906,54.53254699707031,80.53560638427734,680,11.5,26.6,0.0,1014.9,True,False
2018-11-23,635.0,952.0,1376.0,1358.0,,57.69,70.65,135.29591369628906,95.72090911865234,174.1978759765625,67.49688720703125,80.7927474975586,759,10.7,21.6,0.0,1015.3,True,True
2018-11-24,,,,,,,,70.05430603027344,26.605207443237305,99.86116790771484,70.99238586425781,78.42618560791016,993,10.0,23.0,0.0,1015.0,False,False
2018-11-25,,,,,,,,62.20784378051758,77.52045440673828,38.79582595825195,74.90838623046875,75.19640350341797,426,11.6,21.6,0.0,1014.6,False,False
2018-11-26,633.0,947.0,1389.0,1789.0,51.46,59.7,70.81,101.25752258300781,105.7527847290039,112.26507568359375,81.42040252685547,75.42325592041016,687,11.1,18.4,0.0,1013.6,True,True
2018-11-27,631.0,943.0,1416.0,2170.0,51.31,59.58,70.8,129.9046173095703,92.5033950805664,162.02963256835938,91.68641662597656,78.05091094970703,714,10.8,20.5,0.2,1015.1,True,True
2018-11-28,629.0,942.0,1444.0,2121.0,50.06,57.97,70.63,100.890380859375,50.2899169921875,146.81365966796875,94.0096664428711,78.26856231689453,788,10.3,20.9,0.0,1015.4,True,True
2018-11-29,628.0,945.0,1455.0,1950.0,51.46,58.29,69.79,96.0164566040039,63.81393814086914,119.76103973388672,99.37528991699219,77.8110580444336,828,13.5,28.4,0.0,1016.0,True,True
2018-11-30,626.0,944.0,1463.0,1755.0,50.78,57.71,69.62,142.18678283691406,30.648456573486328,223.68359375,100.35970306396484,79.83305358886719,862,13.3,28.1,0.0,1015.7,True,True
2018-12-01,,,,,,,,53.17625045776367,6.2367730140686035,88.43543243408203,97.94854736328125,78.22392272949219,1059,10.7,21.2,0.0,1013.9,False,False
2018-12-02,,,,,,,,21.417463302612305,14.234358787536621,23.7457218170166,92.12135314941406,75.49139404296875,464,13.4,28.8,0.0,1012.8,False,False
2018-12-03,626.0,945.0,1469.0,1638.0,52.98,60.17,70.4,50.19042205810547,45.487205505371094,45.528987884521484,84.8260498046875,75.56702423095703,726,13.0,27.0,0.0,1014.0,True,True
2018-12-04,625.0,949.0,1474.0,1739.0,53.21,61.22,70.52,99.66178131103516,37.84952926635742,134.1735382080078,80.50564575195312,77.41120147705078,698,14.0,29.5,0.0,1014.8,True,True
2018-12-05,625.0,950.0,1472.0,1925.0,52.64,61.4,,103.38850402832031,24.73686408996582,151.30857849121094,80.8625259399414,77.03472900390625,801,11.5,23.4,0.0,1013.0,True,True
2018-12-06,625.0,951.0,1473.0,2080.0,51.54,57.83,70.84,131.27745056152344,113.423583984375,160.10325622558594,85.89981079101562,79.32445526123047,757,14.8,30.2,0.0,1012.0,True,True
2018-12-07,625.0,953.0,1469.0,2197.0,52.76,61.71,70.85,196.083984375,124.77474212646484,235.90208435058594,93.59941101074219,81.17948150634766,794,12.1,27.4,0.2,1012.3,True,True
2018-12-08,,,,,,,,76.75086975097656,48.9693603515625,86.79622650146484,96.96720886230469,81.7105712890625,1079,14.6,31.3,0.0,1013.9,False,False
2018-12-09,,,,,,,,35.6190071105957,28.407495498657227,35.54198455810547,98.99600219726562,79.08545684814453,465,14.6,28.4,0.0,1013.2,False,False
2018-12-10,624.0,955.0,1464.0,2244.0,51.07,60.29,72.436,90.9520034790039,28.633275985717773,135.33688354492188,104.81908416748047,80.863525390625,692,13.2,26.6,0.0,1013.0,True,True
2018-12-11,623.0,958.0,1454.0,2183.0,51.65,59.73,72.27,95.38807678222656,60.5146598815918,122.58263397216797,104.20855712890625,83.29026794433594,764,10.1,23.8,0.0,1012.8,True,True
2018-12-12,622.0,963.0,1445.0,2153.0,51.04,59.94,71.79,85.98194885253906,54.137229919433594,112.88949584960938,101.72190856933594,84.73157501220703,732,13.0,26.6,0.0,1013.9,True,True
2018-12-13,621.0,968.0,1459.0,2180.0,52.69,59.03,71.52,132.15029907226562,114.17772674560547,131.8645477294922,101.84659576416016,84.39376068115234,752,16.1,34.9,0.0,1015.0,True,True
2018-12-14,617.0,974.0,1478.0,2383.0,51.26,58.56,71.94,120.08057403564453,99.07113647460938,144.6114501953125,90.98896789550781,87.2839126586914,800,19.6,40.3,0.0,1016.0,True,True
2018-12-15,,,,,,,,76.80348205566406,73.23806762695312,88.8549575805664,90.9964828491211,86.2821273803711,992,21.6,42.1,0.0,1016.8,False,False
2018-12-16,,,,,,,,39.24843215942383,46.95314407348633,39.16355895996094,91.51497650146484,86.10555267333984,422,20.4,38.9,8.4,1016.5,False,False
2018-12-17,614.0,978.0,1490.0,2433.0,49.8,57.59,71.6,72.8036880493164,51.84256362915039,86.48363494873047,88.92235565185547,87.0128173828125,637,29.6,57.6,6.9,1014.4,True,True
2018-12-18,611.0,977.0,1494.0,2393.0,46.12,55.26,70.61,72.2216796875,38.39966583251953,88.08006286621094,85.61286926269531,88.26034545898438,688,28.2,56.5,28.6,1013.5,True,True
2018-12-19,607.0,979.0,1492.0,2264.0,47.96,55.6,70.26,62.3332633972168,26.63202667236328,81.45037841796875,82.23448944091797,88.48233795166016,744,16.9,31.7,0.0,1016.0,True,True
2018-12-20,602.0,979.0,1473.0,2071.0,45.64,52.84,69.96,162.69090270996094,108.12674713134766,195.40818786621094,86.5974349975586,91.97061920166016,733,13.4,29.5,0.0,1015.9,True,True
2018-12-21,597.0,977.0,1437.0,1913.0,45.38,51.93,70.09,210.32177734375,157.2557830810547,247.7595977783203,99.48902893066406,96.1604232788086,756,12.5,26.6,0.0,1014.8,True,True
2018-12-22,,,,,,,,64.04534912109375,92.2251968383789,41.421112060546875,97.66644287109375,96.3467025756836,931,17.2,35.6,0.0,1015.5,False,False
2018-12-23,,,,,,,,81.79179382324219,48.92401885986328,108.81990814208984,103.74406433105469,94.563232421875,405,15.1,32.0,0.0,1015.4,False,False
2018-12-24,596.0,975.0,1421.0,1905.0,,,,111.24295043945312,123.22280883789062,92.50199890136719,109.23538970947266,95.93618774414062,536,12.0,27.0,0.0,1014.6,True,False
2018-12-25,,,,,,,,65.59539794921875,98.09024047851562,27.272314071655273,108.28877258300781,96.04910278320312,202,10.5,22.3,0.0,1014.0,False,False
2018-12-26,,,,,46.04,,70.07,63.09653091430664,62.902313232421875,52.466739654541016,108.39781188964844,94.77706909179688,420,12.5,25.6,0.0,1013.6,False,True
2018-12-27,,,,,44.48,51.49,70.34,30.22415542602539,12.052450180053711,40.211734771728516,89.47399139404297,91.45439147949219,548,12.8,27.4,0.0,1013.2,False,True
2018-12-28,,,,,45.15,50.57,69.92,102.00775909423828,64.22764587402344,133.9304962158203,74.00056457519531,91.49163818359375,617,18.1,37.4,0.0,1013.9,False,True
2018-12-29,,,,,,,,58.20030975341797,67.69136047363281,40.32948684692383,73.16555786132812,90.23109436035156,683,12.7,28.1,0.0,1016.9,False,False
2018-12-30,,,,,,,,32.555946350097656,48.6836051940918,13.535645484924316,66.13186645507812,86.57673645019531,407,14.8,32.0,0.0,1018.1,False,False
2018-12-31,,,,,,,69.58,86.68401336669922,86.41719055175781,113.2693099975586,62.623443603515625,87.69365692138672,535,13.1,29.2,0.0,1018.1,False,True
2019-01-01,,,,,,,,83.74468994140625,92.76324462890625,77.37370300292969,65.21620178222656,89.77123260498047,356,12.9,27.0,0.0,1018.4,False,False
2019-01-02,588.0,967.0,1391.0,1987.0,46.31,54.06,70.02,189.860595703125,99.6190414428711,249.2763671875,83.32535552978516,94.42691040039062,663,10.5,23.8,0.0,1018.1,True,True
2019-01-03,578.0,958.0,1365.0,1963.0,46.92,53.23,70.12,9.491598129272461,9.462382316589355,7.892561435699463,80.36355590820312,91.42123413085938,698,10.6,21.6,0.0,1018.4,True,True
2019-01-04,571.0,946.0,1331.0,2003.0,47.76,55.64,69.63,99.0169677734375,62.81684112548828,112.2759780883789,79.9363021850586,91.27552032470703,736,13.6,29.9,0.0,1018.8,True,True
2019-01-05,,,,,,,,40.47944259643555,26.903230667114258,61.709861755371094,77.40474700927734,88.24891662597656,982,14.1,29.9,0.0,1017.3,False,False
2019-01-06,,,,,,,,40.49593734741211,0.0,67.34728240966797,78.53903198242188,83.0626449584961,409,11.5,27.0,0.0,1015.5,False,False
2019-01-07,563.0,933.0,1300.0,2016.0,48.27,57.1,69.78,83.16069793701172,46.05817794799805,99.8843765258789,78.03570556640625,83.27630615234375,717,12.5,25.9,0.0,1013.8,True,True
2019-01-08,556.0,918.0,1257.0,2117.0,49.58,56.91,70.11,67.88048553466797,27.068614959716797,90.31159210205078,75.7693862915039,84.35169219970703,732,11.0,25.2,0.0,1013.4,True,True
2019-01-09,546.0,893.0,1218.0,2078.0,52.19,59.46,70.42,106.42787170410156,79.57521057128906,132.74716186523438,63.85042953491211,84.8675537109375,747,10.8,24.5,0.0,1014.5,True,True
2019-01-10,536.0,870.0,1170.0,1987.0,52.42,60.47,70.43,76.83790588378906,42.556331634521484,92.29006958007812,73.47132873535156,84.24921417236328,776,14.8,31.3,0.0,1015.1,True,True
2019-01-11,524.0,842.0,1137.0,1966.0,51.44,59.24,70.38,101.2398452758789,113.03960418701172,127.9598388671875,73.78888702392578,84.7578125,818,15.2,32.8,0.0,1015.9,True,True
2019-01-12,,,,,,,,51.75886917114258,6.070535659790039,86.0782470703125,75.40023040771484,82.07809448242188,1088,10.9,24.8,0.0,1016.0,False,False
2019-01-13,,,,,,,,37.72856140136719,15.04497241973877,50.19597244262695,75.00489044189453,79.3330307006836,439,10.9,24.5,0.0,1015.9,False,False
2019-01-14,511.0,814.0,1118.0,1952.0,50.31,58.8,,89.27487182617188,46.84214401245117,117.21292114257812,75.87834167480469,79.74874114990234,705,11.0,24.8,0.0,1014.3,True,True
2019-01-15,499.0,785.0,1104.0,1831.0,51.8,58.65,71.0,102.54247283935547,35.557159423828125,140.87637329101562,80.8300552368164,81.8585433959961,743,19.1,39.6,0.0,1015.3,True,True
2019-01-16,483.0,755.0,1079.0,1748.0,52.08,59.81,70.97,92.7673568725586,77.06817626953125,96.4237060546875,78.87855529785156,82.52400207519531,857,13.2,30.2,0.0,1015.9,True,True
2019-01-17,466.0,729.0,1045.0,1868.0,51.83,59.85,71.09,160.6356658935547,138.50050354003906,194.9452362060547,90.84966278076172,85.47113037109375,763,11.0,23.4,0.0,1014.1,True,True
2019-01-18,451.0,701.0,1018.0,2037.0,53.6,62.04,71.21,112.82587432861328,107.97943878173828,112.58189392089844,92.50480651855469,87.15422058105469,734,13.0,28.8,0.0,1014.1,True,True
2019-01-19,,,,,,,,22.317588806152344,12.713652610778809,31.813325881958008,88.29891204833984,82.47511291503906,1039,10.5,25.6,0.0,1015.2,False,False
2019-01-20,,,,,,,,47.83491134643555,23.843835830688477,69.6083984375,89.74267578125,77.05888366699219,554,10.8,24.8,0.0,1015.6,False,False
2019-01-21,442.0,680.0,991.0,2024.0,,62.18,,70.80297088623047,60.50145721435547,75.6962890625,87.10383605957031,77.28413391113281,655,11.4,24.1,0.0,1015.2,True,False
2019-01-22,432.0,660.0,950.0,1892.0,52.59,60.9,71.23,144.76516723632812,101.87264251708984,191.18663024902344,93.13565063476562,79.38324737548828,778,10.3,22.7,0.0,1015.2,True,True
2019-01-23,423.0,638.0,893.0,1775.0,52.44,61.05,71.21,58.188140869140625,66.29603576660156,96.77052307128906,88.19576263427734,77.61475372314453,797,9.0,22.0,0.0,1015.0,True,True
2019-01-24,409.0,607.0,828.0,1726.0,52.94,61.09,71.02,91.32392120361328,82.76619720458984,110.45629119873047,78.29408264160156,78.47237396240234,798,10.5,22.7,0.0,1015.4,True,True
2019-01-25,395.0,576.0,748.0,1730.0,53.53,61.49,70.94,91.13523864746094,47.40245819091797,131.79444885253906,75.19541931152344,79.40699768066406,836,11.3,25.6,0.0,1015.5,True,True
2019-01-26,,,,,,,,40.13362503051758,49.24319076538086,30.805261611938477,77.74057006835938,79.73731231689453,1073,13.1,29.9,0.0,1015.8,False,False
2019-01-27,,,,,,,,75.62940216064453,75.3966064453125,88.04350280761719,81.71121215820312,78.8580322265625,438,18.2,37.8,0.0,1016.2,False,False
2019-01-28,384.0,552.0,687.0,1631.0,51.79,59.71,71.06,101.14710235595703,20.167152404785156,151.392578125,86.04608154296875,80.28958892822266,655,15.9,32.8,0.2,1016.6,True,True
2019-01-29,368.0,526.0,644.0,1508.0,53.07,60.98,71.4,101.45014190673828,43.972984313964844,139.37570190429688,79.85822296142578,82.58606719970703,751,19.5,41.4,0.0,1016.2,True,True
2019-01-30,347.0,498.0,612.0,1295.0,54.18,61.89,71.24,173.69268798828125,57.71935272216797,254.4735107421875,96.35887145996094,85.4863510131836,801,16.1,35.6,0.0,1017.7,True,True
2019-01-31,328.0,472.0,574.0,1116.0,53.84,62.46,70.94,148.13967895507812,32.81859588623047,232.6785888671875,104.47541046142578,87.63285064697266,805,14.0,30.6,0.0,1017.0,True,True
2019-02-01,311.0,450.0,560.0,1014.0,55.29,61.86,71.41,113.57374572753906,67.93449401855469,138.51219177246094,107.680908203125,85.08995819091797,875,10.8,22.7,0.0,1015.6,True,True
2019-02-02,,,,,,,,75.83717346191406,18.1448974609375,110.98733520507812,112.78141784667969,87.30147552490234,1092,11.7,25.6,0.0,1014.3,False,False
2019-02-03,,,,,,,,82.25337219238281,44.727378845214844,111.92115020751953,113.72769927978516,86.74269104003906,443,11.9,26.3,0.0,1016.2,False,False
2019-02-04,301.0,438.0,552.0,984.0,54.57,62.26,71.66,179.9779815673828,29.095781326293945,291.2250671386719,124.9892578125,91.39263916015625,681,12.6,28.1,0.0,1017.4,True,True
2019-02-05,294.0,423.0,553.0,972.0,53.69,61.67,71.52,106.4093017578125,18.44900131225586,161.57704162597656,125.69770812988281,93.58975219726562,716,12.8,28.8,0.0,1015.9,True,True
2019-02-06,294.0,415.0,553.0,929.0,53.94,62.22,71.55,103.09750366210938,35.74961853027344,156.54824829101562,115.61267852783203,94.25431823730469,739,10.4,23.4,0.0,1013.1,True,True
2019-02-07,290.0,414.0,561.0,846.0,52.68,61.01,71.3,92.48285675048828,33.526611328125,139.82252502441406,107.66170501708984,95.07439422607422,788,12.6,28.8,0.0,1013.6,True,True
2019-02-08,290.0,415.0,574.0,792.0,52.75,61.37,71.23,62.35421371459961,85.47313690185547,38.88711166381836,100.3446273803711,93.60527038574219,850,14.9,32.8,0.0,1013.4,True,True
2019-02-09,,,,,,,,30.334869384765625,18.1448974609375,35.314151763916016,93.84429931640625,92.05516815185547,1092,15.3,33.1,0.1,1013.6,False,False
2019-02-10,,,,,,,,39.15564727783203,31.228097915649414,39.07097625732422,87.68748474121094,89.9856948852539,423,20.9,43.2,0.0,1017.1,False,False
2019-02-11,292.0,429.0,586.0,736.0,52.43,61.3,71.15,96.53187561035156,91.16976165771484,84.49398040771484,75.76660919189453,91.47813415527344,652,17.4,37.4,0.0,1017.5,True,True
2019-02-12,296.0,454.0,600.0,711.0,53.14,62.58,70.56,69.21783447265625,29.57347297668457,90.44639587402344,70.45354461669922,92.52777099609375,670,15.3,34.2,0.0,1018.4,True,True
2019-02-13,302.0,478.0,611.0,707.0,53.84,63.27,70.86,88.7294921875,25.273250579833984,133.5091094970703,68.40097045898438,92.50959014892578,784,12.2,28.1,0.0,1017.6,True,True
2019-02-14,311.0,526.0,619.0,729.0,54.4,64.0,71.18,76.54199981689453,25.435466766357422,113.15035247802734,66.12370300292969,91.64291381835938,779,13.3,28.8,0.0,1015.0,True,True
2019-02-15,315.0,560.0,624.0,727.0,55.58,65.65,71.36,145.10621643066406,165.32522583007812,158.5821990966797,77.94541931152344,93.38754272460938,799,12.6,28.1,0.0,1014.3,True,True
2019-02-16,,,,,,,,61.661033630371094,47.81095886230469,91.15214538574219,82.42058563232422,90.08838653564453,967,21.0,40.3,0.0,1014.3,False,False
2019-02-17,,,,,,,,86.22735595703125,42.98097229003906,119.50125122070312,89.1451187133789,89.20176696777344,461,17.6,42.5,0.4,1010.8,False,False
2019-02-18,322.0,594.0,628.0,713.0,,66.41,,67.14663696289062,22.31332015991211,102.36331939697266,84.94722747802734,90.6960678100586,592,15.2,33.8,0.0,1010.6,True,False
2019-02-19,335.0,625.0,639.0,650.0,56.12,65.86,71.31,116.57129669189453,116.21247863769531,153.47674560546875,91.71200561523438,92.9872817993164,682,14.8,32.8,0.0,1012.6,True,True
2019-02-20,345.0,649.0,649.0,578.0,56.9,66.82,,171.33970642089844,124.22712707519531,198.6005859375,103.51346588134766,96.33850860595703,638,18.9,39.2,0.0,1015.0,True,True
2019-02-21,353.0,686.0,657.0,570.0,56.95,66.91,71.15,116.54501342773438,62.56184005737305,156.54824829101562,109.22817993164062,95.39783477783203,739,17.6,34.9,0.0,1015.8,True,True
2019-02-22,359.0,707.0,666.0,545.0,57.01,66.91,71.07,69.43730163574219,40.71974563598633,88.30714416503906,98.4183349609375,95.7728042602539,811,18.0,37.4,0.0,1012.2,True,True
2019-02-23,,,,,,,,46.90999984741211,14.389416694641113,66.01206970214844,96.31104278564453,94.29234313964844,918,12.8,27.0,0.0,1009.6,False,False
2019-02-24,,,,,,,,74.9758071899414,13.590004920959473,124.68946838378906,94.70368194580078,93.75369262695312,486,13.9,33.5,0.0,1009.4,False,False
2019-02-25,366.0,721.0,685.0,520.0,55.32,64.02,70.82,139.0223846435547,76.46590423583984,167.4228057861328,104.97164154052734,97.04998779296875,691,16.8,33.8,0.7,1010.2,True,True
2019-02-26,372.0,729.0,713.0,522.0,55.4,64.51,71.02,124.9152603149414,64.57150268554688,184.65948486328125,106.16363525390625,98.6928482055664,716,25.7,51.8,0.0,1009.4,True,True
2019-02-27,382.0,738.0,752.0,500.0,56.92,65.55,71.15,160.55812072753906,117.94183349609375,189.7234649658203,104.6234130859375,100.6732177734375,784,26.1,53.3,0.3,1008.8,True,True
2019-02-28,388.0,749.0,813.0,459.0,57.21,65.03,70.83,162.6325225830078,153.59866333007812,220.64500427246094,111.20734405517578,102.71263122558594,774,18.4,39.2,8.6,1010.0,True,True
2019-03-01,393.0,759.0,863.0,383.0,55.76,63.71,70.9,184.49745178222656,66.88346862792969,278.9371032714844,127.6445083618164,103.07279205322266,790,22.7,46.4,0.0,1013.0,True,True
2019-03-02,,,,,,,,131.74984741210938,50.03593063354492,208.67453002929688,139.7644805908203,102.52645874023438,1056,15.6,35.6,0.0,1013.2,False,False
2019-03-03,,,,,,,,77.75981140136719,108.52862548828125,64.65971374511719,140.16220092773438,101.3326644897461,426,14.5,31.0,0.0,1010.8,False,False
2019-03-04,397.0,767.0,900.0,355.0,56.6,64.44,70.91,62.95815658569336,77.24845123291016,72.48694610595703,129.29588317871094,100.90336608886719,684,24.3,48.6,0.5,1007.5,True,True
2019-03-05,407.0,776.0,924.0,299.0,56.55,64.24,70.55,103.0784912109375,37.36771011352539,140.2576141357422,126.17634582519531,101.5975341796875,707,26.2,51.5,9.8,1006.2,True,True
2019-03-06,413.0,783.0,938.0,270.0,56.22,64.51,70.02,81.01388549804688,44.86917495727539,104.79090118408203,114.81288146972656,98.2987289428711,736,14.5,37.8,8.2,1007.9,True,True
2019-03-07,418.0,790.0,926.0,236.0,56.6,64.82,70.09,91.09561157226562,74.30335998535156,123.95267486572266,104.59332275390625,97.78827667236328,800,21.3,43.2,0.0,1009.4,True,True
2019-03-08,421.0,790.0,894.0,235.0,55.77,65.66,70.0,55.01298904418945,62.67845916748047,39.210018157958984,86.09554290771484,96.18545532226562,843,13.7,31.7,0.0,1011.5,True,True
2019-03-09,,,,,,,,81.60523223876953,48.209800720214844,95.50286865234375,78.93202209472656,95.82286834716797,1096,15.8,33.8,0.0,1011.9,False,False
2019-03-10,,,,,,,,23.218931198120117,30.86328125,12.871512413024902,71.14047241210938,94.51835632324219,428,25.0,50.0,0.0,1011.4,False,False
2019-03-11,424.0,790.0,866.0,250.0,56.79,65.06,69.82,44.899261474609375,49.7345085144043,41.48349380493164,68.56063079833984,95.00383758544922,664,18.3,42.1,0.9,1011.7,True,True
2019-03-12,429.0,789.0,839.0,278.0,56.89,65.33,69.62,101.31523895263672,96.61192321777344,87.90969848632812,68.3087387084961,97.0758285522461,752,17.5,37.8,0.0,1011.9,True,True
2019-03-13,430.0,789.0,823.0,327.0,58.27,65.89,69.52,115.2568588256836,110.64645385742188,106.4885482788086,73.20059204101562,97.69998931884766,776,14.8,33.5,0.0,1011.7,True,True
2019-03-14,434.0,786.0,841.0,403.0,58.59,66.18,69.33,66.66802978515625,74.77067565917969,62.36612319946289,69.7109375,97.61499786376953,795,12.1,28.4,0.0,1012.2,True,True
2019-03-15,437.0,786.0,883.0,520.0,58.51,66.11,68.94,61.11748123168945,56.86740493774414,54.20917510986328,70.5830078125,96.69459533691406,813,11.1,28.1,0.2,1013.2,True,True
2019-03-16,,,,,,,,81.60523223876953,48.209800720214844,95.50286865234375,70.5830078125,96.86337280273438,1096,13.1,28.8,0.0,1013.2,False,False
2019-03-17,,,,,,,,32.555946350097656,32.45573806762695,40.606937408447266,71.91686248779297,93.1116943359375,407,14.1,33.8,0.0,1012.6,False,False
2019-03-18,440.0,787.0,905.0,476.0,59.09,66.65,68.6,79.94129943847656,139.46665954589844,16.618425369262695,76.92286682128906,93.72103881835938,663,14.2,28.4,0.0,1012.7,True,True
2019-03-19,443.0,789.0,922.0,421.0,59.12,67.13,69.02,107.43463134765625,142.8052520751953,59.55683898925781,77.79706573486328,94.42794799804688,740,19.6,41.0,1.2,1009.9,True,True
2019-03-20,446.0,796.0,962.0,399.0,60.12,68.35,68.85,60.30682373046875,60.12119674682617,57.31087112426758,69.94706726074219,94.199951171875,769,16.5,37.1,1.6,1010.0,True,True
2019-03-21,449.0,813.0,1009.0,288.0,59.98,68.3,68.72,88.87377166748047,56.38195037841797,107.49282836914062,73.11930847167969,93.27670288085938,820,19.6,43.9,0.2,1010.8,True,True
2019-03-22,455.0,826.0,1027.0,251.0,58.87,66.29,69.01,122.84458923339844,118.24347686767578,119.76103973388672,81.93746948242188,91.66020202636719,782,22.1,45.4,4.8,1010.4,True,True
2019-03-23,,,,,,,,77.73173522949219,59.60959243774414,79.55245971679688,81.38411712646484,90.36642456054688,1108,13.3,24.8,0.0,1010.0,False,False
2019-03-24,,,,,,,,67.19204711914062,66.98522186279297,78.22120666503906,86.3321304321289,90.29158020019531,493,13.5,32.0,0.0,1010.0,False,False
2019-03-25,458.0,830.0,1036.0,230.0,58.71,67.37,68.88,51.393856048583984,9.31557559967041,77.70109558105469,82.25392150878906,90.4410400390625,709,13.7,30.6,0.0,1010.1,True,True
2019-03-26,463.0,833.0,1053.0,190.0,59.87,67.51,68.98,88.7294921875,108.11334991455078,65.58342742919922,79.58175659179688,90.89949798583984,672,18.4,39.6,0.0,1010.7,True,True
2019-03-27,466.0,831.0,1056.0,178.0,59.39,67.35,69.13,80.89817810058594,84.89386749267578,70.80986785888672,82.52338409423828,88.96202850341797,778,17.3,38.9,0.0,1012.4,True,True
2019-03-28,467.0,823.0,1087.0,167.0,59.29,66.08,69.23,81.34545135498047,81.09506225585938,75.15699005126953,81.44790649414062,87.50969696044922,733,17.3,36.7,0.0,1011.3,True,True
2019-03-29,464.0,813.0,1102.0,150.0,60.19,67.93,69.16,77.67399597167969,63.76992416381836,98.7822036743164,74.99496459960938,84.74689483642578,725,21.9,44.6,0.0,1008.7,True,True
2019-03-30,,,,,,,,67.22923278808594,24.37174415588379,101.64220428466797,73.4946060180664,81.56678771972656,1084,23.6,48.6,0.0,1007.3,False,False
2019-03-31,,,,,,,,22.33191680908203,14.842118263244629,24.759584426879883,67.08601379394531,76.16127014160156,445,25.5,52.6,0.0,1007.0,False,False
2019-04-01,461.0,807.0,1110.0,122.0,61.59,69.08,69.18,65.44586181640625,50.18801498413086,75.35116577148438,69.09344482421875,73.95113372802734,658,25.6,52.6,0.0,1007.7,True,True
2019-04-02,455.0,795.0,1120.0,92.0,62.53,69.68,68.91,60.65264892578125,9.302453994750977,93.10999298095703,65.08246612548828,73.38089752197266,710,21.9,47.2,0.0,1007.7,True,True
2019-04-03,448.0,775.0,1127.0,104.0,62.46,69.21,68.58,83.96876525878906,25.113088607788086,118.69851684570312,65.52112579345703,74.08125305175781,789,23.0,47.9,0.0,1008.7,True,True
2019-04-04,437.0,757.0,1124.0,210.0,62.12,69.8,69.03,72.56913757324219,59.578861236572266,106.4885482788086,64.26736450195312,73.06427001953125,776,27.8,56.9,0.0,1009.5,True,True
2019-04-05,432.0,742.0,1114.0,276.0,63.1,69.93,69.11,71.19298553466797,33.39945983886719,97.50456237792969,63.34150695800781,72.73690795898438,791,22.2,45.4,0.0,1008.1,True,True
2019-04-06,,,,,,,,58.60221862792969,24.598669052124023,82.07087707519531,62.10907745361328,71.65379333496094,1074,24.7,51.5,0.0,1007.8,False,False
2019-04-07,,,,,,,,15.515539169311523,15.467780113220215,12.901657104492188,61.13530731201172,70.33721160888672,427,24.6,50.0,0.0,1008.3,False,False
2019-04-08,425.0,733.0,1101.0,312.0,64.37,71.12,69.56,96.82890319824219,111.77256774902344,76.278564453125,65.61859893798828,70.84466552734375,650,29.7,58.0,0.9,1007.5,True,True
2019-04-09,419.0,726.0,1085.0,375.0,64.05,71.02,69.28,167.5431671142578,95.44425201416016,230.8688201904297,80.888671875,75.65547943115234,692,29.3,59.4,3.5,1007.3,True,True
2019-04-10,411.0,718.0,1074.0,428.0,64.62,71.63,69.12,76.34598541259766,25.370330810546875,112.860595703125,79.7997055053711,76.70369720458984,781,25.1,51.5,0.0,1008.2,True,True
2019-04-11,406.0,715.0,1071.0,423.0,63.61,71.3,68.97,104.19609832763672,43.28140640258789,144.40386962890625,84.31784057617188,76.79972839355469,763,23.9,49.0,0.0,1007.2,True,True
2019-04-12,403.0,711.0,1073.0,418.0,63.86,71.57,69.21,103.63340759277344,81.17560577392578,166.1935272216797,88.95218658447266,76.41227722167969,895,23.8,47.9,0.0,1006.6,True,True
2019-04-13,,,,,,,,81.09864044189453,31.095773696899414,114.12257385253906,92.16596221923828,76.89330291748047,1062,20.2,43.9,0.0,1007.1,False,False
2019-04-14,,,,,,,,51.87466049194336,29.551420211791992,61.62200927734375,97.36012268066406,76.585205078125,447,19.5,41.8,5.3,1007.3,False,False
2019-04-15,399.0,714.0,1092.0,445.0,63.43,70.9,69.38,56.66912078857422,41.0870475769043,59.9736442565918,91.62300872802734,75.7540054321289,643,22.3,47.5,0.0,1006.5,True,True
2019-04-16,397.0,718.0,1119.0,459.0,64.01,70.74,69.51,124.46063232421875,66.81098175048828,151.25888061523438,85.4683609008789,78.81748962402344,692,20.6,43.6,0.0,1006.6,True,True
2019-04-17,394.0,726.0,1147.0,463.0,63.74,71.14,69.43,67.70211029052734,67.49372100830078,56.29642868041992,84.2335205078125,78.4095230102539,685,19.9,40.3,0.0,1008.3,True,True
2019-04-18,390.0,732.0,1162.0,490.0,64.02,70.71,69.42,54.60276794433594,36.289794921875,68.10586547851562,77.14876556396484,76.6484603881836,728,13.9,33.1,0.0,1009.0,True,True
2019-04-19,,,,,,,69.37,51.31344223022461,22.735774993896484,66.37358093261719,69.67448425292969,76.34867858886719,581,16.1,33.1,0.1,1008.0,False,True
2019-04-20,,,,,,,,46.23723602294922,32.9249382019043,60.41783142089844,64.69428253173828,74.92745971679688,1003,19.2,40.0,0.0,1006.4,False,False
2019-04-21,,,,,,,,86.96478271484375,94.57865142822266,92.03592681884766,69.7071533203125,73.7314682006836,419,16.7,38.9,0.1,1005.6,False,False
2019-04-22,,,,,65.66,70.71,69.64,95.9346694946289,90.0135269165039,84.46519470214844,75.31652069091797,74.3382339477539,587,18.0,39.6,0.0,1005.8,False,True
2019-04-23,391.0,751.0,1171.0,572.0,66.24,74.39,69.78,156.499267578125,114.4128646850586,173.51205444335938,79.89347076416016,77.31513977050781,635,17.5,39.6,0.0,1007.5,True,True
2019-04-24,392.0,773.0,1177.0,648.0,65.96,73.59,69.91,88.273193359375,138.94969177246094,30.90607261657715,82.83219146728516,78.54444885253906,713,20.9,45.0,0.0,1008.1,True,True
2019-04-25,391.0,781.0,1182.0,691.0,65.23,74.94,70.19,99.6260986328125,99.31944274902344,103.55277252197266,89.26409912109375,78.90766906738281,798,23.6,49.0,0.0,1007.3,True,True
2019-04-26,389.0,780.0,1186.0,783.0,63.29,71.03,69.93,129.5658721923828,103.33365631103516,150.8333282470703,100.4430160522461,80.5299301147461,767,23.8,50.0,0.0,1005.8,True,True
2019-04-27,,,,,,,,53.717315673828125,41.65153121948242,64.51991271972656,101.5115966796875,79.6089859008789,1110,28.0,53.6,0.0,1004.8,False,False
2019-04-28,,,,,,,,29.709129333496094,44.426517486572266,12.352035522460938,93.33222198486328,78.01016235351562,446,26.7,54.4,0.0,1005.0,False,False
2019-04-29,386.0,777.0,1189.0,884.0,63.39,71.22,69.8,68.80704498291016,58.795928955078125,98.0832290649414,89.45684814453125,78.06275177001953,674,27.4,55.8,0.0,1005.5,True,True
2019-04-30,384.0,768.0,1188.0,1276.0,63.83,72.19,69.64,49.37431716918945,44.74757766723633,52.25345993041992,74.15328216552734,78.96416473388672,738,24.5,51.1,0.0,1005.8,True,True
2019-05-01,386.0,763.0,1187.0,1389.0,63.55,72.01,69.52,61.51911544799805,9.435346603393555,102.31014251708984,70.33126831054688,78.8332748413086,700,20.5,43.6,0.0,1005.1,True,True
2019-05-02,384.0,755.0,1189.0,1420.0,61.75,70.56,69.4,186.33192443847656,90.8152084350586,247.9053497314453,82.71781921386719,83.0225830078125,800,27.1,56.2,12.5,1003.8,True,True
2019-05-03,382.0,752.0,1190.0,1290.0,61.98,71.95,69.08,70.14849090576172,54.391998291015625,77.77422332763672,74.22962188720703,82.5619125366211,850,70.2,133.9,85.8,995.9,True,True
2019-05-04,,,,,,,,51.80648422241211,24.304479598999023,65.88510131835938,73.9566421508789,81.86981964111328,1087,29.6,59.0,0.0,1004.5,False,False
2019-05-05,,,,,,,,93.311767578125,31.008182525634766,142.25137329101562,83.04273223876953,82.60711669921875,426,19.5,39.6,0.0,1006.6,False,False
2019-05-06,,,,,62.3,71.95,69.4,134.9949188232422,103.52261352539062,164.0613555908203,92.4981460571289,85.15353393554688,638,20.5,43.6,32.4,1005.1,False,True
2019-05-07,382.0,761.0,1189.0,1119.0,61.41,70.98,69.62,122.5062026977539,87.9329605102539,138.54013061523438,102.945556640625,88.71989440917969,676,23.7,48.2,0.0,1004.0,True,True
2019-05-08,382.0,770.0,1188.0,1159.0,62.13,71.09,69.73,56.73699188232422,26.105703353881836,87.09893798828125,102.26239776611328,87.38349151611328,759,25.0,50.0,0.0,1003.1,True,True
2019-05-09,382.0,776.0,1193.0,1270.0,61.58,70.61,70.21,167.1282501220703,85.44298553466797,213.8036651611328,99.51901245117188,87.36966705322266,773,25.5,50.8,0.0,1002.1,True,True
2019-05-10,382.0,779.0,1198.0,1371.0,61.65,71.63,70.02,135.96359252929688,57.50397491455078,178.15199279785156,108.92117309570312,89.35691833496094,804,24.8,49.7,0.0,1003.5,True,True
2019-05-11,,,,,,,,56.26442337036133,35.0570182800293,64.33023834228516,109.55802154541016,87.75919342041016,942,26.5,50.8,0.0,1005.4,False,False
2019-05-12,,,,,,,,31.177106857299805,62.16228103637695,0.0,100.681640625,85.34398651123047,425,22.6,45.7,0.0,1004.9,False,False
2019-05-13,382.0,782.0,1211.0,1405.0,60.97,72.35,70.62,130.95069885253906,38.6807746887207,193.58152770996094,100.10389709472656,87.00572204589844,683,25.4,49.7,0.0,1004.1,True,True
2019-05-14,381.0,783.0,1229.0,1462.0,61.82,72.53,70.3,248.6771697998047,93.55159759521484,351.14068603515625,118.1283187866211,93.56580352783203,706,25.5,51.5,0.0,1004.3,True,True
2019-05-15,381.0,784.0,1243.0,1417.0,62.03,73.09,70.22,184.76473999023438,201.73849487304688,204.8502197265625,136.41799926757812,97.83565521240234,753,28.3,55.4,0.0,1005.4,True,True
2019-05-16,383.0,783.0,1252.0,1428.0,62.93,74.7,70.08,158.53598022460938,199.6395721435547,131.82763671875,135.19053649902344,98.97150421142578,794,23.2,47.2,0.0,1006.0,True,True
2019-05-17,385.0,780.0,1255.0,1463.0,62.77,73.94,70.28,141.05126953125,119.31147766113281,156.38473510742188,135.91734313964844,101.41647338867188,775,24.7,49.7,0.0,1004.9,True,True
2019-05-18,,,,,,,,81.71419525146484,43.8645133972168,125.44230651855469,139.5530242919922,102.3201904296875,1054,22.9,46.8,0.0,1003.8,False,False
2019-05-19,,,,,,,,57.23658752441406,42.79530715942383,71.39102935791016,143.2758026123047,102.51763153076172,463,22.5,46.8,1.3,1005.3,False,False
2019-05-20,386.0,778.0,1256.0,1470.0,63.12,73.21,69.59,102.84115600585938,53.96031951904297,135.0247039794922,139.26016235351562,104.40442657470703,612,24.2,47.5,0.0,1006.3,True,True
2019-05-21,388.0,777.0,1258.0,1501.0,63.02,72.94,69.61,131.1907958984375,84.07734680175781,163.63389587402344,122.47638702392578,105.87862396240234,707,24.8,50.4,0.0,1006.0,True,True
2019-05-22,389.0,778.0,1268.0,1537.0,61.42,71.94,69.71,93.18052673339844,46.44685363769531,123.97203826904297,109.39292907714844,105.78681945800781,711,24.6,49.0,0.0,1004.9,True,True
2019-05-23,391.0,779.0,1287.0,1558.0,57.65,68.37,69.66,102.54247283935547,97.78219604492188,88.97455596923828,101.39385986328125,103.9882583618164,743,29.5,57.2,0.0,1004.9,True,True
2019-05-24,393.0,778.0,1304.0,1545.0,58.4,67.98,69.37,148.69381713867188,74.11805725097656,206.07261657714844,102.48564910888672,106.00228118896484,802,33.5,65.2,0.0,1004.0,True,True
2019-05-25,,,,,,,,64.11421203613281,6.087320327758789,101.54853057861328,99.97136688232422,104.81855010986328,1085,31.5,61.6,0.0,1001.7,False,False
2019-05-26,,,,,,,,39.71903610229492,0.0,66.05524444580078,97.46885681152344,101.82365417480469,417,25.6,50.4,0.8,1002.4,False,False
2019-05-27,,,,,,,,43.34200668334961,37.03593826293945,41.1888427734375,88.96897888183594,101.47781372070312,535,23.1,47.9,0.0,1002.9,False,False
2019-05-28,394.0,771.0,1322.0,1585.0,58.91,70.19,69.56,69.45706939697266,0.0,115.5114517211914,80.1498794555664,102.80274200439453,620,25.7,51.5,0.0,1002.6,True,True
2019-05-29,395.0,763.0,1337.0,1659.0,58.84,70.64,69.8,67.5115737915039,17.947669982910156,97.30583953857422,76.4828872680664,102.75955963134766,736,26.4,52.9,0.0,1002.1,True,True
2019-05-30,397.0,756.0,1340.0,1623.0,56.47,69.55,69.81,120.23086547851562,107.46139526367188,124.1078109741211,79.00979614257812,105.12144470214844,799,31.8,63.0,0.0,1002.0,True,True
2019-05-31,398.0,752.0,1335.0,1620.0,53.49,66.78,69.63,104.56336975097656,33.35728454589844,146.07217407226562,72.7054443359375,106.55625915527344,792,31.4,61.6,0.0,1002.7,True,True
2019-06-01,,,,,,,,130.1598358154297,71.3675537109375,167.7595672607422,82.14053344726562,104.68385314941406,1018,27.4,55.1,0.0,1002.8,False,False
2019-06-02,,,,,,,,28.994028091430664,43.357173919677734,24.10944366455078,80.60839080810547,103.3120346069336,457,27.6,55.4,0.5,1003.4,False,False
2019-06-03,401.0,748.0,1325.0,1650.0,53.25,63.16,69.15,129.24758911132812,95.44425201416016,143.29788208007812,92.880615234375,105.8934097290039,692,26.9,54.0,4.0,1003.4,True,True
2019-06-04,403.0,739.0,1304.0,1739.0,53.5,63.56,69.28,69.39736938476562,18.44900131225586,100.02388000488281,92.8720932006836,105.09626007080078,716,28.8,57.2,0.1,1002.7,True,True
2019-06-05,405.0,731.0,1285.0,1806.0,51.57,62.14,69.41,122.38550567626953,89.47311401367188,142.47433471679688,100.71121978759766,104.67594909667969,812,35.6,69.5,97.8,1001.5,True,True
2019-06-06,408.0,726.0,1246.0,1826.0,52.59,62.77,69.21,82.92330169677734,60.91330337524414,116.13191223144531,95.3815689086914,103.35652160644531,759,37.7,72.7,32.9,1001.5,True,True
2019-06-07,412.0,719.0,1213.0,1862.0,53.95,64.1,69.32,69.92227935791016,60.99366760253906,72.6781997680664,90.43284606933594,103.79602813720703,758,21.6,42.8,23.2,1002.8,True,True
2019-06-08,,,,,,,,50.870506286621094,17.899032592773438,69.67127990722656,79.10579681396484,99.92076873779297,1107,11.9,32.4,0.5,1002.2,False,False
2019-06-09,,,,,,,,53.92552185058594,30.7197322845459,64.0582275390625,82.66744232177734,97.18616485595703,430,25.0,49.7,0.1,1000.7,False,False
2019-06-10,411.0,717.0,1187.0,1848.0,53.33,64.31,69.49,56.934757232666016,30.959732055664062,68.86259460449219,72.3370361328125,97.20851135253906,640,22.1,41.4,0.1,998.6,True,True
2019-06-11,414.0,714.0,1166.0,1798.0,53.3,63.56,69.42,74.29241943359375,52.2802848815918,87.2138442993164,73.03633117675781,98.64569091796875,758,19.0,35.6,0.0,998.2,True,True
2019-06-12,416.0,712.0,1149.0,1746.0,51.13,61.66,69.35,95.03267669677734,99.25160217285156,75.2596664428711,69.1287841796875,97.44841766357422,732,22.2,43.2,0.1,998.1,True,True
2019-06-13,419.0,710.0,1137.0,1718.0,52.38,63.28,69.53,114.66580963134766,59.27333450317383,169.5079345703125,73.66342163085938,92.98137664794922,780,20.2,39.6,0.6,999.2,True,True
2019-06-14,420.0,716.0,1131.0,1800.0,52.47,63.13,69.81,192.6398468017578,125.24795532226562,229.83218383789062,91.19450378417969,93.24388122558594,791,23.7,43.2,15.2,998.6,True,True
2019-06-15,,,,,,,,108.25385284423828,37.00135803222656,149.17013549804688,99.39212799072266,91.56781005859375,1071,22.5,56.2,1.7,999.0,False,False
2019-06-16,,,,,,,,62.501277923583984,62.308895111083984,64.96471405029297,100.61723327636719,88.94947814941406,424,24.5,47.5,4.2,999.2,False,False
2019-06-17,422.0,720.0,1125.0,1826.0,51.94,62.56,69.83,126.36498260498047,17.99657440185547,195.1419677734375,110.53583526611328,90.43783569335938,734,23.8,45.7,5.7,999.1,True,True
2019-06-18,428.0,728.0,1117.0,1956.0,53.86,63.35,69.6,157.74131774902344,91.04281616210938,200.2020263671875,122.45710754394531,93.78799438476562,798,20.0,35.6,2.8,998.9,True,True
2019-06-19,432.0,736.0,1110.0,2051.0,53.74,62.85,69.64,135.55264282226562,8.445961952209473,218.3877716064453,128.2456817626953,94.87837219238281,782,19.3,39.6,4.3,999.1,True,True
2019-06-20,437.0,743.0,1101.0,2080.0,56.88,65.44,69.44,72.56913757324219,25.533798217773438,106.4885482788086,122.23186492919922,92.92432403564453,776,13.4,29.5,10.5,1000.0,True,True
2019-06-21,440.0,751.0,1096.0,2278.0,57.35,65.99,69.59,125.99950408935547,40.519893646240234,196.02603149414062,112.7118148803711,94.0182876586914,815,15.0,28.4,17.1,1000.3,True,True
2019-06-22,,,,,,,,167.47055053710938,106.85124969482422,211.670654296875,121.17134094238281,96.18255615234375,989,28.1,54.7,3.1,1000.7,False,False
2019-06-23,,,,,,,,99.30609893798828,42.42875289916992,153.35568237304688,126.4291763305664,94.53630065917969,467,21.2,43.6,2.5,1002.2,False,False
2019-06-24,442.0,756.0,1111.0,2363.0,57.73,65.16,69.32,171.24745178222656,21.340042114257812,284.79522705078125,132.84095764160156,98.10740661621094,619,20.5,41.8,0.7,1004.1,True,True
2019-06-25,442.0,765.0,1150.0,2389.0,57.63,66.24,69.26,82.01680755615234,0.0,136.3990936279297,122.0231704711914,99.517333984375,727,22.1,44.6,0.1,1004.3,True,True
2019-06-26,442.0,774.0,1191.0,2440.0,59.17,66.85,69.18,123.7572021484375,24.67525291442871,198.9554443359375,120.33810424804688,102.19783782958984,803,23.5,46.8,0.3,1002.9,True,True
2019-06-27,443.0,783.0,1243.0,2465.0,59.18,66.78,69.01,134.94033813476562,86.79031372070312,159.26171875,129.24827575683594,104.380615234375,761,25.3,49.0,0.1,999.8,True,True
2019-06-28,442.0,787.0,1286.0,2488.0,58.2,67.52,68.92,153.90248107910156,87.67357635498047,201.1031494140625,133.2344207763672,107.26030731201172,904,19.4,45.4,7.8,998.7,True,True
2019-06-29,,,,,,,,83.27684020996094,36.89800262451172,117.97689056396484,121.20674896240234,106.02851104736328,1074,17.1,35.3,27.8,997.7,False,False
2019-06-30,,,,,,,,23.661197662353516,0.0,39.35005569458008,110.40032958984375,103.33177185058594,420,11.4,21.2,20.0,997.1,False,False
2019-07-01,441.0,792.0,1317.0,2557.0,58.91,65.1,68.87,112.51927947998047,26.921504974365234,172.156494140625,102.01058959960938,102.7437515258789,736,21.7,45.0,62.2,994.8,True,True
2019-07-02,439.0,796.0,1370.0,2717.0,56.0,62.72,68.87,138.2222442626953,47.516136169433594,214.01901245117188,110.0399398803711,106.38468933105469,695,26.1,50.0,63.5,995.3,True,True
2019-07-03,440.0,803.0,1433.0,2939.0,57.06,63.53,68.79,66.82413482666016,9.51692008972168,103.19467163085938,101.90664672851562,104.30390930175781,694,24.2,48.6,12.6,998.0,True,True
2019-07-04,443.0,814.0,1569.0,3298.0,,63.62,,105.83283996582031,52.753536224365234,158.40597534179688,97.74842834472656,105.51842498779297,626,24.2,46.1,13.4,998.3,True,False
2019-07-05,448.0,820.0,1665.0,3346.0,,64.23,68.48,98.34883880615234,35.65312957763672,141.25660705566406,89.81219482421875,104.71720123291016,741,25.4,47.2,22.2,995.5,True,True
2019-07-06,,,,,,,,52.012840270996094,38.88955307006836,54.06288146972656,85.34590911865234,103.68685913085938,1019,29.1,56.2,27.2,995.0,False,False
2019-07-07,,,,,,,,52.02985763549805,17.289901733398438,72.10742950439453,89.39857482910156,103.09043884277344,382,27.4,60.5,7.1,997.2,False,False
2019-07-08,454.0,829.0,1695.0,3260.0,57.35,64.89,68.55,53.5069694519043,9.698594093322754,80.8958511352539,80.96824645996094,103.1783218383789,681,31.4,61.9,3.6,999.2,True,True
2019-07-09,458.0,835.0,1739.0,3343.0,57.57,64.3,68.54,96.6531753540039,35.038421630859375,138.82113647460938,75.0298080444336,104.60257720947266,754,29.4,57.2,3.4,999.9,True,True
2019-07-10,463.0,845.0,1791.0,3361.0,60.28,66.41,68.4,100.7791748046875,26.20929718017578,153.02798461914062,79.88053131103516,106.06405639648438,756,30.4,60.8,1.9,1000.1,True,True
2019-07-11,468.0,860.0,1881.0,3416.0,59.93,67.64,68.4,119.67986297607422,68.17799377441406,156.38473510742188,81.85867309570312,107.57697296142578,775,32.9,63.4,0.8,1002.0,True,True
2019-07-12,472.0,879.0,1945.0,3541.0,59.99,66.65,68.57,107.3701400756836,39.64431381225586,145.49600219726562,83.14743041992188,107.98822021484375,833,24.4,47.9,5.1,1003.7,True,True
2019-07-13,,,,,,,,77.71419525146484,38.737491607666016,96.93268585205078,86.81905364990234,106.75650024414062,1023,21.9,42.8,2.7,1003.6,False,False
2019-07-14,,,,,,,,31.32451629638672,15.614048957824707,39.07097625732422,83.86114501953125,101.37932586669922,423,19.1,45.0,0.9,1001.6,False,False
2019-07-15,472.0,888.0,1992.0,3724.0,59.3,66.86,68.52,31.055322647094727,30.959732055664062,43.03912353515625,80.65377044677734,98.80603790283203,640,19.0,44.3,6.0,1000.3,True,True
2019-07-16,477.0,905.0,2052.0,3968.0,57.44,65.87,68.66,76.37043762207031,28.550762176513672,111.13272094726562,77.75623321533203,99.26834869384766,694,14.0,31.0,4.8,1001.1,True,True
2019-07-17,481.0,928.0,2085.0,4095.0,56.5,63.67,68.84,147.22523498535156,82.55928039550781,198.9364013671875,84.39138793945312,99.96368408203125,720,9.5,35.3,7.1,1000.5,True,True
2019-07-18,486.0,953.0,2134.0,4256.0,55.08,60.7,68.85,102.68067169189453,115.71651458740234,103.94354248046875,81.96292877197266,98.12833404541016,742,15.2,33.1,4.5,1000.1,True,True
2019-07-19,492.0,982.0,2170.0,4379.0,55.42,61.04,68.82,48.779441833496094,17.683380126953125,66.37358093261719,73.59283447265625,95.23589324951172,747,21.6,42.1,3.4,1000.4,True,True
2019-07-20,,,,,,,,86.82132720947266,39.94804000854492,138.83587646484375,74.89385223388672,95.71096801757812,992,22.0,45.0,1.7,1002.2,False,False
2019-07-21,,,,,,,,61.02098083496094,17.380901336669922,86.98432922363281,79.13619995117188,93.54501342773438,380,20.2,40.7,0.5,1003.2,False,False
2019-07-22,497.0,1002.0,2201.0,4438.0,55.87,61.96,68.89,193.0157470703125,104.0116958618164,242.9168701171875,102.27340698242188,94.39652252197266,635,20.0,41.4,1.0,1002.8,True,True
2019-07-23,503.0,1017.0,2219.0,4315.0,56.58,62.28,68.99,139.26712036132812,99.1703109741211,198.52279663085938,111.2586441040039,95.72855377197266,666,21.2,42.8,0.3,1002.3,True,True
2019-07-24,506.0,1019.0,2209.0,3808.0,55.9,63.83,68.94,99.51920318603516,47.244224548339844,126.1003189086914,104.44349670410156,93.33761596679688,699,20.6,42.5,2.3,1001.4,True,True
2019-07-25,512.0,1012.0,2180.0,3609.0,55.88,63.47,69.03,74.43972778320312,37.10529708862305,92.84844207763672,100.4090805053711,93.08504486083984,712,19.7,38.5,14.9,1001.7,True,True
2019-07-26,515.0,1005.0,2109.0,3647.0,56.04,62.46,68.89,137.65362548828125,61.97479248046875,192.00294494628906,113.10539245605469,93.54825592041016,746,17.8,33.1,27.0,998.9,True,True
2019-07-27,,,,,,,,62.81315994262695,13.18311882019043,98.9642105102539,109.67565155029297,91.1440200805664,1002,18.0,37.8,1.0,997.9,False,False
2019-07-28,,,,,,,,31.775230407714844,0.0,52.844200134277344,105.49768829345703,87.07311248779297,417,18.5,34.2,41.5,997.6,False,False
2019-07-29,516.0,996.0,2050.0,3660.0,56.85,62.29,68.73,137.6140899658203,88.19389343261719,171.64564514160156,97.58316802978516,88.88435363769531,674,33.9,69.1,15.6,999.2,True,True
2019-07-30,516.0,988.0,1969.0,3664.0,58.04,62.55,68.82,152.35845947265625,137.19049072265625,155.29843139648438,99.45335388183594,93.17426300048828,674,32.7,62.6,4.1,1002.1,True,True
2019-07-31,516.0,982.0,1891.0,3657.0,58.53,64.07,68.81,89.65638732910156,84.67618560791016,109.86624908447266,98.04438018798828,92.41216278076172,702,23.9,43.9,1.5,1001.3,True,True
