latitude,longitude,elevation,utc_offset_seconds,timezone,timezone_abbreviation
20.351492,86.65327,4.0,19800,Asia/Kolkata,GMT+5:30

time,wind_speed_10m_max (km/h),wind_gusts_10m_max (km/h),precipitation_sum (mm),surface_pressure_mean (hPa)
2010-01-01,17.7,37.8,0.00,1014.7
2010-01-02,15.1,31.7,0.00,1015.7
2010-01-03,12.9,28.1,0.00,1014.7
2010-01-04,10.1,26.6,0.00,1012.5
2010-01-05,16.4,35.3,0.00,1011.5
2010-01-06,15.9,32.8,0.00,1013.0
2010-01-07,18.6,38.2,0.00,1014.5
2010-01-08,15.4,31.7,0.00,1014.3
2010-01-09,13.7,29.5,0.00,1013.6
2010-01-10,14.5,27.4,0.00,1014.2
2010-01-11,16.0,33.8,0.00,1014.6
2010-01-12,11.6,24.8,0.00,1014.9
2010-01-13,10.8,24.8,0.00,1015.9
2010-01-14,8.8,23.0,0.50,1017.4
2010-01-15,18.4,38.2,0.00,1018.9
2010-01-16,14.0,31.3,0.00,1019.3
2010-01-17,13.4,29.9,0.00,1018.8
2010-01-18,9.3,24.5,0.00,1017.6
2010-01-19,10.2,21.2,0.00,1015.7
2010-01-20,12.7,26.6,0.00,1016.8
2010-01-21,16.1,34.6,0.00,1015.6
2010-01-22,13.6,30.6,0.00,1015.4
2010-01-23,10.5,27.7,0.00,1015.4
2010-01-24,11.6,25.2,0.00,1014.8
2010-01-25,10.5,22.3,0.00,1014.8
2010-01-26,11.2,24.8,0.00,1015.3
2010-01-27,11.3,24.8,0.00,1015.8
2010-01-28,13.6,26.6,0.00,1016.2
2010-01-29,13.5,29.2,0.00,1015.6
2010-01-30,12.8,31.3,0.00,1014.9
2010-01-31,12.6,26.3,0.00,1015.5
2010-02-01,13.0,28.8,0.00,1015.0
2010-02-02,13.7,30.6,0.00,1014.0
2010-02-03,13.7,29.5,0.00,1013.7
2010-02-04,12.8,28.1,0.10,1014.5
2010-02-05,13.6,28.4,0.00,1015.0
2010-02-06,13.2,29.5,0.00,1015.7
2010-02-07,15.4,30.2,0.00,1014.7
2010-02-08,14.1,30.6,0.00,1012.1
2010-02-09,17.3,37.1,0.00,1011.4
2010-02-10,13.1,31.7,0.00,1012.3
2010-02-11,12.8,29.5,0.00,1014.4
2010-02-12,13.7,30.6,0.00,1014.6
2010-02-13,16.0,34.2,0.00,1012.5
2010-02-14,17.0,35.3,0.00,1011.1
2010-02-15,15.9,33.8,0.00,1012.0
2010-02-16,13.4,30.6,0.00,1012.8
2010-02-17,18.3,35.3,0.00,1012.0
2010-02-18,17.3,35.6,0.00,1012.4
2010-02-19,12.7,32.0,0.00,1013.6
2010-02-20,17.7,36.4,0.10,1013.4
2010-02-21,17.4,37.1,0.00,1013.1
2010-02-22,15.9,33.5,0.00,1012.8
2010-02-23,19.1,38.9,0.00,1010.4
2010-02-24,24.6,46.1,0.00,1008.2
2010-02-25,19.0,34.6,0.00,1009.1
2010-02-26,15.2,32.0,0.50,1011.0
2010-02-27,16.5,34.9,0.00,1010.5
2010-02-28,17.3,34.9,0.00,1010.6
2010-03-01,20.3,41.4,0.00,1011.1
2010-03-02,20.3,41.4,0.00,1009.7
2010-03-03,22.2,45.4,0.00,1007.6
2010-03-04,22.5,44.3,0.00,1007.5
2010-03-05,22.1,45.4,0.00,1007.5
2010-03-06,18.4,34.9,0.00,1008.6
2010-03-07,18.0,38.5,0.00,1010.0
2010-03-08,16.3,32.4,0.00,1010.6
2010-03-09,13.8,30.6,0.00,1013.0
2010-03-10,16.5,33.8,0.00,1013.7
2010-03-11,17.4,37.1,0.00,1014.7
2010-03-12,16.6,36.4,0.50,1014.2
2010-03-13,16.5,35.6,0.00,1011.4
2010-03-14,20.2,40.0,0.30,1008.7
2010-03-15,20.7,36.4,0.00,1008.8
2010-03-16,17.5,39.6,0.00,1010.6
2010-03-17,15.1,37.4,0.00,1013.3
2010-03-18,14.7,32.8,0.00,1014.2
2010-03-19,17.3,33.8,0.00,1011.0
2010-03-20,15.5,33.5,0.00,1009.5
2010-03-21,19.4,38.9,0.00,1007.4
2010-03-22,22.7,46.1,0.00,1004.4
2010-03-23,26.3,52.2,0.00,1003.3
2010-03-24,26.6,52.6,0.00,1004.9
2010-03-25,22.8,46.8,0.00,1006.3
2010-03-26,23.9,46.8,0.00,1006.6
2010-03-27,25.6,51.8,0.00,1007.6
2010-03-28,26.6,53.6,0.30,1007.4
2010-03-29,26.5,52.2,0.00,1007.2
2010-03-30,29.5,54.7,0.00,1006.0
2010-03-31,31.3,61.2,0.00,1004.8
2010-04-01,25.2,48.6,0.00,1004.2
2010-04-02,26.4,50.0,0.00,1005.5
2010-04-03,23.9,48.6,0.00,1007.2
2010-04-04,25.8,52.6,0.00,1007.8
2010-04-05,22.3,41.8,0.00,1006.5
2010-04-06,23.1,45.4,0.00,1006.6
2010-04-07,21.1,43.2,0.00,1009.0
2010-04-08,20.9,41.8,0.00,1009.8
2010-04-09,22.5,42.8,0.00,1006.0
2010-04-10,25.9,50.4,0.00,1002.9
2010-04-11,26.6,52.2,0.00,1003.3
2010-04-12,28.3,54.7,0.00,1004.2
2010-04-13,27.6,54.4,0.00,1004.1
2010-04-14,27.3,53.3,0.00,1004.9
2010-04-15,22.0,46.1,0.00,1007.9
2010-04-16,25.7,50.8,0.00,1007.6
2010-04-17,30.6,60.1,0.00,1006.6
2010-04-18,30.9,58.0,0.00,1005.1
2010-04-19,35.9,69.5,0.00,1002.8
2010-04-20,28.8,58.7,0.00,1001.0
2010-04-21,30.4,60.5,0.00,1002.5
2010-04-22,26.9,55.1,0.00,1004.0
2010-04-23,27.2,53.3,0.00,1005.7
2010-04-24,26.8,53.6,0.00,1005.1
2010-04-25,27.1,53.3,0.00,1005.3
2010-04-26,27.0,54.0,0.00,1008.2
2010-04-27,25.6,50.0,0.00,1009.1
2010-04-28,27.6,54.0,0.00,1007.9
2010-04-29,25.6,51.8,0.00,1007.9
2010-04-30,22.2,47.2,0.00,1008.0
2010-05-01,22.2,45.4,0.00,1007.8
2010-05-02,18.1,38.5,0.00,1006.1
2010-05-03,22.5,47.9,0.00,1005.0
2010-05-04,23.7,49.7,1.80,1004.2
2010-05-05,21.0,43.2,0.80,1003.9
2010-05-06,18.1,39.2,0.40,1004.4
2010-05-07,21.3,41.4,0.00,1004.3
2010-05-08,21.7,45.4,0.00,1003.4
2010-05-09,26.1,47.9,0.00,1001.6
2010-05-10,27.0,48.6,0.00,1001.4
2010-05-11,27.3,54.7,0.00,1001.6
2010-05-12,31.3,61.9,0.00,1002.0
2010-05-13,27.5,52.2,0.00,1002.6
2010-05-14,29.0,54.4,0.00,1002.7
2010-05-15,24.7,50.8,0.00,1002.8
2010-05-16,25.6,51.8,0.00,1002.7
2010-05-17,23.1,46.8,0.00,1003.9
2010-05-18,18.8,41.0,0.10,1005.1
2010-05-19,17.8,45.0,3.30,1004.4
2010-05-20,21.3,45.7,0.90,1003.8
2010-05-21,18.7,43.6,10.70,1004.9
2010-05-22,19.6,44.3,10.60,1004.5
2010-05-23,19.6,41.4,44.90,1002.1
2010-05-24,13.3,26.6,0.00,999.0
2010-05-25,30.6,56.9,0.00,996.9
2010-05-26,24.9,44.6,0.00,995.6
2010-05-27,18.4,37.8,0.00,997.5
2010-05-28,13.8,31.0,0.00,1000.7
2010-05-29,17.6,37.8,0.00,1001.4
2010-05-30,20.8,43.2,0.00,1001.1
2010-05-31,28.4,51.8,0.00,1000.8
2010-06-01,23.8,46.8,0.00,1002.1
2010-06-02,25.1,50.0,0.00,1003.0
2010-06-03,24.7,49.7,0.00,1003.3
2010-06-04,24.5,48.6,0.00,1002.5
2010-06-05,16.9,34.9,0.00,999.7
2010-06-06,16.3,36.4,0.00,998.4
2010-06-07,17.8,39.6,0.00,1000.3
2010-06-08,19.4,40.3,0.00,1001.6
2010-06-09,18.3,38.2,0.50,1002.2
2010-06-10,15.1,33.1,0.30,1002.7
2010-06-11,16.1,34.6,3.00,1002.1
2010-06-12,15.6,32.0,8.20,1001.6
2010-06-13,18.2,40.3,17.70,1001.8
2010-06-14,20.3,36.7,14.60,1001.2
2010-06-15,24.3,44.6,0.20,1001.1
2010-06-16,26.0,46.8,1.20,1000.9
2010-06-17,20.3,42.8,5.20,1001.7
2010-06-18,21.5,40.0,4.50,1002.1
2010-06-19,29.1,56.5,4.70,1002.9
2010-06-20,25.5,49.0,2.60,1003.3
2010-06-21,18.9,39.6,1.00,1001.6
2010-06-22,18.4,38.9,0.00,999.0
2010-06-23,16.6,38.9,4.80,998.5
2010-06-24,16.2,32.4,76.30,996.9
2010-06-25,19.6,37.8,43.10,996.6
2010-06-26,19.5,37.4,54.30,998.7
2010-06-27,25.9,50.8,1.00,1000.8
2010-06-28,25.0,47.5,3.10,1000.8
2010-06-29,20.4,41.4,6.90,999.7
2010-06-30,15.7,28.1,24.40,999.9
2010-07-01,12.1,25.9,9.50,999.3
2010-07-02,16.7,34.9,10.00,999.0
2010-07-03,26.3,49.0,6.40,1001.1
2010-07-04,18.7,38.5,6.90,1003.3
2010-07-05,14.9,36.0,7.70,1003.9
2010-07-06,24.6,49.3,8.70,1003.0
2010-07-07,24.6,50.4,1.30,1005.2
2010-07-08,25.1,50.4,0.10,1005.8
2010-07-09,20.9,39.2,2.10,1003.8
2010-07-10,23.6,43.2,5.10,1002.8
2010-07-11,22.9,42.8,25.10,1002.5
2010-07-12,18.9,38.2,10.60,1001.9
2010-07-13,18.0,36.0,0.40,1001.4
2010-07-14,13.2,29.9,11.40,1000.8
2010-07-15,13.3,32.4,1.90,1000.9
2010-07-16,17.6,35.3,1.80,1000.8
2010-07-17,19.2,40.3,0.10,1001.9
2010-07-18,17.9,37.1,0.40,1002.0
2010-07-19,19.4,38.5,0.30,1001.2
2010-07-20,14.3,30.6,3.90,1001.2
2010-07-21,15.6,34.6,2.10,1001.3
2010-07-22,19.1,37.8,7.70,1000.7
2010-07-23,16.8,33.5,22.10,998.6
2010-07-24,18.2,36.7,47.20,995.0
2010-07-25,26.7,50.0,141.30,992.0
2010-07-26,23.9,49.7,0.40,997.7
2010-07-27,11.6,23.0,11.70,1001.1
2010-07-28,14.7,34.6,0.30,1000.5
2010-07-29,18.8,37.8,2.50,999.2
2010-07-30,22.5,39.6,9.60,1000.5
2010-07-31,22.5,40.0,10.10,1001.9
2010-08-01,17.7,31.7,4.60,1002.0
2010-08-02,10.8,22.3,15.60,1001.4
2010-08-03,11.2,25.9,6.90,1000.1
2010-08-04,14.1,32.0,5.20,998.1
2010-08-05,18.2,33.5,7.40,996.3
2010-08-06,31.8,67.3,5.10,1000.9
2010-08-07,21.6,43.2,1.00,1002.9
2010-08-08,12.8,25.2,1.50,1002.3
2010-08-09,10.6,26.6,5.10,1001.4
2010-08-10,7.9,24.5,9.00,1001.4
2010-08-11,11.5,27.4,1.40,1002.0
2010-08-12,13.8,31.7,2.80,1002.5
2010-08-13,18.5,38.9,3.30,1002.7
2010-08-14,20.3,39.2,11.40,1002.9
2010-08-15,18.1,36.0,8.70,1004.6
2010-08-16,18.4,38.2,1.80,1005.3
2010-08-17,15.9,34.9,0.90,1003.2
2010-08-18,18.4,37.8,0.10,1002.6
2010-08-19,15.5,32.0,3.90,1005.0
2010-08-20,13.4,30.2,12.60,1007.3
2010-08-21,17.1,37.1,1.20,1005.8
2010-08-22,13.3,28.4,1.20,1004.1
2010-08-23,12.4,29.5,0.20,1002.6
2010-08-24,14.6,31.7,1.10,1002.0
2010-08-25,17.7,37.8,4.50,1002.9
2010-08-26,21.2,42.8,17.80,1003.4
2010-08-27,20.9,40.7,13.20,1003.2
2010-08-28,16.8,34.9,13.40,1002.9
2010-08-29,16.9,35.6,29.70,1001.2
2010-08-30,20.7,44.3,13.10,999.8
2010-08-31,18.6,40.0,1.00,1000.3
2010-09-01,16.0,29.5,0.30,1002.0
2010-09-02,13.5,31.0,0.50,1002.8
2010-09-03,17.6,36.4,2.70,1002.1
2010-09-04,17.0,33.5,3.90,1000.4
2010-09-05,19.8,34.9,3.40,1000.4
2010-09-06,12.0,23.4,5.70,999.5
2010-09-07,19.1,42.5,26.10,999.0
2010-09-08,18.9,39.2,4.30,1001.4
2010-09-09,20.8,42.5,2.20,1004.3
2010-09-10,15.9,33.8,6.10,1003.9
2010-09-11,16.3,34.2,4.00,1004.0
2010-09-12,9.5,28.1,10.80,1004.8
2010-09-13,11.7,25.9,9.00,1003.6
2010-09-14,12.2,24.5,3.40,1002.4
2010-09-15,12.7,29.5,5.10,1002.0
2010-09-16,13.8,28.1,7.40,1002.0
2010-09-17,14.8,30.2,17.10,1001.1
2010-09-18,23.7,49.7,11.70,1001.1
2010-09-19,18.9,38.9,2.50,1004.0
2010-09-20,14.5,32.0,4.70,1006.4
2010-09-21,13.2,30.6,0.90,1007.2
2010-09-22,11.6,27.4,3.50,1006.8
2010-09-23,7.6,23.4,4.50,1005.7
2010-09-24,9.4,23.4,5.50,1005.1
2010-09-25,11.2,26.6,0.40,1006.4
2010-09-26,13.0,29.2,0.10,1008.3
2010-09-27,13.2,29.5,2.40,1008.7
2010-09-28,11.2,23.0,5.70,1008.3
2010-09-29,8.9,19.8,8.10,1008.2
2010-09-30,12.4,29.9,0.30,1007.7
2010-10-01,12.1,27.7,5.90,1007.2
2010-10-02,7.8,24.1,5.80,1007.1
2010-10-03,7.4,19.1,0.00,1007.0
2010-10-04,9.4,23.8,0.30,1005.7
2010-10-05,14.3,39.6,16.30,1004.6
2010-10-06,17.7,31.0,21.10,1002.8
2010-10-07,15.8,32.8,32.00,1000.2
2010-10-08,15.0,29.2,17.90,1001.1
2010-10-09,11.5,23.4,1.70,1002.6
2010-10-10,10.0,25.2,0.40,1003.1
2010-10-11,10.5,29.5,0.00,1005.4
2010-10-12,11.3,30.2,0.50,1006.5
2010-10-13,16.1,32.8,7.50,1005.4
2010-10-14,25.1,39.6,29.20,1002.2
2010-10-15,31.5,57.6,14.20,999.1
2010-10-16,23.0,46.1,1.50,1003.3
2010-10-17,15.5,38.2,3.30,1006.4
2010-10-18,7.6,20.5,0.80,1007.7
2010-10-19,8.0,18.7,0.10,1007.7
2010-10-20,7.6,19.1,0.00,1006.6
2010-10-21,9.7,19.4,5.10,1004.1
2010-10-22,12.0,25.9,11.50,1002.9
2010-10-23,10.0,25.2,4.40,1004.1
2010-10-24,10.8,24.8,20.40,1006.0
2010-10-25,7.4,19.1,0.30,1008.2
2010-10-26,5.9,14.8,0.00,1009.7
2010-10-27,7.6,19.8,0.10,1010.6
2010-10-28,12.6,25.9,0.00,1010.8
2010-10-29,16.4,33.8,0.40,1011.9
2010-10-30,18.6,39.2,0.20,1012.9
2010-10-31,11.3,26.6,11.10,1012.3
2010-11-01,16.3,27.7,3.70,1010.2
2010-11-02,18.6,36.7,0.40,1011.0
2010-11-03,17.6,37.4,0.60,1012.4
2010-11-04,17.3,35.3,0.00,1012.2
2010-11-05,16.1,33.1,0.00,1011.3
2010-11-06,19.8,39.2,0.10,1010.3
2010-11-07,22.1,43.6,6.30,1010.5
2010-11-08,14.8,31.3,39.40,1012.4
2010-11-09,8.5,18.7,1.10,1014.3
2010-11-10,7.2,15.8,0.00,1012.8
2010-11-11,8.6,18.4,0.00,1010.8
2010-11-12,9.6,23.8,2.60,1008.1
2010-11-13,6.4,18.4,0.60,1008.6
2010-11-14,9.0,20.9,1.20,1012.3
2010-11-15,14.0,29.2,0.00,1013.6
2010-11-16,9.4,22.7,0.00,1012.2
2010-11-17,7.2,15.5,0.00,1012.1
2010-11-18,7.2,15.8,0.00,1012.4
2010-11-19,8.9,17.6,0.00,1010.8
2010-11-20,11.4,25.2,0.20,1008.3
2010-11-21,8.9,22.7,1.20,1008.4
2010-11-22,12.0,25.9,0.00,1009.5
2010-11-23,8.4,18.4,0.00,1010.1
2010-11-24,7.7,12.2,0.00,1011.1
2010-11-25,7.6,14.4,0.00,1011.5
2010-11-26,8.3,15.8,0.00,1010.1
2010-11-27,7.7,20.2,0.70,1009.8
2010-11-28,10.2,23.8,0.40,1011.4
2010-11-29,6.5,18.4,0.00,1011.9
2010-11-30,13.9,29.5,0.10,1010.9
2010-12-01,16.3,34.2,0.00,1011.4
2010-12-02,17.0,36.0,0.00,1012.2
2010-12-03,18.0,36.7,0.00,1012.2
2010-12-04,18.7,36.7,0.00,1010.7
2010-12-05,18.8,35.6,2.00,1009.9
2010-12-06,19.7,36.7,29.70,1010.4
2010-12-07,18.9,37.8,6.80,1009.9
2010-12-08,15.6,31.3,46.70,1008.9
2010-12-09,11.8,24.8,1.20,1006.8
2010-12-10,15.8,30.2,2.10,1006.0
2010-12-11,8.2,24.8,0.00,1006.0
2010-12-12,9.7,27.0,0.60,1006.3
2010-12-13,14.6,29.5,1.50,1009.2
2010-12-14,13.0,27.4,0.40,1010.8
2010-12-15,14.7,32.0,0.00,1012.2
2010-12-16,9.9,25.2,0.00,1012.2
2010-12-17,10.1,23.4,0.00,1012.3
2010-12-18,11.5,27.4,0.00,1012.8
2010-12-19,17.9,37.8,0.00,1014.8
2010-12-20,17.2,34.6,0.00,1015.5
2010-12-21,10.0,24.5,0.00,1013.1
2010-12-22,11.1,19.1,0.00,1010.5
2010-12-23,10.2,16.9,0.00,1011.4
2010-12-24,10.4,14.8,0.00,1011.9
2010-12-25,9.9,15.5,0.00,1011.7
2010-12-26,8.9,21.2,0.00,1012.7
2010-12-27,9.1,23.8,0.00,1013.3
2010-12-28,9.1,24.5,0.00,1013.7
2010-12-29,9.8,23.8,0.00,1013.6
2010-12-30,10.5,18.7,0.00,1012.5
2010-12-31,10.0,18.7,0.00,1010.9
2011-01-01,8.9,20.5,0.00,1009.4
2011-01-02,19.7,38.5,0.00,1011.6
2011-01-03,17.6,36.0,0.00,1013.6
2011-01-04,17.4,33.8,0.00,1013.6
2011-01-05,17.0,31.7,0.00,1012.5
2011-01-06,17.3,35.6,0.00,1013.5
2011-01-07,18.9,36.4,0.00,1013.3
2011-01-08,16.4,35.3,0.00,1011.6
2011-01-09,12.2,27.4,0.00,1010.7
2011-01-10,11.6,25.9,0.00,1010.6
2011-01-11,15.3,30.6,0.00,1011.6
2011-01-12,10.4,18.4,0.00,1011.2
2011-01-13,10.0,14.4,0.00,1011.8
2011-01-14,9.9,19.1,0.00,1012.5
2011-01-15,10.7,23.0,0.00,1013.3
2011-01-16,15.6,33.1,0.00,1010.4
2011-01-17,11.7,26.3,0.00,1011.2
2011-01-18,9.7,20.5,0.00,1011.6
2011-01-19,14.2,30.6,0.00,1010.4
2011-01-20,10.4,24.1,0.00,1012.6
2011-01-21,13.3,29.5,0.00,1013.3
2011-01-22,9.8,22.0,0.00,1014.3
2011-01-23,11.3,24.5,0.00,1015.5
2011-01-24,10.8,22.7,0.00,1014.9
2011-01-25,10.4,22.7,0.00,1014.8
2011-01-26,9.9,20.9,0.00,1015.8
2011-01-27,10.8,23.8,0.00,1015.6
2011-01-28,14.0,29.5,0.00,1015.1
2011-01-29,12.2,27.4,0.00,1013.9
2011-01-30,12.8,28.4,0.00,1014.0
2011-01-31,8.2,17.3,0.00,1013.9
2011-02-01,14.1,31.3,0.00,1014.5
2011-02-02,12.9,25.2,0.00,1014.6
2011-02-03,11.7,24.8,0.00,1014.4
2011-02-04,12.1,24.8,0.00,1013.5
2011-02-05,10.7,22.7,0.00,1012.6
2011-02-06,11.3,24.8,0.00,1012.2
2011-02-07,14.5,29.9,0.00,1010.7
2011-02-08,15.9,31.0,0.00,1007.9
2011-02-09,13.8,29.2,0.00,1007.7
2011-02-10,15.5,31.7,0.00,1010.4
2011-02-11,13.7,27.7,0.00,1011.7
2011-02-12,14.5,31.0,0.00,1010.5
2011-02-13,13.9,28.4,0.00,1009.1
2011-02-14,15.4,31.7,0.00,1008.6
2011-02-15,17.3,35.3,0.00,1009.9
2011-02-16,21.0,43.2,0.00,1010.8
2011-02-17,13.7,28.4,0.00,1010.6
2011-02-18,11.8,31.7,0.60,1011.0
2011-02-19,13.8,32.4,0.50,1012.9
2011-02-20,15.1,32.4,1.00,1013.6
2011-02-21,16.4,34.9,36.60,1013.4
2011-02-22,11.5,25.9,0.00,1014.1
2011-02-23,9.7,24.1,0.00,1014.1
2011-02-24,12.2,25.6,0.00,1012.4
2011-02-25,14.5,30.2,0.00,1010.2
2011-02-26,12.2,26.3,0.00,1011.1
2011-02-27,10.2,23.8,0.00,1013.0
2011-02-28,15.3,34.2,0.00,1013.7
2011-03-01,10.8,26.3,0.00,1012.0
2011-03-02,13.2,27.0,0.00,1011.2
2011-03-03,13.7,28.8,0.00,1010.8
2011-03-04,13.4,28.4,0.00,1009.8
2011-03-05,14.5,29.2,0.00,1009.5
2011-03-06,13.4,25.9,0.00,1010.8
2011-03-07,14.8,29.2,0.00,1011.3
2011-03-08,13.9,26.3,0.00,1009.3
2011-03-09,17.8,37.1,0.00,1009.4
2011-03-10,18.0,37.1,0.00,1010.2
2011-03-11,18.4,39.2,0.00,1010.0
2011-03-12,15.3,34.6,0.00,1010.4
2011-03-13,15.7,31.0,0.00,1010.3
2011-03-14,17.1,34.9,0.20,1009.5
2011-03-15,13.4,30.6,7.20,1009.5
2011-03-16,12.1,27.7,0.00,1008.5
2011-03-17,19.1,38.2,0.00,1009.3
2011-03-18,24.4,48.6,0.00,1007.9
2011-03-19,25.9,51.5,0.00,1005.6
2011-03-20,26.6,52.6,0.00,1005.5
2011-03-21,26.1,50.4,0.00,1006.5
2011-03-22,21.3,42.5,0.00,1007.5
2011-03-23,17.2,36.4,0.00,1008.8
2011-03-24,22.1,42.5,0.00,1009.0
2011-03-25,18.6,40.0,0.00,1009.6
2011-03-26,17.9,37.1,0.00,1009.3
2011-03-27,19.3,37.8,1.50,1008.9
2011-03-28,20.0,40.0,0.00,1008.4
2011-03-29,21.8,45.4,0.00,1008.8
2011-03-30,29.4,56.2,0.00,1008.0
2011-03-31,26.9,49.0,0.80,1007.7
2011-04-01,21.3,42.8,0.00,1008.3
2011-04-02,21.3,42.1,0.00,1008.5
2011-04-03,20.6,42.1,0.00,1008.2
2011-04-04,21.9,43.2,0.00,1008.2
2011-04-05,8.7,24.8,7.80,1010.8
2011-04-06,13.4,28.8,0.00,1010.7
2011-04-07,16.2,32.0,0.00,1010.5
2011-04-08,16.9,35.3,0.00,1010.2
2011-04-09,18.0,39.6,0.30,1010.8
2011-04-10,13.2,33.8,0.30,1012.2
2011-04-11,15.9,34.6,0.00,1010.4
2011-04-12,16.3,34.6,0.00,1009.3
2011-04-13,16.9,34.2,0.00,1009.1
2011-04-14,16.9,34.9,0.30,1008.3
2011-04-15,18.9,38.9,0.80,1007.3
2011-04-16,19.3,37.1,0.00,1008.4
2011-04-17,18.5,41.8,0.00,1008.5
2011-04-18,21.8,41.4,0.00,1005.9
2011-04-19,14.6,40.0,9.60,1006.4
2011-04-20,17.2,34.9,0.30,1007.0
2011-04-21,17.1,36.0,0.70,1007.9
2011-04-22,13.8,32.0,2.00,1008.3
2011-04-23,17.8,37.1,0.30,1007.3
2011-04-24,19.3,43.2,2.70,1007.4
2011-04-25,18.4,38.5,2.20,1007.9
2011-04-26,11.7,29.5,6.50,1008.6
2011-04-27,10.6,26.3,0.90,1006.2
2011-04-28,14.5,33.1,3.50,1004.3
2011-04-29,13.1,29.2,0.90,1004.6
2011-04-30,13.3,31.3,0.00,1006.4
2011-05-01,18.4,40.0,0.00,1006.2
2011-05-02,22.1,44.6,0.00,1004.8
2011-05-03,22.4,43.9,0.00,1003.5
2011-05-04,23.4,47.9,0.10,1003.8
2011-05-05,18.7,38.5,0.20,1004.4
2011-05-06,16.2,37.8,0.80,1004.4
2011-05-07,18.1,34.6,5.60,1003.2
2011-05-08,13.7,29.9,5.10,1002.5
2011-05-09,18.7,38.2,0.00,1002.2
2011-05-10,22.6,45.0,0.00,1001.5
2011-05-11,20.6,41.0,0.00,1001.0
2011-05-12,20.9,42.1,0.00,1001.8
2011-05-13,21.9,44.6,0.00,1002.6
2011-05-14,23.9,46.8,0.00,1003.3
2011-05-15,22.7,45.4,0.00,1005.3
2011-05-16,22.4,44.6,0.20,1008.0
2011-05-17,21.7,44.6,0.30,1007.4
2011-05-18,26.3,52.9,0.00,1005.2
2011-05-19,28.1,58.0,0.00,1003.3
2011-05-20,32.9,67.3,0.00,1001.5
2011-05-21,30.8,59.8,0.00,1000.3
2011-05-22,24.3,50.4,0.00,1001.7
2011-05-23,18.9,44.3,0.00,1002.4
2011-05-24,25.0,49.3,0.00,1002.4
2011-05-25,21.7,43.6,0.00,1001.9
2011-05-26,20.0,43.2,0.40,1002.5
2011-05-27,12.3,31.0,2.90,1002.9
2011-05-28,11.4,30.2,6.00,1001.8
2011-05-29,15.0,38.2,2.30,1001.9
2011-05-30,19.4,42.1,0.00,1001.2
2011-05-31,23.8,45.0,0.00,1000.1
2011-06-01,16.9,37.4,0.00,1000.8
2011-06-02,19.9,40.3,0.00,1003.2
2011-06-03,21.2,42.5,0.00,1003.7
2011-06-04,18.2,37.4,0.10,1002.2
2011-06-05,16.7,37.8,1.30,1002.2
2011-06-06,16.9,38.2,0.60,1002.5
2011-06-07,14.2,31.0,2.40,1001.8
2011-06-08,16.2,29.9,10.60,1000.3
2011-06-09,20.4,38.9,0.00,999.3
2011-06-10,20.1,42.1,0.00,998.9
2011-06-11,18.1,34.9,5.70,998.6
2011-06-12,15.1,32.0,18.20,999.5
2011-06-13,19.6,29.5,15.10,999.1
2011-06-14,13.6,41.8,8.00,997.8
2011-06-15,21.3,47.5,66.90,996.4
2011-06-16,23.8,44.6,63.70,994.8
2011-06-17,30.1,50.0,29.30,994.5
2011-06-18,28.3,61.9,44.30,994.0
2011-06-19,21.6,44.3,0.00,994.4
2011-06-20,20.1,37.4,10.00,996.8
2011-06-21,13.8,30.6,7.10,998.6
2011-06-22,18.7,37.4,4.30,998.6
2011-06-23,19.3,40.0,4.10,998.6
2011-06-24,18.5,31.7,5.10,997.7
2011-06-25,14.2,29.5,4.00,997.1
2011-06-26,17.5,41.0,0.90,997.3
2011-06-27,17.7,35.6,4.10,997.8
2011-06-28,17.4,38.9,1.40,998.2
2011-06-29,17.7,36.0,5.30,1000.2
2011-06-30,17.9,39.6,3.70,1001.2
2011-07-01,15.5,34.9,1.40,1001.1
2011-07-02,19.7,40.3,1.30,1000.6
2011-07-03,17.2,33.1,4.50,1001.0
2011-07-04,10.6,30.2,12.80,1002.4
2011-07-05,17.3,34.6,0.30,1002.2
2011-07-06,20.5,40.7,7.20,1002.2
2011-07-07,23.7,52.2,3.30,1003.9
2011-07-08,22.4,45.7,2.90,1005.9
2011-07-09,16.9,33.8,16.40,1003.8
2011-07-10,14.0,37.1,7.10,1001.3
2011-07-11,12.7,29.5,3.70,999.1
2011-07-12,15.1,32.4,9.10,997.6
2011-07-13,13.8,31.0,1.90,997.4
2011-07-14,24.7,48.6,1.20,997.0
2011-07-15,24.0,45.4,5.10,997.5
2011-07-16,18.9,36.0,23.70,997.7
2011-07-17,16.4,34.9,18.00,997.6
2011-07-18,21.1,41.4,10.10,998.6
2011-07-19,21.4,43.2,13.30,998.2
2011-07-20,20.9,38.9,18.00,996.7
2011-07-21,24.2,44.3,4.60,996.4
2011-07-22,27.3,59.0,2.20,998.1
2011-07-23,15.8,34.2,1.00,1000.3
2011-07-24,13.8,31.0,9.70,1001.5
2011-07-25,15.1,32.8,3.30,1004.1
2011-07-26,13.4,31.7,2.00,1005.5
2011-07-27,13.7,30.6,1.40,1004.2
2011-07-28,13.8,33.5,0.90,1002.2
2011-07-29,13.3,31.7,0.40,1001.6
2011-07-30,11.9,28.8,3.20,1000.1
2011-07-31,13.7,30.2,0.80,998.7
2011-08-01,10.5,28.1,2.80,997.8
2011-08-02,11.9,31.0,19.80,998.3
2011-08-03,15.7,29.2,11.50,998.7
2011-08-04,19.8,39.2,0.90,999.3
2011-08-05,18.1,34.6,12.30,998.9
2011-08-06,18.6,39.6,12.80,997.9
2011-08-07,16.8,38.9,18.70,997.6
2011-08-08,20.6,40.3,7.40,998.7
2011-08-09,25.6,48.6,7.50,1000.7
2011-08-10,21.1,41.4,3.50,1001.4
2011-08-11,24.3,35.3,36.80,999.8
2011-08-12,24.2,46.8,23.70,996.8
2011-08-13,24.8,49.7,9.80,998.5
2011-08-14,20.7,41.4,3.30,1004.3
2011-08-15,17.6,38.9,4.70,1005.6
2011-08-16,17.4,35.6,6.90,1004.5
2011-08-17,14.6,30.6,11.20,1003.7
2011-08-18,13.0,28.1,22.40,1003.4
2011-08-19,15.9,29.9,19.40,1003.8
2011-08-20,13.8,30.6,3.60,1004.9
2011-08-21,13.5,28.4,1.30,1004.9
2011-08-22,18.9,40.0,11.70,1005.2
2011-08-23,18.6,39.6,14.30,1004.6
2011-08-24,15.8,33.1,11.80,1002.9
2011-08-25,18.2,35.6,15.00,1002.5
2011-08-26,11.9,29.9,17.10,1001.6
2011-08-27,15.4,31.3,4.70,999.8
2011-08-28,15.6,33.5,5.00,999.0
2011-08-29,16.5,36.4,7.50,1000.1
2011-08-30,19.5,43.6,9.70,1000.6
2011-08-31,20.1,42.1,15.70,1000.6
2011-09-01,31.8,60.1,56.40,1000.4
2011-09-02,25.0,49.3,10.10,1000.8
2011-09-03,16.1,29.2,26.90,1001.7
2011-09-04,16.2,29.9,29.80,1001.8
2011-09-05,20.9,36.0,43.50,1000.6
2011-09-06,23.1,43.9,48.60,999.7
2011-09-07,26.5,50.8,1.80,999.2
2011-09-08,18.7,40.7,10.40,999.3
2011-09-09,16.8,40.7,10.00,1001.5
2011-09-10,11.4,26.3,0.10,1003.4
2011-09-11,10.6,26.6,5.70,1002.7
2011-09-12,10.7,25.6,0.20,1002.3
2011-09-13,11.5,29.5,3.80,1001.9
2011-09-14,10.9,21.2,16.60,1001.4
2011-09-15,19.1,27.7,24.40,1001.7
2011-09-16,20.9,38.9,7.50,1002.6
2011-09-17,19.3,34.6,3.60,1001.5
2011-09-18,15.9,33.8,23.20,1002.1
2011-09-19,12.8,25.9,20.80,1003.4
2011-09-20,12.6,29.9,13.70,1002.9
2011-09-21,21.0,30.6,47.40,1000.0
2011-09-22,26.3,51.1,69.20,998.7
2011-09-23,21.7,50.0,0.20,1000.4
2011-09-24,21.4,41.0,0.00,1003.0
2011-09-25,17.1,34.6,0.80,1004.9
2011-09-26,16.3,29.5,0.60,1005.5
2011-09-27,7.1,22.7,0.80,1004.9
2011-09-28,7.6,20.2,0.00,1004.6
2011-09-29,9.2,24.5,0.00,1004.7
2011-09-30,9.2,26.3,0.60,1004.9
2011-10-01,9.7,23.4,0.00,1004.8
2011-10-02,9.6,23.4,0.00,1004.9
2011-10-03,8.1,19.4,0.00,1005.2
2011-10-04,8.0,25.6,0.40,1005.9
2011-10-05,8.0,20.2,0.90,1008.0
2011-10-06,8.8,27.4,5.90,1009.3
2011-10-07,11.1,25.9,8.90,1009.0
2011-10-08,10.5,26.6,9.50,1009.0
2011-10-09,10.9,27.0,9.40,1009.4
2011-10-10,10.1,24.8,0.80,1010.2
2011-10-11,8.7,22.3,0.00,1010.5
2011-10-12,9.0,20.5,0.00,1009.5
2011-10-13,7.0,19.8,3.30,1008.1
2011-10-14,8.0,23.0,2.80,1007.4
2011-10-15,7.4,17.6,1.60,1006.9
2011-10-16,7.6,20.2,0.00,1007.3
2011-10-17,14.0,30.2,1.30,1007.8
2011-10-18,16.1,34.2,8.20,1007.2
2011-10-19,17.7,38.9,0.60,1005.8
2011-10-20,11.1,27.4,5.90,1007.7
2011-10-21,9.3,22.0,10.30,1008.8
2011-10-22,7.2,20.2,7.20,1009.4
2011-10-23,10.0,22.3,0.10,1010.3
2011-10-24,13.1,31.0,0.00,1010.7
2011-10-25,10.2,27.4,0.00,1010.4
2011-10-26,9.7,22.3,0.00,1011.1
2011-10-27,8.4,19.8,0.00,1011.5
2011-10-28,13.5,28.8,0.00,1011.8
2011-10-29,14.4,32.0,0.00,1011.3
2011-10-30,9.4,23.4,0.00,1010.5
2011-10-31,8.6,19.8,0.00,1011.1
2011-11-01,9.2,17.6,0.00,1011.5
2011-11-02,8.7,18.4,0.00,1011.0
2011-11-03,8.7,17.3,0.00,1011.0
2011-11-04,8.6,13.7,0.00,1011.7
2011-11-05,8.5,13.7,0.00,1011.8
2011-11-06,9.0,15.8,0.00,1011.2
2011-11-07,8.8,20.5,0.00,1010.9
2011-11-08,12.8,25.2,0.00,1011.2
2011-11-09,10.8,25.6,0.00,1011.2
2011-11-10,8.5,18.0,0.00,1011.2
2011-11-11,7.6,16.6,0.00,1011.3
2011-11-12,8.1,19.4,0.00,1011.5
2011-11-13,8.5,23.0,0.00,1012.4
2011-11-14,7.8,23.0,0.00,1013.1
2011-11-15,8.7,18.0,0.00,1013.5
2011-11-16,8.5,18.7,0.00,1012.8
2011-11-17,8.4,17.3,0.00,1012.7
2011-11-18,8.7,18.7,0.00,1012.1
2011-11-19,8.4,16.9,0.00,1012.3
2011-11-20,9.0,21.6,0.00,1013.7
2011-11-21,10.5,25.2,0.00,1014.6
2011-11-22,11.7,26.3,0.00,1013.9
2011-11-23,14.7,33.1,0.00,1013.7
2011-11-24,11.9,29.5,0.00,1014.0
2011-11-25,13.9,29.5,0.00,1013.0
2011-11-26,13.5,30.6,0.00,1012.5
2011-11-27,9.4,25.2,0.00,1012.3
2011-11-28,11.2,19.1,0.00,1010.9
2011-11-29,9.1,23.0,0.00,1010.5
2011-11-30,7.9,21.2,1.00,1010.7
2011-12-01,10.7,24.8,1.90,1011.5
2011-12-02,8.7,20.2,0.20,1010.4
2011-12-03,8.7,16.6,0.00,1008.8
2011-12-04,8.7,20.2,0.00,1009.9
2011-12-05,8.7,18.7,0.00,1011.2
2011-12-06,7.9,21.2,0.00,1011.8
2011-12-07,10.9,27.4,0.00,1012.7
2011-12-08,13.0,31.0,0.00,1012.8
2011-12-09,9.0,23.4,0.00,1012.8
2011-12-10,11.1,22.0,0.00,1011.9
2011-12-11,9.9,23.8,0.00,1012.5
2011-12-12,9.2,22.0,0.00,1013.9
2011-12-13,10.3,24.8,0.00,1014.3
2011-12-14,14.3,25.6,0.00,1014.9
2011-12-15,11.1,25.9,0.00,1014.9
2011-12-16,10.1,23.4,0.00,1015.1
2011-12-17,11.5,27.7,0.00,1015.1
2011-12-18,13.9,32.0,0.00,1015.8
2011-12-19,12.1,28.8,0.00,1015.0
2011-12-20,15.0,33.5,0.00,1014.3
2011-12-21,16.5,34.6,0.00,1014.5
2011-12-22,14.3,34.9,0.00,1014.3
2011-12-23,16.6,35.6,0.00,1012.9
2011-12-24,17.3,36.0,0.00,1012.4
2011-12-25,17.5,38.5,0.00,1012.7
2011-12-26,18.2,37.1,0.00,1012.9
2011-12-27,18.1,39.6,0.00,1012.8
2011-12-28,23.1,43.6,2.00,1013.6
2011-12-29,18.1,38.2,0.20,1014.5
2011-12-30,15.7,33.5,0.00,1015.0
2011-12-31,15.0,31.3,0.40,1015.7
2012-01-01,11.1,26.3,0.00,1013.9
2012-01-02,12.1,24.1,0.40,1013.6
2012-01-03,12.4,26.6,0.00,1012.6
2012-01-04,9.2,31.0,1.50,1013.1
2012-01-05,11.5,26.6,1.90,1014.0
2012-01-06,13.5,30.2,0.90,1014.7
2012-01-07,13.4,31.7,2.80,1016.3
2012-01-08,15.7,30.2,0.50,1015.9
2012-01-09,10.8,28.1,1.70,1014.6
2012-01-10,15.3,31.0,7.10,1015.2
2012-01-11,19.5,39.2,0.00,1016.4
2012-01-12,14.3,32.8,0.00,1015.9
2012-01-13,13.1,30.6,0.00,1016.3
2012-01-14,12.9,31.0,0.00,1015.2
2012-01-15,9.4,18.0,0.00,1013.5
2012-01-16,9.2,20.2,0.00,1011.0
2012-01-17,13.8,29.2,0.00,1009.3
2012-01-18,14.8,31.0,0.00,1009.0
2012-01-19,17.7,37.4,0.00,1009.9
2012-01-20,15.1,30.2,0.00,1010.7
2012-01-21,16.4,37.1,0.00,1012.3
2012-01-22,14.8,31.3,0.00,1014.7
2012-01-23,10.6,21.6,0.00,1014.5
2012-01-24,13.0,25.9,0.00,1013.6
2012-01-25,14.8,30.2,0.00,1013.3
2012-01-26,10.7,25.2,0.00,1013.1
2012-01-27,14.0,30.2,0.00,1013.5
2012-01-28,14.8,30.6,0.00,1013.3
2012-01-29,15.2,31.7,0.00,1013.6
2012-01-30,17.1,32.0,0.00,1014.9
2012-01-31,17.4,36.0,0.00,1015.7
2012-02-01,15.2,32.8,0.00,1015.4
2012-02-02,16.8,40.7,0.00,1016.5
2012-02-03,10.9,26.6,0.00,1015.8
2012-02-04,12.7,26.3,0.00,1014.5
2012-02-05,10.8,24.1,0.00,1014.1
2012-02-06,12.7,26.6,0.00,1012.8
2012-02-07,14.1,28.8,0.00,1012.2
2012-02-08,17.3,36.4,0.00,1010.6
2012-02-09,16.1,36.4,0.00,1011.0
2012-02-10,17.4,37.4,0.00,1012.9
2012-02-11,18.0,37.4,0.00,1013.5
2012-02-12,15.5,34.2,0.00,1013.9
2012-02-13,17.1,35.6,0.00,1013.9
2012-02-14,14.6,32.0,0.00,1012.8
2012-02-15,16.8,33.8,0.00,1011.1
2012-02-16,15.9,34.6,0.00,1011.0
2012-02-17,16.6,34.2,0.00,1011.8
2012-02-18,15.0,30.2,0.00,1012.4
2012-02-19,13.7,31.0,0.00,1011.6
2012-02-20,13.8,28.8,0.00,1010.4
2012-02-21,13.4,26.6,0.00,1009.2
2012-02-22,16.3,34.2,0.00,1008.6
2012-02-23,12.6,22.3,0.00,1008.5
2012-02-24,13.1,25.6,0.00,1008.4
2012-02-25,15.2,30.2,0.00,1007.9
2012-02-26,17.9,36.0,0.00,1006.7
2012-02-27,15.3,33.1,0.00,1007.3
2012-02-28,22.0,43.9,0.00,1004.8
2012-02-29,21.2,43.6,0.00,1004.3
2012-03-01,21.2,41.8,0.60,1006.6
2012-03-02,25.6,50.0,0.50,1005.3
2012-03-03,16.8,31.0,0.60,1004.9
2012-03-04,16.4,34.2,0.00,1007.8
2012-03-05,20.2,37.8,0.00,1007.6
2012-03-06,22.2,43.9,0.00,1006.0
2012-03-07,24.3,49.7,0.00,1003.8
2012-03-08,18.7,39.6,0.00,1004.6
2012-03-09,20.5,41.4,0.00,1005.3
2012-03-10,14.9,32.0,0.00,1007.7
2012-03-11,16.5,35.3,0.00,1010.4
2012-03-12,15.6,34.9,0.00,1012.6
2012-03-13,13.6,25.9,0.00,1012.0
2012-03-14,14.1,32.0,0.30,1011.3
2012-03-15,16.4,36.4,0.00,1011.7
2012-03-16,19.5,39.6,0.40,1010.9
2012-03-17,22.8,45.0,0.00,1009.1
2012-03-18,23.1,44.3,0.00,1008.4
2012-03-19,20.6,41.0,0.00,1008.2
2012-03-20,18.4,34.9,0.00,1008.6
2012-03-21,19.6,39.6,0.00,1008.0
2012-03-22,21.5,42.8,0.00,1007.8
2012-03-23,16.8,33.1,0.00,1009.5
2012-03-24,20.3,41.8,0.00,1010.3
2012-03-25,19.8,40.3,0.00,1010.3
2012-03-26,20.0,41.4,0.00,1010.7
2012-03-27,20.1,42.1,0.00,1011.1
2012-03-28,19.3,38.9,0.00,1011.7
2012-03-29,20.6,42.8,0.00,1009.8
2012-03-30,19.7,41.4,0.00,1008.7
2012-03-31,14.5,29.2,3.80,1010.1
2012-04-01,11.3,32.4,0.40,1010.8
2012-04-02,15.5,32.4,0.00,1010.9
2012-04-03,19.2,41.4,0.00,1011.3
2012-04-04,21.6,45.7,0.00,1009.8
2012-04-05,20.3,41.0,0.00,1008.5
2012-04-06,19.7,43.6,0.10,1007.5
2012-04-07,19.9,44.3,0.00,1007.5
2012-04-08,26.3,53.3,0.00,1006.8
2012-04-09,29.4,58.3,0.00,1006.5
2012-04-10,27.1,52.9,0.00,1007.3
2012-04-11,27.0,55.1,0.00,1007.6
2012-04-12,22.9,47.2,0.00,1005.2
2012-04-13,22.4,44.6,0.00,1006.4
2012-04-14,18.8,38.5,0.00,1008.5
2012-04-15,20.0,41.8,0.00,1007.6
2012-04-16,20.0,42.5,0.00,1005.9
2012-04-17,18.3,41.8,1.60,1004.6
2012-04-18,23.1,47.5,0.00,1004.0
2012-04-19,22.4,45.0,0.00,1004.7
2012-04-20,22.6,46.1,0.00,1005.9
2012-04-21,19.9,39.6,0.00,1005.2
2012-04-22,23.1,48.6,0.00,1004.0
2012-04-23,18.9,41.8,0.00,1004.6
2012-04-24,23.0,43.9,0.00,1005.5
2012-04-25,21.3,47.5,0.00,1006.3
2012-04-26,23.2,45.4,0.00,1006.6
2012-04-27,20.8,43.6,0.00,1005.1
2012-04-28,22.7,44.3,0.00,1003.3
2012-04-29,24.5,47.9,0.10,1003.2
2012-04-30,25.9,50.8,0.00,1002.7
2012-05-01,25.1,51.1,0.00,1003.2
2012-05-02,23.9,49.0,0.00,1003.7
2012-05-03,25.8,49.0,0.00,1003.3
2012-05-04,23.4,49.0,32.70,1003.5
2012-05-05,15.8,33.8,1.00,1005.3
2012-05-06,11.9,25.6,0.00,1005.4
2012-05-07,16.0,35.3,0.00,1004.1
2012-05-08,20.2,42.5,0.00,1004.2
2012-05-09,20.5,41.0,0.00,1005.8
2012-05-10,16.6,33.8,1.90,1007.3
2012-05-11,21.4,42.5,0.60,1005.2
2012-05-12,24.1,49.3,0.00,1003.0
2012-05-13,22.8,46.1,0.00,1002.6
2012-05-14,26.2,51.5,0.00,1002.7
2012-05-15,24.4,46.4,0.00,1003.3
2012-05-16,21.4,40.3,0.20,1001.5
2012-05-17,22.7,46.4,0.00,1000.9
2012-05-18,21.8,43.9,0.00,1001.2
2012-05-19,22.0,42.1,0.00,1002.8
2012-05-20,22.7,45.0,0.00,1002.3
2012-05-21,22.8,45.4,0.00,1002.4
2012-05-22,22.8,47.5,0.00,1002.1
2012-05-23,24.1,49.0,0.00,1001.1
2012-05-24,21.8,44.3,0.00,999.3
2012-05-25,19.8,41.8,0.00,999.2
2012-05-26,23.4,43.9,0.00,999.9
2012-05-27,21.3,41.0,0.00,999.6
2012-05-28,18.7,41.0,0.40,999.5
2012-05-29,14.9,31.7,0.00,1000.8
2012-05-30,21.5,42.5,0.00,999.0
2012-05-31,23.5,48.6,0.00,997.6
2012-06-01,22.8,46.8,0.00,997.8
2012-06-02,21.1,42.1,0.00,997.1
2012-06-03,21.2,43.6,0.00,996.0
2012-06-04,26.1,52.2,0.00,996.6
2012-06-05,22.8,41.4,0.00,996.7
2012-06-06,22.1,44.6,0.00,996.3
2012-06-07,19.6,42.1,0.00,997.1
2012-06-08,19.1,40.0,1.10,998.6
2012-06-09,20.7,40.0,0.20,998.0
2012-06-10,22.1,47.2,1.20,997.0
2012-06-11,21.3,40.0,0.50,997.3
2012-06-12,21.3,42.5,0.00,998.7
2012-06-13,21.9,43.6,1.20,1000.4
2012-06-14,27.9,51.8,0.00,1001.0
2012-06-15,26.7,51.1,0.00,999.2
2012-06-16,21.7,41.4,1.30,997.2
2012-06-17,15.4,32.8,35.10,998.1
2012-06-18,17.0,28.1,11.30,997.4
2012-06-19,16.9,31.0,44.20,996.3
2012-06-20,18.8,32.8,15.60,994.8
2012-06-21,20.9,42.1,10.10,995.4
2012-06-22,27.2,55.8,39.00,998.3
2012-06-23,23.1,58.3,0.30,999.2
2012-06-24,21.6,37.8,11.60,1000.1
2012-06-25,28.2,51.5,0.00,1001.0
2012-06-26,25.6,48.6,9.40,1000.2
2012-06-27,22.8,45.4,2.00,1000.3
2012-06-28,18.2,30.2,0.70,999.5
2012-06-29,16.1,28.1,0.00,998.8
2012-06-30,19.9,32.8,6.20,996.8
2012-07-01,17.3,43.9,34.10,996.0
2012-07-02,14.3,36.4,11.30,995.5
2012-07-03,28.7,65.9,14.20,994.6
2012-07-04,22.2,42.8,8.40,996.2
2012-07-05,15.7,36.0,10.50,997.8
2012-07-06,15.9,39.6,20.40,998.0
2012-07-07,15.8,34.6,11.60,996.9
2012-07-08,15.6,32.0,6.30,997.0
2012-07-09,15.1,32.8,15.30,999.0
2012-07-10,19.5,38.9,2.10,1002.0
2012-07-11,22.2,44.6,8.30,1003.0
2012-07-12,18.5,38.2,9.20,1002.6
2012-07-13,17.9,34.2,7.50,1001.8
2012-07-14,20.2,44.3,12.80,1000.5
2012-07-15,20.0,41.8,7.00,1001.2
2012-07-16,18.6,35.3,9.50,1002.8
2012-07-17,20.7,39.6,11.50,1002.5
2012-07-18,19.9,40.0,17.80,1000.2
2012-07-19,14.1,25.2,36.10,998.7
2012-07-20,14.6,28.8,26.50,997.7
2012-07-21,18.0,39.2,13.80,998.1
2012-07-22,24.3,48.2,0.10,998.8
2012-07-23,22.3,44.3,0.00,997.7
2012-07-24,16.9,41.4,9.10,997.4
2012-07-25,19.8,40.3,23.80,998.1
2012-07-26,18.2,34.6,24.70,997.2
2012-07-27,16.6,36.7,5.10,996.9
2012-07-28,21.6,38.2,2.90,998.4
2012-07-29,21.4,38.5,21.00,999.0
2012-07-30,23.2,49.7,47.20,998.2
2012-07-31,27.8,59.0,4.70,998.4
2012-08-01,23.1,45.0,1.00,999.1
2012-08-02,16.8,35.6,0.40,998.1
2012-08-03,13.8,24.5,12.80,995.7
2012-08-04,19.2,34.2,14.30,994.9
2012-08-05,20.1,34.2,26.90,996.0
2012-08-06,24.4,49.7,1.50,998.2
2012-08-07,20.8,41.0,0.00,1000.8
2012-08-08,18.9,41.0,4.40,1001.2
2012-08-09,16.0,29.9,27.60,999.2
2012-08-10,13.4,27.7,23.40,998.3
2012-08-11,20.2,35.6,10.40,1000.7
2012-08-12,23.4,40.7,2.10,1002.7
2012-08-13,20.6,37.1,5.00,1002.5
2012-08-14,15.8,40.3,16.40,1002.1
2012-08-15,12.6,29.5,3.60,1002.1
2012-08-16,14.5,32.0,18.30,1000.9
2012-08-17,13.8,24.1,57.60,999.3
2012-08-18,17.2,32.4,18.30,997.3
2012-08-19,19.0,38.5,1.40,999.8
2012-08-20,27.2,54.7,0.40,1002.2
2012-08-21,25.0,49.3,10.90,1003.4
2012-08-22,21.3,43.2,5.80,1004.9
2012-08-23,14.8,33.5,4.80,1004.9
2012-08-24,13.0,24.1,20.40,1003.6
2012-08-25,13.1,28.1,47.70,1002.7
2012-08-26,12.0,31.7,5.20,1001.4
2012-08-27,15.5,34.6,0.30,1001.2
2012-08-28,13.3,30.6,2.00,1002.2
2012-08-29,18.8,40.7,2.00,1003.5
2012-08-30,19.2,40.7,3.30,1003.0
2012-08-31,18.3,40.0,1.00,1002.1
2012-09-01,18.8,33.8,15.00,1001.4
2012-09-02,13.5,27.7,28.00,1000.6
2012-09-03,21.8,37.1,9.20,997.8
2012-09-04,26.5,49.7,5.20,998.9
2012-09-05,25.2,50.4,4.40,1002.0
2012-09-06,14.7,28.4,38.00,1005.3
2012-09-07,8.0,22.3,15.20,1005.1
2012-09-08,15.5,29.5,6.50,1003.4
2012-09-09,12.8,24.1,7.20,1002.0
2012-09-10,11.8,30.6,13.50,1002.5
2012-09-11,18.1,36.4,11.80,1002.9
2012-09-12,16.0,33.1,4.20,1003.5
2012-09-13,17.6,35.3,8.30,1003.7
2012-09-14,15.3,37.8,7.00,1002.5
2012-09-15,13.8,36.4,16.00,1000.9
2012-09-16,12.0,27.7,19.20,1001.8
2012-09-17,13.3,28.8,5.90,1004.5
2012-09-18,10.7,24.5,9.40,1004.9
2012-09-19,12.9,29.2,2.10,1004.6
2012-09-20,16.2,36.4,2.00,1005.3
2012-09-21,14.0,31.0,4.60,1005.5
2012-09-22,14.4,31.0,4.10,1005.7
2012-09-23,11.6,27.0,4.50,1004.8
2012-09-24,8.7,23.0,7.00,1004.6
2012-09-25,7.9,22.7,0.00,1005.4
2012-09-26,8.7,23.8,0.20,1007.7
2012-09-27,9.6,29.9,5.00,1008.4
2012-09-28,11.3,29.5,0.60,1007.8
2012-09-29,18.0,41.0,1.80,1007.6
2012-09-30,20.4,40.7,1.30,1007.7
2012-10-01,17.4,39.6,1.10,1008.3
2012-10-02,20.1,42.5,9.90,1008.4
2012-10-03,24.3,47.2,1.70,1006.6
2012-10-04,25.6,49.3,2.70,1004.5
2012-10-05,11.2,27.7,0.30,1005.5
2012-10-06,10.2,24.8,0.00,1007.8
2012-10-07,17.9,33.5,7.20,1008.0
2012-10-08,18.4,38.5,23.60,1006.5
2012-10-09,22.1,43.9,2.60,1006.3
2012-10-10,9.7,24.1,1.80,1007.3
2012-10-11,13.0,28.1,0.20,1008.3
2012-10-12,12.5,26.6,1.10,1009.3
2012-10-13,12.4,31.0,6.70,1009.9
2012-10-14,8.7,21.6,1.60,1010.6
2012-10-15,11.7,29.2,0.00,1012.1
2012-10-16,11.0,24.1,0.00,1013.0
2012-10-17,12.5,27.0,0.00,1012.5
2012-10-18,12.8,29.2,0.00,1012.2
2012-10-19,11.8,27.7,0.00,1012.5
2012-10-20,13.8,31.3,0.00,1013.1
2012-10-21,13.5,29.5,0.00,1013.1
2012-10-22,10.6,27.4,0.00,1012.9
2012-10-23,12.0,25.2,0.00,1012.0
2012-10-24,7.8,21.6,0.00,1011.0
2012-10-25,7.7,15.8,0.00,1010.4
2012-10-26,13.8,28.4,0.00,1010.7
2012-10-27,12.8,31.3,0.00,1010.9
2012-10-28,16.3,35.6,0.00,1011.3
2012-10-29,16.4,35.6,0.00,1010.9
2012-10-30,16.6,33.8,0.00,1010.5
2012-10-31,15.9,32.0,0.00,1010.9
2012-11-01,14.7,30.6,1.00,1011.1
2012-11-02,8.7,21.2,10.30,1010.5
2012-11-03,10.7,31.7,16.80,1010.4
2012-11-04,13.9,28.1,5.40,1009.6
2012-11-05,15.6,36.0,7.70,1009.4
2012-11-06,13.5,30.6,4.20,1009.9
2012-11-07,7.6,19.4,18.10,1010.2
2012-11-08,7.4,20.2,1.40,1009.3
2012-11-09,12.9,27.4,0.00,1011.1
2012-11-10,9.2,20.2,0.00,1012.8
2012-11-11,8.3,15.1,0.00,1012.5
2012-11-12,8.9,22.0,0.00,1012.9
2012-11-13,9.7,24.1,0.00,1013.2
2012-11-14,13.5,28.8,0.00,1011.7
2012-11-15,21.3,41.8,0.00,1011.8
2012-11-16,22.5,45.4,0.00,1012.3
2012-11-17,24.0,45.7,2.10,1011.0
2012-11-18,18.7,37.4,1.70,1010.4
2012-11-19,18.7,37.1,0.60,1010.3
2012-11-20,19.9,37.8,0.00,1011.9
2012-11-21,15.5,32.8,0.00,1012.4
2012-11-22,11.4,27.7,0.00,1012.1
2012-11-23,8.8,18.0,0.00,1012.1
2012-11-24,8.3,15.8,0.10,1011.8
2012-11-25,8.1,20.5,0.00,1012.8
2012-11-26,9.0,16.6,0.00,1013.3
2012-11-27,8.9,18.7,0.00,1012.3
2012-11-28,8.9,14.4,0.00,1012.2
2012-11-29,8.7,16.2,0.00,1011.0
2012-11-30,9.2,21.2,0.00,1011.3
2012-12-01,16.5,34.9,0.00,1012.4
2012-12-02,16.6,34.2,0.00,1013.8
2012-12-03,14.7,33.5,0.00,1013.9
2012-12-04,11.6,27.7,0.00,1013.2
2012-12-05,9.1,20.2,0.00,1013.2
2012-12-06,9.8,16.9,0.00,1013.1
2012-12-07,11.5,25.6,0.00,1012.2
2012-12-08,11.1,23.4,0.00,1011.9
2012-12-09,9.3,18.7,0.00,1011.3
2012-12-10,11.9,25.2,0.00,1011.6
2012-12-11,15.2,30.6,0.00,1011.6
2012-12-12,12.0,29.9,2.20,1011.7
2012-12-13,10.5,26.6,0.90,1013.1
2012-12-14,10.9,22.3,0.10,1015.8
2012-12-15,9.5,24.8,0.00,1015.9
2012-12-16,12.1,30.2,0.00,1016.1
2012-12-17,13.7,30.2,0.00,1014.9
2012-12-18,11.0,28.8,0.00,1014.4
2012-12-19,9.5,23.4,0.00,1013.1
2012-12-20,9.4,16.9,0.00,1012.4
2012-12-21,8.6,17.6,0.00,1013.4
2012-12-22,10.2,27.0,0.00,1013.9
2012-12-23,18.7,41.0,0.00,1014.8
2012-12-24,13.9,30.2,0.00,1013.9
2012-12-25,9.2,22.3,0.00,1012.9
2012-12-26,13.4,28.4,0.00,1013.1
2012-12-27,14.3,31.0,0.00,1013.0
2012-12-28,10.3,25.9,0.00,1011.9
2012-12-29,9.3,21.6,0.00,1012.3
2012-12-30,9.4,17.6,0.00,1012.3
2012-12-31,8.7,17.3,0.00,1011.7
2013-01-01,9.9,24.1,0.00,1012.5
2013-01-02,14.2,31.7,0.00,1012.6
2013-01-03,11.1,31.0,0.40,1012.6
2013-01-04,13.1,27.4,0.30,1012.8
2013-01-05,12.5,25.2,0.10,1011.9
2013-01-06,12.9,29.2,0.00,1012.5
2013-01-07,9.4,19.8,0.00,1012.9
2013-01-08,14.2,29.5,0.00,1014.2
2013-01-09,12.7,27.0,0.00,1015.0
2013-01-10,9.1,17.6,0.00,1013.8
2013-01-11,7.3,21.2,0.00,1013.7
2013-01-12,8.4,23.4,0.00,1014.4
2013-01-13,9.5,19.8,0.00,1013.3
2013-01-14,13.6,28.8,0.00,1012.9
2013-01-15,13.5,28.8,0.00,1014.7
2013-01-16,12.1,27.0,0.00,1015.7
2013-01-17,9.8,23.8,0.00,1016.1
2013-01-18,10.7,27.4,0.00,1016.1
2013-01-19,9.4,24.5,0.00,1015.5
2013-01-20,11.7,26.3,0.00,1015.1
2013-01-21,14.8,32.4,0.70,1016.9
2013-01-22,16.0,36.7,0.00,1017.3
2013-01-23,14.6,34.9,0.00,1016.9
2013-01-24,18.0,36.0,0.00,1016.5
2013-01-25,16.9,35.6,0.00,1016.6
2013-01-26,13.5,29.5,0.00,1016.6
2013-01-27,12.0,28.1,0.00,1016.5
2013-01-28,11.5,27.7,0.00,1015.7
2013-01-29,12.7,27.4,0.00,1014.7
2013-01-30,11.8,27.4,0.00,1015.6
2013-01-31,12.0,27.4,0.00,1016.3
2013-02-01,10.2,22.3,0.00,1016.2
2013-02-02,10.6,23.0,0.00,1015.1
2013-02-03,10.4,25.2,0.00,1014.4
2013-02-04,13.2,29.9,0.00,1015.8
2013-02-05,13.6,29.9,0.00,1016.4
2013-02-06,11.2,23.4,0.00,1014.9
2013-02-07,14.3,29.5,0.00,1012.3
2013-02-08,15.1,34.2,0.00,1012.5
2013-02-09,17.7,37.1,0.00,1013.7
2013-02-10,17.2,39.2,0.00,1013.9
2013-02-11,13.7,32.8,0.00,1013.5
2013-02-12,12.2,28.1,0.00,1013.4
2013-02-13,12.5,29.9,0.00,1012.5
2013-02-14,15.8,32.4,0.00,1012.4
2013-02-15,12.1,28.8,0.00,1012.2
2013-02-16,15.5,32.0,0.20,1011.2
2013-02-17,14.8,36.7,1.70,1009.9
2013-02-18,14.5,28.1,3.70,1011.5
2013-02-19,15.8,32.8,0.00,1013.1
2013-02-20,12.4,24.5,0.00,1013.4
2013-02-21,12.5,29.9,0.00,1014.0
2013-02-22,12.3,28.8,0.00,1015.1
2013-02-23,11.9,26.3,0.00,1014.2
2013-02-24,12.0,25.6,0.00,1013.8
2013-02-25,14.5,31.0,0.00,1013.9
2013-02-26,15.2,33.1,0.00,1014.0
2013-02-27,14.7,32.0,0.00,1012.9
2013-02-28,12.8,28.8,0.00,1011.1
2013-03-01,15.9,32.4,0.00,1012.0
2013-03-02,15.5,32.0,0.00,1013.2
2013-03-03,14.5,31.7,0.00,1013.3
2013-03-04,16.2,34.9,0.00,1014.0
2013-03-05,16.0,35.6,0.00,1014.5
2013-03-06,16.9,34.9,0.00,1014.2
2013-03-07,17.7,37.4,0.00,1013.9
2013-03-08,18.5,36.7,0.00,1013.2
2013-03-09,18.0,35.3,0.00,1010.9
2013-03-10,21.3,42.1,0.00,1009.7
2013-03-11,19.9,39.2,0.00,1010.3
2013-03-12,23.2,43.9,0.00,1009.3
2013-03-13,17.8,34.6,0.00,1010.0
2013-03-14,19.5,39.6,0.00,1011.2
2013-03-15,12.0,32.0,0.20,1012.3
2013-03-16,15.3,36.0,0.00,1013.4
2013-03-17,12.6,33.8,4.00,1012.5
2013-03-18,19.9,39.6,0.00,1010.0
2013-03-19,20.5,41.0,0.00,1009.3
2013-03-20,20.2,39.2,0.00,1009.6
2013-03-21,19.5,39.2,0.00,1008.0
2013-03-22,21.7,42.5,0.00,1006.2
2013-03-23,21.0,44.6,0.00,1008.6
2013-03-24,20.1,41.8,0.00,1009.5
2013-03-25,21.3,41.0,0.00,1007.0
2013-03-26,19.2,39.2,0.00,1005.7
2013-03-27,15.3,35.6,0.00,1006.9
2013-03-28,17.7,38.9,0.00,1007.8
2013-03-29,13.0,33.5,0.00,1008.4
2013-03-30,22.0,45.0,0.00,1006.4
2013-03-31,20.2,42.1,0.00,1006.6
2013-04-01,19.5,42.5,0.00,1008.3
2013-04-02,19.8,41.8,0.00,1008.8
2013-04-03,18.8,41.8,0.00,1008.0
2013-04-04,19.0,40.7,0.00,1004.7
2013-04-05,18.4,38.5,0.00,1004.4
2013-04-06,19.3,38.5,0.00,1005.3
2013-04-07,21.6,45.4,0.00,1005.0
2013-04-08,21.4,43.6,0.00,1005.8
2013-04-09,22.5,45.4,0.00,1006.6
2013-04-10,21.9,44.6,0.00,1006.1
2013-04-11,22.8,47.9,0.00,1005.9
2013-04-12,23.7,48.2,0.00,1007.5
2013-04-13,22.3,46.1,0.00,1008.4
2013-04-14,18.5,41.4,0.00,1008.6
2013-04-15,22.2,41.4,0.00,1006.1
2013-04-16,24.0,50.0,0.00,1003.2
2013-04-17,24.4,49.3,0.00,1002.1
2013-04-18,26.0,48.2,1.70,1004.2
2013-04-19,26.0,55.8,10.80,1005.3
2013-04-20,23.7,47.2,2.30,1007.7
2013-04-21,13.7,38.5,9.00,1008.8
2013-04-22,16.4,36.4,4.50,1009.6
2013-04-23,15.2,32.8,1.10,1010.1
2013-04-24,14.4,33.5,0.90,1010.2
2013-04-25,15.1,32.0,0.20,1009.5
2013-04-26,17.4,36.4,0.00,1008.9
2013-04-27,21.6,41.0,0.00,1006.7
2013-04-28,21.9,42.1,0.00,1004.8
2013-04-29,23.2,44.6,0.00,1005.1
2013-04-30,22.3,45.4,0.00,1005.4
2013-05-01,26.1,50.0,0.00,1003.2
2013-05-02,29.0,51.8,0.00,1001.1
2013-05-03,29.0,58.0,0.00,1001.4
2013-05-04,31.3,59.0,0.00,1002.6
2013-05-05,28.7,57.2,0.00,1005.0
2013-05-06,30.8,59.8,0.00,1004.5
2013-05-07,28.9,57.6,0.00,1003.8
2013-05-08,28.7,57.6,0.00,1002.7
2013-05-09,26.9,54.4,0.00,1002.6
2013-05-10,27.2,54.4,0.00,1002.4
2013-05-11,25.1,49.7,0.00,1001.3
2013-05-12,24.1,51.1,0.00,1003.6
2013-05-13,18.7,39.6,0.00,1004.0
2013-05-14,17.7,36.7,0.00,1002.4
2013-05-15,15.6,37.1,4.50,1000.2
2013-05-16,19.9,40.0,0.30,1000.7
2013-05-17,27.4,55.1,0.00,1003.0
2013-05-18,27.7,55.4,0.20,1002.9
2013-05-19,30.5,59.8,0.00,1001.8
2013-05-20,27.3,57.6,0.00,1001.2
2013-05-21,30.1,58.7,0.00,1001.2
2013-05-22,23.7,48.6,0.00,999.9
2013-05-23,23.6,47.2,0.00,999.4
2013-05-24,24.4,53.3,0.00,998.4
2013-05-25,17.3,42.1,0.00,998.2
2013-05-26,16.7,36.7,0.30,999.5
2013-05-27,11.5,30.2,10.10,1001.0
2013-05-28,10.9,33.8,5.00,1000.0
2013-05-29,19.1,27.7,58.90,999.1
2013-05-30,25.3,61.2,21.00,997.4
2013-05-31,28.3,53.6,0.00,1001.1
2013-06-01,21.3,42.5,1.80,1003.3
2013-06-02,15.1,33.1,0.10,1003.1
2013-06-03,14.0,31.3,0.80,1002.3
2013-06-04,12.3,29.2,2.20,1002.7
2013-06-05,13.7,30.6,0.00,1002.6
2013-06-06,16.2,37.8,0.80,1001.6
2013-06-07,18.4,37.4,0.80,1001.2
2013-06-08,18.1,39.6,2.60,1000.0
2013-06-09,16.3,32.8,17.50,999.0
2013-06-10,13.4,29.5,26.00,998.6
2013-06-11,9.3,23.0,52.10,998.8
2013-06-12,22.4,30.6,21.00,995.3
2013-06-13,20.0,43.9,22.60,994.1
2013-06-14,26.7,55.1,4.00,995.1
2013-06-15,22.1,43.9,1.70,998.3
2013-06-16,18.5,37.4,1.70,1000.6
2013-06-17,14.5,34.2,0.60,1000.6
2013-06-18,13.5,28.8,0.50,998.6
2013-06-19,15.3,26.6,17.80,998.7
2013-06-20,13.7,31.7,5.20,999.3
2013-06-21,16.0,29.9,10.10,998.7
2013-06-22,17.5,31.3,24.30,997.4
2013-06-23,13.4,31.3,15.50,995.1
2013-06-24,22.0,45.4,6.30,992.8
2013-06-25,29.8,56.5,3.10,996.8
2013-06-26,26.0,51.8,0.90,1000.0
2013-06-27,26.1,48.6,2.30,999.9
2013-06-28,24.5,50.8,9.60,999.8
2013-06-29,23.4,42.5,15.20,1000.1
2013-06-30,20.4,45.7,4.10,1000.0
2013-07-01,18.1,41.0,4.50,998.2
2013-07-02,17.3,37.8,17.10,998.1
2013-07-03,22.7,40.3,1.20,999.4
2013-07-04,18.2,34.6,12.30,999.9
2013-07-05,15.5,33.5,6.90,1000.2
2013-07-06,13.2,31.3,2.20,1002.2
2013-07-07,16.1,36.7,0.20,1002.7
2013-07-08,12.0,27.0,0.40,1001.0
2013-07-09,10.5,25.9,3.80,998.8
2013-07-10,15.2,31.7,3.10,997.0
2013-07-11,17.1,34.9,7.50,995.6
2013-07-12,28.0,52.9,2.90,998.6
2013-07-13,25.0,46.8,3.00,1000.3
2013-07-14,12.0,24.1,24.50,999.2
2013-07-15,11.2,26.3,4.00,998.4
2013-07-16,16.6,34.2,10.80,997.9
2013-07-17,18.4,40.0,0.60,998.1
2013-07-18,14.5,28.8,2.20,996.3
2013-07-19,14.3,31.3,4.70,995.7
2013-07-20,11.6,26.6,3.30,996.9
2013-07-21,8.2,24.1,20.40,995.3
2013-07-22,16.6,38.2,5.20,993.3
2013-07-23,16.8,36.0,1.50,995.0
2013-07-24,16.3,35.6,13.60,996.6
2013-07-25,18.7,30.6,10.90,996.0
2013-07-26,27.1,51.5,11.60,996.0
2013-07-27,25.5,51.5,29.90,999.9
2013-07-28,20.0,40.3,3.80,1001.7
2013-07-29,18.2,40.3,25.10,998.9
2013-07-30,23.4,52.9,68.30,994.0
2013-07-31,25.0,47.5,1.30,994.5
2013-08-01,25.2,53.3,1.80,997.1
2013-08-02,18.4,32.8,0.50,1000.3
2013-08-03,8.9,23.0,1.90,1001.5
2013-08-04,12.7,30.2,22.10,1000.7
2013-08-05,14.0,33.5,6.50,1000.6
2013-08-06,16.5,33.1,2.80,1001.1
2013-08-07,19.6,39.6,2.40,1002.7
2013-08-08,15.1,33.1,8.70,1002.3
2013-08-09,12.6,27.4,14.50,1002.2
2013-08-10,12.1,27.4,14.70,1002.5
2013-08-11,6.9,16.2,14.60,1003.6
2013-08-12,11.8,27.7,3.90,1002.8
2013-08-13,12.0,30.2,4.60,1002.1
2013-08-14,12.1,27.4,4.30,1002.0
2013-08-15,13.3,28.4,2.40,1002.3
2013-08-16,12.9,29.9,4.10,1001.1
2013-08-17,13.6,28.4,3.10,1000.2
2013-08-18,14.7,30.6,20.40,999.5
2013-08-19,22.7,47.9,9.60,997.6
2013-08-20,27.8,54.0,12.20,995.9
2013-08-21,19.1,44.3,0.00,996.9
2013-08-22,13.5,30.2,0.40,998.6
2013-08-23,9.7,23.0,0.80,1000.7
2013-08-24,12.0,25.9,11.60,1001.7
2013-08-25,13.5,30.6,9.10,1001.3
2013-08-26,12.2,25.9,10.90,1000.9
2013-08-27,12.5,23.4,11.80,1001.4
2013-08-28,15.0,32.0,5.80,1003.5
2013-08-29,16.1,39.6,1.00,1005.0
2013-08-30,14.2,32.4,0.30,1004.6
2013-08-31,16.4,33.8,1.30,1003.9
2013-09-01,15.8,31.3,7.90,1004.1
2013-09-02,19.1,35.6,23.40,1005.0
2013-09-03,18.4,38.9,34.00,1004.5
2013-09-04,13.8,36.0,5.90,1004.2
2013-09-05,14.5,30.6,2.20,1003.5
2013-09-06,10.2,22.3,18.10,1004.8
2013-09-07,10.5,24.1,12.30,1005.8
2013-09-08,12.0,28.4,10.20,1006.8
2013-09-09,11.3,26.6,10.10,1007.6
2013-09-10,10.8,28.4,7.00,1006.2
2013-09-11,11.5,26.6,1.00,1006.1
2013-09-12,9.3,23.4,0.50,1007.0
2013-09-13,8.1,20.2,0.60,1006.9
2013-09-14,14.1,28.4,1.20,1004.5
2013-09-15,11.7,25.2,5.10,1002.0
2013-09-16,7.1,25.9,11.70,1001.8
2013-09-17,10.2,27.0,10.00,1001.4
2013-09-18,9.4,19.8,13.60,1001.3
2013-09-19,15.2,32.0,22.10,999.5
2013-09-20,21.1,40.3,22.60,1000.9
2013-09-21,19.4,41.4,14.10,1002.4
2013-09-22,12.1,27.0,8.10,1002.0
2013-09-23,11.2,33.8,1.40,1002.3
2013-09-24,8.7,24.8,5.40,1003.8
2013-09-25,10.1,24.1,5.30,1005.9
2013-09-26,12.8,27.4,1.00,1006.7
2013-09-27,10.5,20.2,7.00,1005.9
2013-09-28,7.3,27.7,30.00,1004.3
2013-09-29,9.2,19.1,18.50,1001.3
2013-09-30,8.6,23.8,11.90,1000.7
2013-10-01,14.1,28.1,8.80,1002.5
2013-10-02,13.2,28.8,7.30,1006.5
2013-10-03,17.4,36.4,14.30,1008.0
2013-10-04,17.3,36.4,2.50,1007.2
2013-10-05,16.6,35.3,6.50,1006.0
2013-10-06,12.2,27.0,8.50,1006.5
2013-10-07,11.0,22.0,1.70,1007.7
2013-10-08,10.2,24.8,7.20,1008.5
2013-10-09,12.3,28.1,19.20,1008.4
2013-10-10,18.1,36.0,2.20,1009.0
2013-10-11,31.6,61.9,20.10,1006.0
2013-10-12,51.2,94.7,43.10,998.7
2013-10-13,47.7,91.4,16.20,1000.8
2013-10-14,27.0,47.9,6.50,1005.9
2013-10-15,10.5,28.8,2.10,1008.3
2013-10-16,6.1,17.6,0.30,1008.0
2013-10-17,6.9,19.8,1.30,1009.1
2013-10-18,8.1,19.4,0.40,1010.1
2013-10-19,7.8,19.1,0.20,1010.5
2013-10-20,11.4,23.4,7.00,1010.0
2013-10-21,10.6,24.5,16.60,1008.8
2013-10-22,16.9,31.7,26.50,1010.0
2013-10-23,19.6,38.9,32.90,1010.4
2013-10-24,18.5,33.8,33.80,1010.4
2013-10-25,17.9,37.4,38.00,1009.6
2013-10-26,14.5,27.4,9.20,1009.3
2013-10-27,12.0,23.8,81.30,1008.8
2013-10-28,11.6,24.8,1.90,1009.2
2013-10-29,12.5,25.2,0.00,1011.2
2013-10-30,13.3,30.6,0.00,1013.0
2013-10-31,11.6,26.6,0.00,1013.7
2013-11-01,9.1,23.0,0.00,1013.6
2013-11-02,9.1,15.8,0.00,1013.2
2013-11-03,8.2,16.9,0.00,1013.9
2013-11-04,8.8,19.1,0.00,1015.1
2013-11-05,13.3,30.6,0.00,1015.3
2013-11-06,10.6,23.4,0.00,1015.0
2013-11-07,10.3,24.1,0.00,1013.8
2013-11-08,12.7,27.7,0.00,1012.5
2013-11-09,14.2,31.0,0.00,1012.2
2013-11-10,15.8,33.1,0.00,1011.6
2013-11-11,15.7,33.8,0.00,1010.6
2013-11-12,15.5,33.1,0.00,1011.3
2013-11-13,15.2,31.7,0.00,1011.7
2013-11-14,14.7,31.0,0.00,1012.4
2013-11-15,15.0,32.0,0.00,1012.9
2013-11-16,14.7,30.2,0.00,1013.8
2013-11-17,17.8,35.6,0.00,1013.4
2013-11-18,19.4,38.9,0.00,1013.7
2013-11-19,20.5,41.0,0.00,1013.5
2013-11-20,16.6,33.1,0.00,1011.7
2013-11-21,17.6,37.4,6.20,1011.1
2013-11-22,16.3,32.4,1.00,1012.5
2013-11-23,12.2,28.8,0.00,1012.5
2013-11-24,8.3,19.4,0.00,1012.6
2013-11-25,10.5,24.1,0.00,1010.8
2013-11-26,12.2,26.3,0.00,1009.8
2013-11-27,17.7,36.4,0.00,1011.5
2013-11-28,15.3,32.4,0.20,1013.8
2013-11-29,9.1,23.0,0.00,1013.8
2013-11-30,8.4,20.2,0.30,1013.3
2013-12-01,15.0,31.3,0.00,1014.0
2013-12-02,16.1,33.5,0.00,1014.4
2013-12-03,14.2,29.5,0.00,1013.8
2013-12-04,14.5,32.0,0.00,1013.6
2013-12-05,16.4,33.8,0.00,1012.6
2013-12-06,16.1,33.8,0.00,1011.9
2013-12-07,16.1,34.6,0.00,1012.5
2013-12-08,17.5,36.7,0.00,1012.0
2013-12-09,17.4,36.0,0.00,1010.7
2013-12-10,20.9,38.5,7.30,1009.9
2013-12-11,18.6,37.8,0.00,1011.0
2013-12-12,12.8,28.4,0.00,1011.3
2013-12-13,9.7,16.2,0.00,1011.9
2013-12-14,9.6,21.2,0.00,1011.2
2013-12-15,12.5,27.7,0.00,1013.0
2013-12-16,9.4,23.4,0.00,1014.4
2013-12-17,8.7,16.2,0.00,1013.3
2013-12-18,9.8,17.3,0.00,1012.2
2013-12-19,11.2,22.0,0.00,1012.9
2013-12-20,11.6,26.3,0.00,1014.2
2013-12-21,10.2,24.5,0.00,1015.6
2013-12-22,9.7,21.6,0.00,1016.9
2013-12-23,8.7,16.2,0.00,1017.1
2013-12-24,9.9,22.3,0.00,1017.2
2013-12-25,15.9,33.8,0.00,1017.4
2013-12-26,8.9,23.8,0.00,1016.4
2013-12-27,9.0,24.1,0.00,1015.7
2013-12-28,9.9,17.6,0.00,1015.5
2013-12-29,9.2,17.3,0.00,1015.3
2013-12-30,15.0,31.3,0.00,1016.8
2013-12-31,10.9,29.2,0.00,1017.0
2014-01-01,10.0,26.3,0.00,1016.1
2014-01-02,13.3,31.7,0.00,1016.0
2014-01-03,12.6,25.6,0.00,1015.9
2014-01-04,12.6,28.8,0.00,1014.9
2014-01-05,10.5,23.8,0.00,1012.8
2014-01-06,12.9,21.6,0.00,1013.2
2014-01-07,14.4,29.5,0.00,1014.8
2014-01-08,15.1,32.8,0.00,1016.2
2014-01-09,9.9,25.9,0.00,1015.2
2014-01-10,10.5,24.1,0.00,1015.0
2014-01-11,11.9,26.6,0.00,1015.4
2014-01-12,13.2,24.5,0.00,1016.6
2014-01-13,14.3,34.2,0.00,1016.7
2014-01-14,11.8,27.4,0.00,1015.6
2014-01-15,11.2,22.3,0.00,1016.3
2014-01-16,12.3,24.8,0.10,1017.1
2014-01-17,14.6,34.6,0.00,1017.5
2014-01-18,12.6,31.3,0.00,1017.6
2014-01-19,8.4,18.4,0.00,1018.8
2014-01-20,14.9,33.8,0.00,1019.1
2014-01-21,13.8,31.0,0.00,1018.8
2014-01-22,11.1,26.6,0.00,1017.7
2014-01-23,9.2,18.0,0.00,1016.8
2014-01-24,10.9,23.8,0.00,1015.4
2014-01-25,15.4,36.0,0.00,1014.9
2014-01-26,17.8,38.9,0.00,1015.7
2014-01-27,15.5,34.2,0.00,1015.9
2014-01-28,15.6,36.7,0.00,1015.7
2014-01-29,16.4,36.0,0.00,1016.1
2014-01-30,13.0,30.2,0.00,1016.2
2014-01-31,14.0,33.8,0.00,1016.5
2014-02-01,15.8,36.0,0.00,1016.0
2014-02-02,14.2,29.9,0.00,1014.4
2014-02-03,12.8,29.9,0.00,1012.1
2014-02-04,14.0,27.7,0.00,1009.7
2014-02-05,14.8,29.5,0.00,1009.7
2014-02-06,12.9,26.6,0.00,1010.0
2014-02-07,15.3,31.3,0.00,1009.7
2014-02-08,19.5,41.0,0.00,1007.5
2014-02-09,15.5,33.5,0.00,1007.4
2014-02-10,13.0,30.2,0.30,1008.3
2014-02-11,15.3,41.8,1.10,1008.5
2014-02-12,17.1,34.9,0.90,1009.9
2014-02-13,14.8,32.0,0.50,1012.8
2014-02-14,14.7,32.8,0.00,1012.5
2014-02-15,17.3,39.6,0.00,1010.6
2014-02-16,20.2,40.0,3.10,1009.9
2014-02-17,14.7,30.2,1.90,1013.7
2014-02-18,15.3,34.9,0.00,1016.8
2014-02-19,11.4,28.8,0.00,1015.2
2014-02-20,12.8,27.4,0.00,1014.0
2014-02-21,15.1,31.7,0.00,1014.5
2014-02-22,14.7,32.4,0.00,1014.9
2014-02-23,13.1,29.9,0.00,1015.7
2014-02-24,14.1,31.3,0.00,1016.1
2014-02-25,14.6,30.6,0.00,1015.9
2014-02-26,17.4,35.3,0.00,1014.1
2014-02-27,16.1,34.2,0.00,1014.0
2014-02-28,16.9,36.7,0.30,1014.2
2014-03-01,16.6,36.0,0.00,1013.5
2014-03-02,16.4,32.0,0.00,1013.0
2014-03-03,17.2,35.6,0.00,1013.6
2014-03-04,13.8,31.3,11.70,1014.7
2014-03-05,10.5,25.9,0.00,1014.4
2014-03-06,11.6,23.8,0.00,1013.8
2014-03-07,13.8,29.5,1.70,1014.6
2014-03-08,13.5,30.6,0.20,1015.6
2014-03-09,10.7,29.2,8.80,1014.6
2014-03-10,8.0,20.5,5.20,1014.3
2014-03-11,14.5,29.5,0.00,1014.6
2014-03-12,14.5,27.4,0.00,1013.8
2014-03-13,9.9,22.3,0.00,1012.8
2014-03-14,14.5,28.4,0.00,1012.7
2014-03-15,11.8,29.9,0.70,1014.2
2014-03-16,14.0,30.6,0.80,1014.4
2014-03-17,17.4,36.4,0.00,1012.9
2014-03-18,15.9,34.9,0.00,1012.1
2014-03-19,14.9,36.4,0.00,1010.4
2014-03-20,15.8,37.1,0.60,1009.9
2014-03-21,16.6,37.4,0.00,1008.3
2014-03-22,20.2,42.1,0.00,1006.6
2014-03-23,20.0,37.8,0.00,1008.2
2014-03-24,19.5,38.9,0.00,1010.5
2014-03-25,18.3,37.4,0.00,1010.2
2014-03-26,17.3,34.6,0.00,1009.5
2014-03-27,18.8,38.5,0.00,1008.8
2014-03-28,14.9,28.4,0.00,1007.9
2014-03-29,15.9,33.5,0.00,1007.3
2014-03-30,18.1,38.5,0.00,1006.2
2014-03-31,16.6,36.7,0.00,1005.8
2014-04-01,15.0,27.4,0.00,1005.2
2014-04-02,17.7,35.6,0.00,1005.9
2014-04-03,21.7,45.4,0.00,1006.8
2014-04-04,19.1,38.5,0.00,1007.5
2014-04-05,17.3,31.0,0.00,1008.1
2014-04-06,21.0,43.9,0.00,1008.5
2014-04-07,22.8,42.5,0.00,1007.8
2014-04-08,21.6,42.8,0.00,1006.1
2014-04-09,18.8,33.1,1.70,1007.0
2014-04-10,12.1,29.9,0.20,1009.0
2014-04-11,14.6,34.2,0.00,1009.3
2014-04-12,16.7,36.0,0.00,1008.6
2014-04-13,16.2,36.0,0.20,1009.8
2014-04-14,17.7,36.7,0.00,1010.2
2014-04-15,19.1,36.7,0.00,1009.6
2014-04-16,18.9,38.9,0.00,1007.7
2014-04-17,18.5,39.6,0.00,1006.9
2014-04-18,15.4,35.6,0.00,1008.8
2014-04-19,16.3,37.4,0.00,1008.2
2014-04-20,14.8,37.4,0.00,1007.6
2014-04-21,14.8,34.9,0.50,1008.5
2014-04-22,17.2,36.0,0.00,1009.8
2014-04-23,16.9,35.3,0.00,1008.1
2014-04-24,20.2,42.5,0.10,1005.9
2014-04-25,18.0,39.2,0.00,1005.8
2014-04-26,21.9,46.8,0.00,1006.0
2014-04-27,21.8,45.4,0.00,1006.8
2014-04-28,23.9,45.7,0.90,1006.6
2014-04-29,25.2,51.8,0.00,1006.1
2014-04-30,22.5,46.1,0.00,1006.1
2014-05-01,24.0,49.7,0.00,1005.1
2014-05-02,22.9,46.4,0.00,1005.9
2014-05-03,25.4,50.4,0.00,1006.7
2014-05-04,25.6,51.8,0.00,1006.3
2014-05-05,19.7,43.2,0.20,1008.1
2014-05-06,20.0,43.2,0.10,1008.8
2014-05-07,24.0,48.6,0.00,1007.3
2014-05-08,26.2,51.5,0.00,1005.0
2014-05-09,26.9,56.2,0.00,1003.4
2014-05-10,20.4,39.2,16.60,1004.9
2014-05-11,19.2,34.6,3.00,1004.3
2014-05-12,19.4,36.7,0.00,1004.3
2014-05-13,20.5,41.8,0.00,1004.4
2014-05-14,17.7,34.9,0.00,1003.3
2014-05-15,16.3,31.3,0.00,1002.5
2014-05-16,18.6,33.5,0.00,1003.6
2014-05-17,18.8,39.6,0.00,1005.7
2014-05-18,21.8,45.4,0.00,1005.8
2014-05-19,21.0,41.0,0.00,1005.7
2014-05-20,19.4,36.4,0.00,1004.4
2014-05-21,18.6,37.4,0.00,1002.1
2014-05-22,18.4,40.0,0.00,1000.7
2014-05-23,17.1,35.6,0.00,1002.2
2014-05-24,21.4,45.0,0.90,1004.0
2014-05-25,23.1,43.2,25.10,1004.7
2014-05-26,27.8,55.1,16.40,1005.0
2014-05-27,33.6,70.2,18.10,1003.4
2014-05-28,25.0,49.0,2.30,1004.6
2014-05-29,20.7,42.1,0.00,1004.8
2014-05-30,26.1,51.1,0.00,1002.6
2014-05-31,24.8,48.2,0.00,1001.6
2014-06-01,22.7,46.1,0.60,1003.2
2014-06-02,23.1,44.6,1.00,1003.6
2014-06-03,18.8,38.2,1.40,1002.4
2014-06-04,20.1,41.8,0.20,1001.6
2014-06-05,19.0,37.8,0.00,1000.5
2014-06-06,19.3,38.2,0.00,999.4
2014-06-07,23.1,46.8,0.30,998.2
2014-06-08,20.8,46.4,0.10,997.5
2014-06-09,21.4,45.4,0.00,997.4
2014-06-10,20.9,41.8,0.00,998.0
2014-06-11,18.4,36.4,0.00,997.5
2014-06-12,15.0,30.6,0.00,995.9
2014-06-13,13.8,33.1,0.00,995.5
2014-06-14,19.6,31.3,0.40,997.6
2014-06-15,17.3,34.9,0.00,998.3
2014-06-16,14.8,32.0,0.00,998.2
2014-06-17,16.6,33.5,3.70,997.4
2014-06-18,14.5,33.5,48.30,996.9
2014-06-19,15.8,32.0,21.80,996.9
2014-06-20,22.4,48.2,45.50,997.3
2014-06-21,23.3,42.8,13.70,999.8
2014-06-22,22.7,41.8,2.00,1000.5
2014-06-23,19.3,36.4,5.10,999.1
2014-06-24,14.1,28.1,0.00,997.1
2014-06-25,15.1,33.1,2.90,998.4
2014-06-26,16.0,31.3,24.00,1001.8
2014-06-27,14.2,32.8,4.90,1003.1
2014-06-28,15.5,30.2,8.40,1002.3
2014-06-29,15.8,34.2,13.40,1000.2
2014-06-30,12.6,28.8,35.50,1000.2
2014-07-01,18.7,46.4,6.50,1001.4
2014-07-02,21.1,42.8,7.60,1000.0
2014-07-03,14.6,33.1,0.00,998.4
2014-07-04,13.5,34.2,2.00,998.7
2014-07-05,15.4,34.6,8.10,1000.5
2014-07-06,23.3,47.9,2.20,1002.9
2014-07-07,22.2,42.5,1.30,1002.3
2014-07-08,16.7,35.6,11.40,999.8
2014-07-09,12.7,29.5,15.50,998.4
2014-07-10,14.7,26.3,24.10,998.4
2014-07-11,9.7,25.9,4.30,997.7
2014-07-12,13.4,30.2,11.20,996.3
2014-07-13,14.3,23.8,8.60,996.2
2014-07-14,12.6,30.2,9.00,996.3
2014-07-15,21.3,37.4,10.40,996.7
2014-07-16,22.6,40.7,4.30,999.0
2014-07-17,19.9,36.7,8.60,999.5
2014-07-18,19.1,38.2,28.60,998.9
2014-07-19,20.1,40.3,50.60,997.6
2014-07-20,22.4,43.2,26.20,995.1
2014-07-21,31.1,59.0,7.60,992.9
2014-07-22,29.4,58.3,0.60,997.3
2014-07-23,19.1,36.4,0.10,1000.0
2014-07-24,15.8,32.8,0.20,1001.0
2014-07-25,16.7,46.1,0.00,1001.6
2014-07-26,12.3,26.3,4.80,1001.7
2014-07-27,13.2,28.8,2.70,1000.1
2014-07-28,18.7,36.0,2.60,997.4
2014-07-29,10.7,24.5,8.80,996.8
2014-07-30,14.3,27.0,10.80,998.1
2014-07-31,21.0,41.4,6.70,999.3
2014-08-01,18.4,33.1,13.70,999.7
2014-08-02,20.7,37.1,27.70,998.2
2014-08-03,23.2,41.4,37.70,996.3
2014-08-04,27.1,49.7,41.90,994.6
2014-08-05,28.8,56.2,1.70,997.1
2014-08-06,16.9,34.2,1.40,999.9
2014-08-07,13.4,31.7,1.60,1000.0
2014-08-08,13.7,35.6,4.50,1000.2
2014-08-09,17.0,37.4,10.20,1001.7
2014-08-10,18.4,39.2,21.60,1002.9
2014-08-11,21.9,43.9,5.40,1002.6
2014-08-12,21.9,43.6,2.30,1001.7
2014-08-13,18.4,37.8,8.80,1001.3
2014-08-14,19.2,47.2,5.40,1002.2
2014-08-15,17.6,36.7,12.60,1003.7
2014-08-16,14.9,30.2,8.70,1004.6
2014-08-17,13.0,31.3,11.90,1004.6
2014-08-18,15.3,33.8,3.00,1006.4
2014-08-19,14.7,32.4,1.10,1007.2
2014-08-20,15.8,34.6,9.80,1005.5
2014-08-21,15.9,33.8,21.10,1003.9
2014-08-22,18.1,37.8,10.00,1004.5
2014-08-23,24.3,46.8,0.50,1006.3
2014-08-24,16.1,33.5,1.50,1006.1
2014-08-25,15.8,31.0,0.90,1005.5
2014-08-26,15.1,32.8,3.00,1004.3
2014-08-27,14.6,32.8,1.90,1002.1
2014-08-28,17.3,34.9,6.50,1001.5
2014-08-29,20.2,40.7,17.50,1000.9
2014-08-30,16.9,38.2,14.50,1000.9
2014-08-31,17.3,33.8,17.20,999.4
2014-09-01,27.4,55.4,16.60,999.0
2014-09-02,21.8,43.6,11.40,1003.1
2014-09-03,13.3,25.9,28.00,1004.7
2014-09-04,18.3,40.0,24.10,1003.3
2014-09-05,18.2,32.4,45.40,1000.4
2014-09-06,18.1,48.6,29.40,997.4
2014-09-07,24.8,49.0,4.80,1000.9
2014-09-08,24.0,50.0,0.70,1004.0
2014-09-09,14.3,31.7,2.50,1004.3
2014-09-10,13.4,30.6,5.80,1004.1
2014-09-11,11.2,27.0,2.40,1005.4
2014-09-12,11.2,26.3,6.50,1005.5
2014-09-13,9.8,24.8,8.00,1004.1
2014-09-14,10.5,25.2,2.80,1003.6
2014-09-15,11.0,26.3,6.40,1002.8
2014-09-16,11.9,29.9,2.20,1001.0
2014-09-17,15.5,35.6,3.80,1000.4
2014-09-18,17.9,40.0,4.60,1001.9
2014-09-19,17.0,36.7,13.90,1001.5
2014-09-20,27.9,52.9,12.60,1000.0
2014-09-21,19.5,40.0,5.30,1002.5
2014-09-22,15.3,34.6,28.10,1004.8
2014-09-23,12.3,25.9,1.00,1005.2
2014-09-24,12.1,27.0,1.20,1006.2
2014-09-25,11.9,25.2,1.40,1007.7
2014-09-26,14.0,25.6,0.30,1009.0
2014-09-27,10.7,20.5,0.00,1010.5
2014-09-28,10.2,21.2,0.00,1010.8
2014-09-29,8.9,20.5,0.20,1009.9
2014-09-30,8.8,22.3,0.20,1009.7
2014-10-01,8.0,23.0,1.50,1009.9
2014-10-02,8.2,19.4,2.50,1009.5
2014-10-03,7.9,20.9,1.90,1008.6
2014-10-04,7.3,23.0,1.50,1009.0
2014-10-05,9.7,22.0,0.40,1009.9
2014-10-06,11.9,29.9,3.10,1010.0
2014-10-07,10.7,28.1,2.90,1008.8
2014-10-08,9.9,28.1,1.80,1008.5
2014-10-09,14.3,31.0,0.20,1007.7
2014-10-10,23.8,48.2,6.20,1005.7
2014-10-11,21.6,42.5,23.80,1004.1
2014-10-12,30.9,57.6,45.50,1004.4
2014-10-13,29.7,56.5,1.10,1007.6
2014-10-14,16.6,37.1,0.50,1010.9
2014-10-15,6.5,20.2,5.00,1012.4
2014-10-16,6.7,19.8,3.50,1011.9
2014-10-17,11.6,27.0,3.60,1012.1
2014-10-18,10.8,25.9,1.70,1011.6
2014-10-19,6.7,19.8,0.10,1011.2
2014-10-20,10.7,23.4,0.00,1011.9
2014-10-21,10.5,25.2,0.30,1013.3
2014-10-22,11.0,27.0,0.00,1013.8
2014-10-23,7.7,19.8,0.00,1012.8
2014-10-24,7.6,17.3,0.00,1011.9
2014-10-25,5.8,15.1,0.00,1011.7
2014-10-26,10.5,24.5,0.00,1013.5
2014-10-27,13.7,33.5,0.00,1013.4
2014-10-28,8.3,16.6,7.20,1012.1
2014-10-29,14.9,31.3,0.00,1011.9
2014-10-30,16.3,34.2,0.00,1011.6
2014-10-31,14.5,30.6,0.00,1011.2
2014-11-01,10.9,27.0,0.00,1011.1
2014-11-02,12.1,26.6,0.00,1011.7
2014-11-03,12.6,29.2,0.00,1011.4
2014-11-04,13.6,30.2,0.00,1010.4
2014-11-05,19.6,40.3,0.00,1009.8
2014-11-06,20.1,40.3,0.00,1008.8
2014-11-07,22.8,44.3,0.00,1010.0
2014-11-08,18.1,36.7,1.60,1011.3
2014-11-09,12.5,25.2,1.10,1012.7
2014-11-10,6.7,16.2,0.00,1012.2
2014-11-11,9.9,24.1,0.00,1012.1
2014-11-12,10.2,24.8,0.10,1012.7
2014-11-13,6.4,15.1,1.10,1013.9
2014-11-14,6.2,18.7,0.00,1013.8
2014-11-15,7.3,14.8,0.00,1012.7
2014-11-16,8.2,16.6,0.10,1012.5
2014-11-17,7.7,18.4,0.00,1013.3
2014-11-18,13.4,28.1,0.00,1014.7
2014-11-19,11.3,26.6,0.00,1014.6
2014-11-20,8.7,15.1,0.00,1013.6
2014-11-21,7.8,15.5,0.00,1012.9
2014-11-22,9.2,17.6,0.00,1012.4
2014-11-23,9.2,15.5,0.00,1012.9
2014-11-24,8.5,19.8,0.00,1013.6
2014-11-25,13.0,28.8,0.00,1012.9
2014-11-26,7.2,16.2,0.00,1010.8
2014-11-27,9.1,19.1,0.00,1011.5
2014-11-28,8.9,19.8,0.00,1012.3
2014-11-29,8.3,14.0,0.00,1012.3
2014-11-30,8.7,15.1,0.00,1011.7
2014-12-01,8.7,20.2,0.00,1011.3
2014-12-02,8.4,14.0,0.00,1012.0
2014-12-03,9.2,14.4,0.00,1011.8
2014-12-04,8.4,16.9,0.00,1013.0
2014-12-05,8.2,23.0,0.00,1014.1
2014-12-06,8.0,25.2,0.00,1013.7
2014-12-07,9.2,23.4,0.00,1013.2
2014-12-08,9.1,22.0,0.00,1013.5
2014-12-09,10.4,19.8,0.00,1014.9
2014-12-10,10.2,21.6,0.00,1014.3
2014-12-11,10.2,22.3,0.00,1014.7
2014-12-12,13.0,31.0,0.00,1015.7
2014-12-13,13.0,30.2,0.00,1015.9
2014-12-14,10.0,22.0,0.00,1015.3
2014-12-15,10.8,23.8,0.20,1014.8
2014-12-16,14.9,33.1,0.00,1015.3
2014-12-17,18.2,40.0,0.00,1015.7
2014-12-18,18.6,40.3,0.00,1017.7
2014-12-19,19.5,41.0,0.00,1018.3
2014-12-20,15.5,31.3,0.00,1015.7
2014-12-21,13.2,29.5,0.00,1014.3
2014-12-22,16.1,33.5,0.00,1014.4
2014-12-23,11.2,26.3,0.00,1014.9
2014-12-24,11.8,28.4,0.00,1015.9
2014-12-25,14.9,33.8,0.00,1015.4
2014-12-26,12.8,31.7,0.00,1013.8
2014-12-27,18.0,37.8,0.00,1014.8
2014-12-28,20.7,41.0,0.00,1015.6
2014-12-29,18.7,37.8,0.00,1014.2
2014-12-30,18.6,38.5,7.60,1012.6
2014-12-31,24.8,45.0,19.80,1012.3
2015-01-01,28.3,47.5,109.60,1010.4
2015-01-02,19.4,35.6,2.70,1012.1
2015-01-03,5.8,15.5,0.00,1013.3
2015-01-04,12.3,25.2,0.80,1013.2
2015-01-05,10.1,23.0,0.20,1012.9
2015-01-06,8.6,22.0,0.00,1013.6
2015-01-07,7.9,16.6,0.00,1013.4
2015-01-08,8.4,18.4,0.10,1013.8
2015-01-09,13.6,28.8,0.40,1015.3
2015-01-10,13.4,29.5,0.00,1015.7
2015-01-11,12.0,27.7,0.00,1016.2
2015-01-12,12.0,25.9,0.00,1015.6
2015-01-13,13.9,29.2,0.00,1015.0
2015-01-14,10.5,27.0,0.00,1015.0
2015-01-15,15.6,32.8,0.00,1015.0
2015-01-16,19.9,40.0,0.00,1014.6
2015-01-17,14.0,33.5,0.00,1014.7
2015-01-18,14.2,30.6,0.00,1015.7
2015-01-19,11.6,28.4,0.00,1016.3
2015-01-20,11.9,27.4,0.00,1018.1
2015-01-21,12.2,27.4,0.00,1019.6
2015-01-22,9.8,18.0,0.00,1018.6
2015-01-23,9.7,15.1,0.00,1016.1
2015-01-24,10.8,24.5,0.00,1016.3
2015-01-25,12.0,27.4,0.00,1017.4
2015-01-26,9.0,22.3,0.00,1016.8
2015-01-27,8.7,19.1,0.00,1015.1
2015-01-28,12.9,26.3,0.00,1013.9
2015-01-29,11.5,25.9,0.00,1014.5
2015-01-30,14.8,27.4,0.00,1016.0
2015-01-31,17.6,36.7,0.00,1016.7
2015-02-01,11.5,27.4,0.00,1016.8
2015-02-02,10.7,27.4,0.00,1018.2
2015-02-03,10.4,28.1,0.00,1019.3
2015-02-04,9.7,20.2,0.00,1017.9
2015-02-05,11.8,24.8,0.00,1016.2
2015-02-06,11.3,26.6,0.00,1016.2
2015-02-07,12.1,25.6,0.00,1015.6
2015-02-08,10.9,25.6,0.00,1015.3
2015-02-09,14.4,31.7,0.00,1016.3
2015-02-10,13.1,28.1,0.00,1016.7
2015-02-11,15.4,30.6,0.00,1015.1
2015-02-12,9.8,24.8,0.00,1013.8
2015-02-13,12.9,30.6,0.40,1012.0
2015-02-14,11.2,23.8,0.00,1011.1
2015-02-15,16.8,34.6,0.00,1011.6
2015-02-16,17.3,37.1,0.00,1013.0
2015-02-17,16.6,34.2,0.40,1012.2
2015-02-18,17.4,35.6,0.00,1011.2
2015-02-19,17.3,36.4,0.00,1011.6
2015-02-20,13.0,28.8,0.00,1013.1
2015-02-21,14.4,30.2,0.00,1012.7
2015-02-22,14.0,31.0,0.00,1012.4
2015-02-23,16.9,33.5,0.00,1012.5
2015-02-24,19.2,39.2,0.00,1011.1
2015-02-25,20.4,39.2,0.00,1009.8
2015-02-26,20.5,42.1,0.00,1009.0
2015-02-27,17.3,36.4,0.00,1010.1
2015-02-28,16.7,36.4,0.00,1011.7
2015-03-01,15.5,32.4,0.00,1012.3
2015-03-02,14.4,31.7,0.00,1012.5
2015-03-03,14.4,29.2,0.00,1010.9
2015-03-04,14.1,37.1,12.40,1010.2
2015-03-05,19.0,38.5,0.00,1013.0
2015-03-06,14.6,29.5,0.00,1014.1
2015-03-07,12.9,27.0,0.10,1013.6
2015-03-08,13.1,27.4,0.00,1014.1
2015-03-09,11.6,24.8,0.00,1014.9
2015-03-10,14.3,29.2,0.00,1014.4
2015-03-11,12.9,29.9,0.00,1014.8
2015-03-12,13.9,28.8,0.00,1014.4
2015-03-13,14.2,30.2,0.00,1013.2
2015-03-14,16.2,32.0,0.00,1014.0
2015-03-15,15.8,32.8,0.00,1014.1
2015-03-16,15.6,33.1,0.00,1014.9
2015-03-17,14.4,29.5,0.00,1012.0
2015-03-18,10.6,27.0,0.50,1010.1
2015-03-19,14.4,30.2,0.50,1011.7
2015-03-20,17.2,32.4,0.00,1012.8
2015-03-21,14.8,31.3,0.00,1012.6
2015-03-22,13.3,29.5,0.00,1011.1
2015-03-23,16.6,34.2,0.00,1009.3
2015-03-24,18.8,38.5,0.00,1009.5
2015-03-25,17.2,37.8,0.00,1011.3
2015-03-26,16.2,36.4,0.00,1013.6
2015-03-27,17.7,35.6,0.00,1013.5
2015-03-28,20.7,39.2,0.10,1011.3
2015-03-29,20.3,42.5,0.60,1010.1
2015-03-30,21.7,44.3,0.00,1009.8
2015-03-31,14.7,32.0,5.30,1009.7
2015-04-01,21.3,44.3,0.00,1008.4
2015-04-02,24.5,46.8,0.00,1006.1
2015-04-03,22.8,41.4,0.00,1003.6
2015-04-04,23.3,47.5,0.00,1002.9
2015-04-05,24.6,49.7,0.00,1004.8
2015-04-06,23.1,45.7,0.60,1006.0
2015-04-07,21.3,42.8,0.00,1008.2
2015-04-08,13.3,31.7,0.10,1009.8
2015-04-09,15.9,32.0,0.00,1009.4
2015-04-10,17.5,37.4,4.80,1009.1
2015-04-11,16.9,35.3,1.20,1009.9
2015-04-12,11.8,33.5,13.20,1012.1
2015-04-13,8.0,23.4,0.90,1012.5
2015-04-14,11.0,26.6,0.40,1011.5
2015-04-15,9.7,25.6,0.00,1011.9
2015-04-16,9.3,19.4,0.30,1012.5
2015-04-17,15.2,32.8,0.10,1009.4
2015-04-18,21.4,42.5,0.00,1006.5
2015-04-19,23.6,47.9,0.00,1007.0
2015-04-20,23.7,46.8,0.00,1008.4
2015-04-21,25.4,50.8,0.00,1006.3
2015-04-22,27.0,51.1,0.00,1005.1
2015-04-23,24.5,49.3,0.00,1006.5
2015-04-24,25.4,55.4,3.90,1008.4
2015-04-25,16.5,36.4,15.20,1009.4
2015-04-26,12.9,36.4,5.50,1010.3
2015-04-27,14.2,30.2,0.40,1010.1
2015-04-28,24.5,41.4,0.20,1008.3
2015-04-29,25.2,52.9,0.00,1006.6
2015-04-30,24.1,53.3,0.10,1007.4
2015-05-01,21.7,42.8,0.00,1006.8
2015-05-02,23.7,46.8,0.00,1006.5
2015-05-03,20.0,41.8,0.00,1007.5
2015-05-04,16.1,34.6,0.60,1008.6
2015-05-05,16.8,34.6,0.00,1007.1
2015-05-06,19.0,39.6,0.00,1005.7
2015-05-07,21.9,43.2,0.00,1006.0
2015-05-08,21.9,45.0,0.00,1004.8
2015-05-09,25.4,49.0,0.00,1004.0
2015-05-10,23.5,48.6,0.00,1004.5
2015-05-11,20.1,42.5,3.60,1006.3
2015-05-12,15.8,36.7,0.00,1006.4
2015-05-13,23.1,45.4,0.00,1006.2
2015-05-14,21.0,43.2,0.00,1007.1
2015-05-15,20.2,42.5,0.00,1007.3
2015-05-16,17.7,36.7,0.70,1006.1
2015-05-17,15.9,31.3,4.30,1004.6
2015-05-18,18.1,39.2,0.60,1003.5
2015-05-19,20.9,43.9,0.00,1001.8
2015-05-20,15.1,36.4,0.00,1001.2
2015-05-21,20.6,42.5,0.00,1001.4
2015-05-22,20.1,41.8,0.00,1000.9
2015-05-23,26.8,50.0,0.00,999.8
2015-05-24,24.7,42.5,0.00,999.9
2015-05-25,20.3,42.1,0.00,1000.1
2015-05-26,21.6,45.4,0.00,1002.2
2015-05-27,23.5,47.9,0.00,1003.2
2015-05-28,23.7,48.6,0.00,1002.5
2015-05-29,21.7,43.9,0.00,1003.4
2015-05-30,23.7,48.2,0.00,1004.3
2015-05-31,25.8,48.6,0.00,1003.8
2015-06-01,24.5,48.6,0.00,1003.3
2015-06-02,19.9,41.8,0.00,1004.7
2015-06-03,16.7,34.9,0.30,1004.8
2015-06-04,17.4,37.4,1.60,1005.2
2015-06-05,18.0,37.4,12.50,1004.8
2015-06-06,17.4,39.2,6.20,1003.1
2015-06-07,19.7,41.8,6.80,1002.8
2015-06-08,21.7,42.5,0.40,1002.8
2015-06-09,20.4,42.5,0.00,1001.6
2015-06-10,23.0,46.8,0.00,1000.4
2015-06-11,23.5,49.7,3.40,1001.3
2015-06-12,21.4,38.9,24.90,1003.2
2015-06-13,21.3,45.4,2.00,1002.5
2015-06-14,20.6,42.1,12.30,1001.3
2015-06-15,18.6,35.3,8.90,1000.5
2015-06-16,14.0,31.7,3.10,1000.3
2015-06-17,14.4,32.4,6.90,999.6
2015-06-18,19.9,39.6,6.50,998.6
2015-06-19,26.3,53.6,3.20,996.5
2015-06-20,25.3,53.6,11.10,993.8
2015-06-21,33.0,69.5,1.90,993.3
2015-06-22,34.0,65.5,4.30,995.3
2015-06-23,27.8,58.0,14.50,997.3
2015-06-24,27.2,57.2,22.90,999.1
2015-06-25,22.4,46.4,11.60,998.1
2015-06-26,19.8,45.0,2.60,996.8
2015-06-27,20.6,41.0,5.80,998.3
2015-06-28,16.0,30.2,4.10,1002.7
2015-06-29,16.8,36.4,6.50,1005.0
2015-06-30,18.3,38.9,14.40,1004.9
2015-07-01,16.3,35.3,51.90,1004.6
2015-07-02,15.8,37.1,5.50,1003.8
2015-07-03,17.8,34.9,0.90,1002.6
2015-07-04,15.5,34.9,1.60,1001.0
2015-07-05,13.4,28.1,16.20,999.3
2015-07-06,12.9,34.6,5.70,998.7
2015-07-07,12.3,33.1,12.20,998.5
2015-07-08,14.0,33.8,2.90,999.0
2015-07-09,20.4,44.3,15.00,998.8
2015-07-10,27.0,52.2,3.40,997.6
2015-07-11,17.4,39.6,8.40,1001.2
2015-07-12,10.1,28.1,2.60,1002.3
2015-07-13,11.5,30.6,12.80,1001.1
2015-07-14,12.9,28.1,10.10,999.3
2015-07-15,12.6,32.0,11.40,997.5
2015-07-16,13.6,23.4,25.10,997.2
2015-07-17,16.3,32.0,13.70,998.0
2015-07-18,13.2,28.8,13.10,999.2
2015-07-19,19.1,39.6,7.50,998.4
2015-07-20,11.8,31.3,10.30,997.9
2015-07-21,13.0,28.1,13.00,999.7
2015-07-22,22.6,40.3,10.40,1001.5
2015-07-23,28.1,54.0,6.00,1003.0
2015-07-24,24.9,47.2,3.80,1004.1
2015-07-25,22.9,39.2,33.30,1002.3
2015-07-26,22.8,45.4,17.70,1000.5
2015-07-27,18.7,48.6,30.80,1000.9
2015-07-28,21.5,45.7,75.50,1001.5
2015-07-29,24.3,39.2,21.40,1000.1
2015-07-30,21.7,40.7,6.20,999.7
2015-07-31,21.2,42.5,22.60,1000.2
2015-08-01,18.3,49.3,5.70,1002.0
2015-08-02,18.8,38.5,7.50,1002.4
2015-08-03,22.8,42.5,10.50,1002.1
2015-08-04,18.7,38.5,1.00,1002.0
2015-08-05,16.1,31.3,0.10,1001.6
2015-08-06,12.8,26.6,1.30,1000.7
2015-08-07,9.0,25.2,0.60,1001.2
2015-08-08,11.2,25.6,0.90,1001.4
2015-08-09,10.1,24.8,1.40,999.9
2015-08-10,15.9,32.8,2.40,1000.2
2015-08-11,16.6,36.4,8.50,1002.0
2015-08-12,17.7,36.4,12.70,1001.8
2015-08-13,22.3,44.6,3.70,1001.5
2015-08-14,18.3,37.1,2.30,1002.4
2015-08-15,20.9,45.0,10.30,1004.1
2015-08-16,20.5,42.8,29.80,1004.9
2015-08-17,23.1,46.1,10.20,1005.2
2015-08-18,23.1,46.8,4.90,1006.4
2015-08-19,24.7,49.7,1.70,1006.2
2015-08-20,18.2,39.2,10.00,1005.4
2015-08-21,15.5,35.3,23.10,1003.8
2015-08-22,13.5,29.5,4.30,1002.1
2015-08-23,13.3,27.0,6.80,1001.6
2015-08-24,13.1,27.0,20.00,1002.1
2015-08-25,12.8,29.2,14.80,1001.3
2015-08-26,12.3,30.6,5.60,1000.2
2015-08-27,17.5,37.1,4.90,999.5
2015-08-28,16.8,38.2,4.50,1001.0
2015-08-29,15.9,35.6,4.50,1001.5
2015-08-30,20.0,40.0,8.90,1002.6
2015-08-31,17.6,34.9,29.70,1003.3
2015-09-01,14.1,28.4,28.60,1002.7
2015-09-02,17.1,33.1,16.10,1003.6
2015-09-03,15.9,36.4,7.20,1006.1
2015-09-04,13.6,30.6,0.20,1008.1
2015-09-05,11.5,25.6,12.20,1007.9
2015-09-06,13.0,25.2,7.80,1007.0
2015-09-07,15.7,32.4,3.00,1006.6
2015-09-08,17.2,34.2,0.10,1006.1
2015-09-09,11.4,21.2,3.30,1005.7
2015-09-10,8.2,22.3,10.40,1006.0
2015-09-11,12.1,26.6,12.10,1005.6
2015-09-12,14.8,34.2,5.90,1005.6
2015-09-13,18.9,42.1,15.10,1005.2
2015-09-14,19.8,37.8,14.60,1002.4
2015-09-15,23.2,44.6,11.00,999.2
2015-09-16,27.8,56.9,6.10,1000.0
2015-09-17,16.1,35.6,3.40,1002.9
2015-09-18,15.2,31.3,0.80,1004.1
2015-09-19,15.5,36.0,19.70,1002.9
2015-09-20,16.2,25.9,8.60,1001.6
2015-09-21,27.2,51.5,1.80,1003.6
2015-09-22,21.7,42.1,0.50,1005.3
2015-09-23,18.6,37.4,0.80,1006.3
2015-09-24,16.3,31.7,11.60,1005.3
2015-09-25,10.4,25.6,1.00,1004.8
2015-09-26,8.9,24.5,1.30,1005.6
2015-09-27,10.3,24.1,0.80,1006.3
2015-09-28,7.9,19.1,0.30,1007.1
2015-09-29,9.8,23.0,0.30,1008.1
2015-09-30,13.4,28.8,0.00,1009.7
2015-10-01,12.4,27.7,2.90,1010.8
2015-10-02,10.3,24.5,1.40,1010.2
2015-10-03,10.0,23.4,0.80,1008.8
2015-10-04,10.2,26.3,0.70,1008.8
2015-10-05,10.6,30.6,1.00,1008.3
2015-10-06,13.8,32.4,5.10,1007.1
2015-10-07,20.5,33.5,29.70,1006.4
2015-10-08,15.3,28.4,5.80,1005.7
2015-10-09,11.0,27.0,4.10,1005.4
2015-10-10,9.5,20.2,0.00,1006.5
2015-10-11,6.9,18.0,0.00,1008.4
2015-10-12,7.1,22.3,1.60,1009.8
2015-10-13,5.2,23.4,0.50,1010.3
2015-10-14,9.5,24.5,2.20,1011.5
2015-10-15,9.5,24.1,0.60,1011.9
2015-10-16,7.6,21.2,0.30,1012.5
2015-10-17,6.4,15.1,0.20,1012.3
2015-10-18,5.2,16.9,0.40,1012.7
2015-10-19,6.6,17.6,0.70,1011.9
2015-10-20,9.7,22.0,0.00,1009.9
2015-10-21,9.1,23.0,0.50,1009.8
2015-10-22,8.8,21.2,0.50,1010.6
2015-10-23,7.1,21.6,0.10,1010.5
2015-10-24,7.5,26.3,0.30,1011.3
2015-10-25,9.5,22.7,0.00,1012.9
2015-10-26,8.6,22.0,0.00,1013.4
2015-10-27,7.9,16.9,0.00,1013.0
2015-10-28,9.7,23.0,0.00,1013.2
2015-10-29,13.6,28.8,0.00,1013.3
2015-10-30,22.7,40.0,98.00,1012.8
2015-10-31,20.5,44.6,126.80,1011.9
2015-11-01,12.3,27.0,12.70,1013.0
2015-11-02,14.9,27.0,2.40,1013.4
2015-11-03,13.0,27.0,0.00,1012.9
2015-11-04,9.8,22.7,0.00,1012.3
2015-11-05,9.7,20.2,0.00,1011.9
2015-11-06,8.7,22.7,0.00,1011.6
2015-11-07,12.0,25.2,0.00,1013.0
2015-11-08,14.3,31.0,0.00,1014.1
2015-11-09,11.2,29.5,0.00,1013.1
2015-11-10,11.3,23.4,0.00,1011.5
2015-11-11,12.0,26.3,0.00,1011.8
2015-11-12,10.8,23.4,0.00,1013.5
2015-11-13,9.2,16.9,0.00,1013.2
2015-11-14,8.7,16.2,0.00,1011.4
2015-11-15,7.7,18.0,0.00,1011.3
2015-11-16,7.6,17.6,0.10,1011.4
2015-11-17,15.6,26.6,3.50,1011.9
2015-11-18,16.5,32.8,4.90,1013.7
2015-11-19,19.7,41.0,0.00,1014.4
2015-11-20,14.1,31.0,0.00,1013.6
2015-11-21,13.6,29.5,0.00,1013.1
2015-11-22,13.0,28.4,0.00,1013.1
2015-11-23,9.6,24.1,0.00,1013.6
2015-11-24,8.7,18.4,0.00,1013.3
2015-11-25,7.8,15.8,0.00,1012.8
2015-11-26,7.9,15.5,0.00,1012.3
2015-11-27,10.2,20.9,0.30,1011.6
2015-11-28,9.7,21.6,0.00,1014.8
2015-11-29,10.5,25.2,0.00,1016.3
2015-11-30,9.7,19.8,0.00,1015.5
2015-12-01,9.1,16.9,0.00,1013.5
2015-12-02,7.9,18.7,0.20,1013.9
2015-12-03,9.3,22.7,0.00,1013.8
2015-12-04,8.0,19.1,0.00,1013.7
2015-12-05,8.7,20.2,0.00,1014.0
2015-12-06,9.7,21.6,0.20,1014.0
2015-12-07,7.7,15.8,0.40,1014.6
2015-12-08,8.5,19.1,0.00,1014.7
2015-12-09,8.5,15.8,0.00,1015.1
2015-12-10,12.9,23.0,0.00,1013.7
2015-12-11,11.2,25.9,0.00,1012.0
2015-12-12,14.3,29.5,0.00,1010.7
2015-12-13,9.8,22.3,0.20,1012.0
2015-12-14,9.0,21.6,0.70,1012.6
2015-12-15,13.3,25.9,0.80,1013.1
2015-12-16,17.1,33.8,0.00,1014.3
2015-12-17,13.2,28.8,0.40,1013.8
2015-12-18,10.2,36.0,5.00,1014.0
2015-12-19,19.2,38.5,0.00,1017.2
2015-12-20,11.4,25.6,0.00,1016.8
2015-12-21,9.9,21.6,0.50,1015.7
2015-12-22,12.3,27.4,4.00,1017.2
2015-12-23,12.3,27.4,0.00,1016.6
2015-12-24,12.2,23.0,13.80,1015.4
2015-12-25,20.2,38.9,1.00,1016.8
2015-12-26,15.7,32.4,0.00,1018.1
2015-12-27,12.6,28.8,0.00,1018.3
2015-12-28,10.1,14.4,0.00,1018.4
2015-12-29,10.2,16.2,0.00,1016.7
2015-12-30,9.4,15.1,0.00,1015.9
2015-12-31,9.0,19.8,0.00,1017.5
2016-01-01,8.8,20.5,0.00,1018.8
2016-01-02,8.0,16.2,0.00,1018.1
2016-01-03,10.2,20.2,0.10,1016.5
2016-01-04,9.4,22.0,0.00,1017.2
2016-01-05,6.8,16.6,0.00,1016.4
2016-01-06,8.7,19.4,0.00,1016.4
2016-01-07,8.8,19.8,0.00,1017.3
2016-01-08,12.0,25.9,0.00,1015.7
2016-01-09,12.3,21.6,0.00,1013.4
2016-01-10,15.5,31.7,0.00,1015.5
2016-01-11,9.8,23.4,0.00,1016.1
2016-01-12,9.3,19.8,0.00,1014.5
2016-01-13,8.1,17.3,0.00,1013.6
2016-01-14,9.2,17.3,0.00,1014.4
2016-01-15,12.6,22.3,0.00,1013.0
2016-01-16,12.6,21.6,0.00,1011.8
2016-01-17,9.4,22.7,0.80,1012.6
2016-01-18,10.5,22.7,0.80,1012.5
2016-01-19,14.6,31.0,0.10,1012.4
2016-01-20,14.3,27.7,1.70,1012.9
2016-01-21,18.5,38.2,1.20,1015.5
2016-01-22,18.7,38.9,0.00,1017.1
2016-01-23,16.7,34.9,0.00,1018.0
2016-01-24,13.8,30.2,0.00,1017.6
2016-01-25,9.7,22.0,0.00,1015.7
2016-01-26,13.9,27.4,0.00,1014.8
2016-01-27,18.4,37.8,0.00,1013.5
2016-01-28,14.8,31.7,1.50,1013.0
2016-01-29,14.6,31.7,0.70,1015.4
2016-01-30,13.8,24.8,0.00,1014.1
2016-01-31,14.8,28.1,0.00,1012.8
2016-02-01,13.6,28.1,0.00,1013.8
2016-02-02,12.4,26.6,0.00,1014.2
2016-02-03,12.7,29.2,0.40,1013.5
2016-02-04,13.6,28.4,0.40,1014.6
2016-02-05,10.6,23.4,0.20,1014.1
2016-02-06,12.8,27.7,0.10,1013.0
2016-02-07,13.2,30.6,0.80,1014.2
2016-02-08,15.0,33.1,0.00,1013.4
2016-02-09,13.0,30.2,0.50,1012.7
2016-02-10,14.6,28.8,0.40,1012.1
2016-02-11,22.0,45.0,0.00,1011.0
2016-02-12,21.9,39.2,0.20,1010.8
2016-02-13,15.5,32.0,0.00,1012.1
2016-02-14,18.5,36.7,0.00,1012.9
2016-02-15,14.2,30.2,0.00,1014.6
2016-02-16,11.3,24.5,0.00,1015.7
2016-02-17,12.7,26.3,0.00,1015.5
2016-02-18,15.2,29.9,0.00,1013.9
2016-02-19,15.7,30.2,0.00,1013.6
2016-02-20,16.1,31.3,0.00,1012.4
2016-02-21,19.0,38.9,0.00,1010.9
2016-02-22,15.5,28.4,0.00,1012.3
2016-02-23,17.1,35.6,0.00,1012.3
2016-02-24,22.6,46.4,0.00,1011.8
2016-02-25,17.7,34.9,0.20,1014.0
2016-02-26,17.3,34.6,0.00,1016.1
2016-02-27,9.2,24.8,3.00,1016.3
2016-02-28,10.2,29.9,0.50,1017.1
2016-02-29,10.3,23.0,1.40,1016.7
2016-03-01,12.4,28.8,0.80,1014.5
2016-03-02,14.1,28.4,0.00,1014.7
2016-03-03,15.6,29.5,0.00,1014.8
2016-03-04,14.8,29.9,0.00,1012.6
2016-03-05,15.6,32.8,0.00,1011.4
2016-03-06,15.9,28.1,0.00,1011.7
2016-03-07,13.1,27.7,0.00,1011.4
2016-03-08,14.8,31.7,0.00,1010.8
2016-03-09,19.6,37.8,0.00,1010.2
2016-03-10,16.0,32.4,0.00,1011.2
2016-03-11,15.1,28.8,0.00,1011.5
2016-03-12,16.7,32.0,0.00,1010.3
2016-03-13,14.2,32.0,0.00,1012.0
2016-03-14,13.3,28.8,0.00,1012.5
2016-03-15,15.5,32.4,0.70,1011.5
2016-03-16,15.5,31.3,2.00,1010.5
2016-03-17,12.4,27.7,10.70,1011.4
2016-03-18,16.6,31.3,0.00,1010.1
2016-03-19,20.9,40.3,0.00,1008.5
2016-03-20,18.5,37.1,0.00,1007.6
2016-03-21,18.1,32.0,0.00,1006.6
2016-03-22,15.4,30.6,0.20,1006.6
2016-03-23,15.5,33.8,0.00,1008.7
2016-03-24,16.6,34.9,0.00,1011.7
2016-03-25,17.6,36.4,0.10,1012.8
2016-03-26,19.1,37.4,0.00,1011.5
2016-03-27,24.1,48.2,0.00,1011.4
2016-03-28,20.5,36.7,0.30,1011.8
2016-03-29,20.8,42.8,0.00,1011.5
2016-03-30,21.5,41.8,0.00,1011.6
2016-03-31,20.6,42.8,0.00,1009.9
2016-04-01,22.2,43.9,0.00,1008.0
2016-04-02,24.2,46.4,0.00,1008.5
2016-04-03,24.5,50.0,0.00,1008.8
2016-04-04,26.4,49.0,0.00,1007.0
2016-04-05,23.8,43.2,0.00,1006.0
2016-04-06,20.2,40.3,0.00,1007.1
2016-04-07,19.1,37.8,0.00,1007.3
2016-04-08,18.8,35.3,0.00,1008.1
2016-04-09,20.5,41.8,0.00,1007.9
2016-04-10,19.7,39.2,0.00,1007.6
2016-04-11,20.1,34.6,0.00,1005.8
2016-04-12,21.9,40.7,0.00,1004.3
2016-04-13,21.4,43.2,0.00,1003.3
2016-04-14,22.1,44.3,0.00,1004.6
2016-04-15,25.9,47.2,0.00,1006.2
2016-04-16,28.7,56.5,0.00,1005.1
2016-04-17,28.8,49.7,0.00,1004.5
2016-04-18,28.0,54.7,0.00,1005.9
2016-04-19,25.6,48.6,0.00,1006.7
2016-04-20,26.0,51.1,0.00,1006.7
2016-04-21,28.8,52.2,0.00,1004.2
2016-04-22,27.4,54.4,0.00,1002.5
2016-04-23,28.1,55.4,0.00,1000.6
2016-04-24,28.1,50.4,0.00,1001.6
2016-04-25,29.0,54.4,0.00,1004.3
2016-04-26,26.5,51.1,0.00,1006.9
2016-04-27,21.6,43.2,0.00,1005.5
2016-04-28,18.7,38.2,0.00,1004.9
2016-04-29,17.9,38.5,0.00,1005.6
2016-04-30,18.5,30.2,0.00,1005.5
2016-05-01,22.9,43.2,0.00,1004.3
2016-05-02,24.6,49.3,0.00,1004.5
2016-05-03,25.7,49.0,0.00,1005.1
2016-05-04,18.9,40.3,0.00,1006.4
2016-05-05,18.4,39.2,0.00,1007.0
2016-05-06,18.4,36.7,0.00,1007.0
2016-05-07,21.6,38.9,0.00,1006.8
2016-05-08,19.5,40.0,0.00,1008.3
2016-05-09,17.5,36.4,0.60,1008.1
2016-05-10,18.1,37.1,0.00,1008.1
2016-05-11,16.9,31.3,0.10,1006.9
2016-05-12,20.7,38.2,0.00,1004.1
2016-05-13,23.5,48.2,0.00,1003.8
2016-05-14,25.0,51.5,0.00,1006.4
2016-05-15,28.5,56.2,0.00,1006.2
2016-05-16,25.7,50.4,0.00,1004.9
2016-05-17,24.4,50.0,1.50,1004.3
2016-05-18,24.2,48.2,0.50,1003.9
2016-05-19,21.1,41.8,42.30,1002.3
2016-05-20,25.7,51.5,109.90,997.0
2016-05-21,24.0,45.7,0.90,998.3
2016-05-22,20.7,35.3,0.00,999.0
2016-05-23,18.5,33.1,0.00,999.2
2016-05-24,11.8,32.0,0.90,1000.0
2016-05-25,14.2,29.9,0.00,998.8
2016-05-26,15.6,32.8,0.00,1000.5
2016-05-27,17.5,36.4,0.00,1001.8
2016-05-28,14.6,32.0,0.00,1001.5
2016-05-29,16.1,35.3,0.00,1002.1
2016-05-30,17.2,34.2,0.00,1002.2
2016-05-31,18.8,38.5,0.10,1003.2
2016-06-01,16.6,36.7,0.00,1003.9
2016-06-02,18.1,33.5,0.10,1003.4
2016-06-03,16.2,33.5,17.90,1003.6
2016-06-04,14.5,33.1,1.20,1004.6
2016-06-05,14.4,32.4,8.10,1005.0
2016-06-06,13.6,29.2,1.00,1004.4
2016-06-07,19.1,37.1,6.60,1004.0
2016-06-08,14.2,37.1,6.90,1002.0
2016-06-09,19.0,37.4,2.50,1000.7
2016-06-10,23.2,43.9,1.20,1000.6
2016-06-11,25.9,46.4,0.00,1000.3
2016-06-12,22.1,41.8,0.00,999.9
2016-06-13,18.8,37.8,0.00,1000.0
2016-06-14,14.8,30.6,4.50,999.3
2016-06-15,16.5,36.4,4.30,998.9
2016-06-16,11.5,30.2,4.30,999.3
2016-06-17,11.0,27.4,10.40,999.5
2016-06-18,18.9,44.6,2.50,1001.1
2016-06-19,19.4,43.2,1.60,1003.3
2016-06-20,16.5,33.8,5.00,1003.9
2016-06-21,16.2,34.2,1.10,1003.8
2016-06-22,15.2,33.8,0.70,1004.2
2016-06-23,16.2,34.2,0.50,1003.1
2016-06-24,14.2,29.2,0.80,1002.0
2016-06-25,13.6,31.0,0.90,1002.5
2016-06-26,14.5,33.1,20.20,1001.8
2016-06-27,13.4,31.0,15.60,999.2
2016-06-28,17.1,35.6,1.70,999.0
2016-06-29,25.2,49.7,9.60,1000.3
2016-06-30,16.4,40.7,3.30,998.7
2016-07-01,12.4,27.0,2.60,996.2
2016-07-02,23.2,34.2,40.60,996.9
2016-07-03,24.5,43.9,13.90,999.0
2016-07-04,29.5,56.2,13.50,999.5
2016-07-05,27.0,50.4,13.70,998.6
2016-07-06,22.4,41.8,2.30,998.2
2016-07-07,15.3,31.7,5.70,998.0
2016-07-08,17.7,38.5,13.30,996.8
2016-07-09,26.6,55.4,1.20,995.9
2016-07-10,24.9,48.2,2.70,995.6
2016-07-11,18.9,36.7,3.00,996.5
2016-07-12,19.9,42.5,2.10,998.9
2016-07-13,15.8,31.7,0.20,1000.3
2016-07-14,15.2,32.8,6.10,1000.0
2016-07-15,16.4,31.7,18.50,1001.0
2016-07-16,21.3,39.6,19.60,1004.0
2016-07-17,22.9,45.7,8.90,1006.5
2016-07-18,15.8,37.4,13.60,1005.1
2016-07-19,13.2,32.4,7.30,1002.7
2016-07-20,14.0,29.2,3.90,1002.0
2016-07-21,13.6,30.6,5.00,1002.4
2016-07-22,19.1,38.9,13.30,1002.7
2016-07-23,19.0,41.4,19.60,1003.5
2016-07-24,16.8,37.4,9.10,1003.8
2016-07-25,21.4,40.7,14.10,1005.2
2016-07-26,18.7,34.6,21.40,1006.6
2016-07-27,13.4,26.3,6.10,1007.1
2016-07-28,14.6,30.6,1.50,1005.2
2016-07-29,13.8,29.5,7.30,1003.1
2016-07-30,9.8,25.6,16.10,1002.3
2016-07-31,11.8,28.8,19.80,1001.4
2016-08-01,14.2,24.5,35.30,998.5
2016-08-02,13.4,27.0,13.40,995.9
2016-08-03,10.9,22.7,16.30,995.6
2016-08-04,14.0,32.8,113.30,995.6
2016-08-05,21.3,36.4,21.80,997.5
2016-08-06,22.0,44.3,8.70,999.0
2016-08-07,22.7,47.9,10.10,1000.6
2016-08-08,16.2,33.8,31.20,1001.5
2016-08-09,21.1,45.7,67.50,1000.4
2016-08-10,21.1,42.5,26.80,1001.0
2016-08-11,22.3,42.1,6.80,1002.0
2016-08-12,20.8,41.0,8.30,1001.6
2016-08-13,18.1,36.7,0.50,1000.8
2016-08-14,14.6,35.6,5.40,999.6
2016-08-15,14.8,28.8,31.40,997.5
2016-08-16,19.4,38.9,27.40,994.9
2016-08-17,24.8,44.3,22.30,994.1
2016-08-18,23.2,50.0,0.40,998.0
2016-08-19,14.4,28.1,0.50,1000.7
2016-08-20,11.1,23.4,0.60,1001.6
2016-08-21,13.9,34.2,0.50,1002.1
2016-08-22,16.9,33.8,12.80,1003.7
2016-08-23,16.2,34.2,21.50,1004.0
2016-08-24,9.5,25.9,12.40,1002.9
2016-08-25,15.5,26.6,13.20,1003.2
2016-08-26,14.8,30.2,8.40,1003.9
2016-08-27,17.0,33.8,6.10,1005.3
2016-08-28,13.8,30.6,1.10,1005.6
2016-08-29,11.5,26.3,6.40,1003.6
2016-08-30,16.1,32.0,4.60,1002.7
2016-08-31,15.9,36.7,9.10,1003.5
2016-09-01,20.7,38.9,4.40,1003.4
2016-09-02,18.8,34.2,9.10,1001.9
2016-09-03,15.6,33.1,35.80,1000.9
2016-09-04,19.8,36.7,30.90,1001.9
2016-09-05,21.3,45.4,31.30,1002.4
2016-09-06,17.7,34.9,0.20,1002.8
2016-09-07,15.3,34.9,1.10,1002.3
2016-09-08,15.5,31.3,0.90,1002.9
2016-09-09,14.1,29.2,5.00,1004.1
2016-09-10,15.3,34.2,4.70,1003.8
2016-09-11,15.8,32.8,7.10,1003.0
2016-09-12,14.0,31.7,8.70,1003.4
2016-09-13,15.8,34.9,18.20,1004.6
2016-09-14,16.6,36.7,10.40,1005.2
2016-09-15,13.7,31.7,9.70,1004.8
2016-09-16,17.3,29.2,13.40,1004.5
2016-09-17,14.2,30.6,6.30,1004.3
2016-09-18,12.9,28.1,6.80,1005.2
2016-09-19,14.9,30.2,0.70,1004.3
2016-09-20,15.5,32.0,0.80,1003.9
2016-09-21,18.5,41.4,10.40,1005.6
2016-09-22,16.2,33.5,10.30,1005.7
2016-09-23,13.4,31.0,11.70,1003.9
2016-09-24,17.9,35.6,7.40,1003.1
2016-09-25,16.9,35.3,4.00,1003.9
2016-09-26,16.2,33.5,4.80,1005.5
2016-09-27,15.0,32.8,24.10,1005.7
2016-09-28,13.5,30.2,17.40,1004.7
2016-09-29,15.6,32.8,29.00,1003.8
2016-09-30,15.6,34.2,6.30,1003.6
2016-10-01,14.5,31.0,6.50,1005.8
2016-10-02,10.0,24.1,3.00,1007.9
2016-10-03,10.5,24.5,2.20,1006.9
2016-10-04,10.8,20.9,2.50,1005.4
2016-10-05,11.6,22.7,13.60,1004.4
2016-10-06,12.5,25.9,6.50,1004.4
2016-10-07,11.5,26.3,5.60,1004.7
2016-10-08,12.1,27.4,6.70,1005.4
2016-10-09,13.7,29.5,2.00,1004.1
2016-10-10,6.8,17.3,21.30,1003.1
2016-10-11,8.9,26.3,1.30,1003.5
2016-10-12,7.3,19.8,0.00,1005.0
2016-10-13,7.0,18.0,0.00,1007.3
2016-10-14,7.3,14.4,0.00,1008.3
2016-10-15,9.2,22.3,0.00,1008.7
2016-10-16,11.8,25.6,0.00,1009.2
2016-10-17,11.1,27.4,0.00,1008.2
2016-10-18,11.9,26.6,0.00,1007.2
2016-10-19,10.5,26.3,0.00,1006.4
2016-10-20,9.8,24.1,0.00,1005.7
2016-10-21,9.8,22.0,0.00,1006.6
2016-10-22,6.7,21.6,0.00,1007.8
2016-10-23,7.2,18.0,0.00,1007.5
2016-10-24,8.9,19.4,0.00,1006.5
2016-10-25,13.7,27.4,0.00,1006.3
2016-10-26,21.9,42.8,2.90,1007.8
2016-10-27,12.3,28.8,3.10,1010.2
2016-10-28,7.9,18.0,1.50,1010.2
2016-10-29,13.6,27.7,0.40,1010.2
2016-10-30,20.9,40.3,0.40,1011.3
2016-10-31,20.6,42.8,1.90,1012.8
2016-11-01,16.9,37.1,1.00,1012.2
2016-11-02,15.6,36.7,0.00,1012.1
2016-11-03,16.8,38.5,10.50,1012.1
2016-11-04,22.7,40.7,76.20,1009.2
2016-11-05,29.0,60.1,84.80,1005.7
2016-11-06,14.2,31.3,0.00,1008.0
2016-11-07,11.9,25.6,0.00,1010.3
2016-11-08,9.6,19.4,0.00,1011.6
2016-11-09,9.0,14.8,0.00,1012.6
2016-11-10,9.0,15.8,0.00,1012.1
2016-11-11,8.9,14.0,0.00,1012.5
2016-11-12,7.8,18.0,0.00,1013.7
2016-11-13,8.7,21.2,0.00,1014.7
2016-11-14,8.9,21.2,0.00,1013.7
2016-11-15,11.5,24.5,0.00,1013.3
2016-11-16,16.6,34.2,0.00,1013.9
2016-11-17,16.7,35.3,0.00,1014.2
2016-11-18,13.9,29.5,0.00,1012.7
2016-11-19,10.9,27.0,0.00,1011.6
2016-11-20,9.2,20.2,0.00,1012.1
2016-11-21,7.7,16.9,0.00,1011.8
2016-11-22,8.9,20.5,0.00,1011.3
2016-11-23,9.3,14.0,0.00,1011.7
2016-11-24,9.2,16.2,0.00,1012.1
2016-11-25,9.0,15.8,0.00,1011.1
2016-11-26,8.9,14.4,0.00,1011.0
2016-11-27,8.2,17.6,0.00,1010.4
2016-11-28,7.7,16.6,0.00,1011.3
2016-11-29,8.4,18.4,0.00,1012.9
2016-11-30,11.2,23.8,0.00,1014.3
2016-12-01,14.6,29.5,0.00,1014.2
2016-12-02,18.6,37.4,0.60,1014.2
2016-12-03,18.1,36.7,0.00,1015.5
2016-12-04,14.8,33.8,0.00,1015.8
2016-12-05,18.0,38.2,0.00,1014.6
2016-12-06,17.9,36.7,0.00,1014.6
2016-12-07,16.5,34.2,0.00,1013.6
2016-12-08,14.8,31.3,0.00,1012.5
2016-12-09,16.4,34.6,0.00,1011.0
2016-12-10,18.2,36.0,0.00,1010.9
2016-12-11,18.4,37.1,0.20,1010.8
2016-12-12,16.1,33.1,0.00,1011.4
2016-12-13,15.3,34.6,0.00,1012.4
2016-12-14,14.8,32.8,0.00,1013.5
2016-12-15,16.0,33.1,0.00,1014.3
2016-12-16,13.7,29.9,0.00,1015.1
2016-12-17,9.6,24.1,0.00,1014.5
2016-12-18,9.1,16.6,0.00,1015.1
2016-12-19,9.7,16.2,0.00,1014.8
2016-12-20,9.4,18.7,0.00,1013.9
2016-12-21,9.0,21.6,0.00,1013.7
2016-12-22,9.4,21.2,0.00,1013.0
2016-12-23,8.7,15.8,0.00,1011.9
2016-12-24,9.4,18.4,0.00,1011.5
2016-12-25,9.1,19.8,0.00,1012.6
2016-12-26,10.0,19.8,0.00,1012.5
2016-12-27,13.1,29.2,0.00,1014.1
2016-12-28,13.9,30.6,0.00,1014.5
2016-12-29,9.4,23.0,0.00,1014.9
2016-12-30,9.6,22.0,0.00,1015.2
2016-12-31,10.3,22.7,0.00,1014.7
2017-01-01,9.1,23.0,0.90,1014.9
2017-01-02,8.9,21.6,0.00,1014.7
2017-01-03,10.6,25.2,0.00,1014.1
2017-01-04,14.8,32.0,0.00,1013.9
2017-01-05,15.2,33.1,0.00,1013.2
2017-01-06,12.9,29.2,0.00,1012.9
2017-01-07,12.0,27.0,0.00,1011.7
2017-01-08,11.1,25.2,0.00,1011.4
2017-01-09,12.8,27.4,0.00,1011.1
2017-01-10,11.8,27.7,0.00,1011.2
2017-01-11,16.6,35.6,0.00,1012.4
2017-01-12,16.9,36.4,0.90,1012.8
2017-01-13,16.5,36.7,0.00,1013.7
2017-01-14,17.7,37.8,0.00,1015.0
2017-01-15,13.5,29.9,0.00,1015.9
2017-01-16,13.8,29.9,0.00,1014.9
2017-01-17,12.0,27.4,0.00,1014.9
2017-01-18,16.6,35.3,0.00,1016.9
2017-01-19,19.7,41.8,0.00,1017.0
2017-01-20,21.9,44.6,0.00,1016.7
2017-01-21,18.7,39.2,0.00,1017.1
2017-01-22,16.7,36.7,0.00,1017.5
2017-01-23,15.3,34.6,0.00,1016.9
2017-01-24,15.7,34.2,0.00,1016.8
2017-01-25,16.1,35.3,0.00,1017.2
2017-01-26,11.9,28.4,0.00,1016.3
2017-01-27,10.1,21.6,0.30,1014.5
2017-01-28,11.9,29.2,0.00,1013.9
2017-01-29,16.6,36.7,0.00,1014.9
2017-01-30,12.8,30.2,0.00,1013.9
2017-01-31,17.1,37.4,0.00,1013.2
2017-02-01,14.2,32.4,0.10,1014.4
2017-02-02,14.0,30.6,0.00,1016.2
2017-02-03,8.7,20.5,0.20,1015.4
2017-02-04,16.0,34.6,0.00,1014.1
2017-02-05,14.3,32.4,0.00,1013.1
2017-02-06,16.3,35.6,0.00,1011.5
2017-02-07,14.7,34.2,0.00,1011.5
2017-02-08,13.2,29.9,0.00,1013.0
2017-02-09,14.6,33.1,0.00,1012.5
2017-02-10,18.3,37.1,0.00,1012.0
2017-02-11,14.8,33.5,0.00,1014.2
2017-02-12,11.5,28.8,0.00,1016.5
2017-02-13,10.5,24.8,0.00,1017.7
2017-02-14,12.8,28.4,0.00,1018.3
2017-02-15,11.9,28.8,0.00,1018.0
2017-02-16,16.1,34.6,0.00,1015.7
2017-02-17,14.9,33.1,0.00,1014.7
2017-02-18,20.2,41.0,0.00,1014.8
2017-02-19,21.2,44.3,0.00,1012.3
2017-02-20,19.9,40.3,0.00,1008.3
2017-02-21,25.2,51.1,0.00,1008.4
2017-02-22,25.7,52.2,0.00,1009.0
2017-02-23,15.7,28.8,0.00,1010.8
2017-02-24,11.5,32.4,1.40,1012.9
2017-02-25,18.8,41.0,0.00,1012.6
2017-02-26,17.2,34.6,0.00,1010.6
2017-02-27,18.4,39.6,0.10,1012.1
2017-02-28,13.8,32.0,0.10,1012.5
2017-03-01,13.8,32.0,0.00,1012.1
2017-03-02,18.9,39.6,0.00,1010.8
2017-03-03,22.3,45.4,0.00,1007.9
2017-03-04,23.8,49.0,0.00,1007.2
2017-03-05,27.7,55.1,0.00,1006.8
2017-03-06,20.9,40.3,4.80,1007.4
2017-03-07,15.7,42.1,11.50,1008.6
2017-03-08,14.3,35.6,4.70,1008.1
2017-03-09,23.7,47.9,13.90,1006.6
2017-03-10,24.2,49.0,6.60,1006.1
2017-03-11,26.0,54.0,15.20,1007.2
2017-03-12,16.3,42.5,2.90,1008.4
2017-03-13,21.7,42.8,0.00,1011.7
2017-03-14,12.1,26.6,0.60,1012.8
2017-03-15,13.7,28.8,1.10,1012.3
2017-03-16,14.4,35.3,2.30,1010.5
2017-03-17,18.4,37.4,0.00,1009.0
2017-03-18,23.4,44.3,4.00,1008.9
2017-03-19,23.0,45.4,3.30,1009.9
2017-03-20,18.4,39.2,3.20,1010.0
2017-03-21,13.5,29.9,0.00,1012.3
2017-03-22,20.4,41.0,0.00,1010.5
2017-03-23,23.9,46.8,0.00,1008.8
2017-03-24,21.4,45.4,0.00,1008.8
2017-03-25,26.0,51.8,0.00,1009.0
2017-03-26,25.6,52.2,0.00,1009.6
2017-03-27,22.4,45.0,0.00,1009.8
2017-03-28,27.4,54.7,0.00,1008.7
2017-03-29,31.6,59.8,0.00,1007.1
2017-03-30,32.0,63.0,0.00,1007.7
2017-03-31,28.0,56.5,0.00,1008.9
2017-04-01,31.5,62.6,0.00,1007.0
2017-04-02,34.3,66.6,0.00,1005.7
2017-04-03,30.3,60.1,0.00,1006.9
2017-04-04,34.7,68.0,0.00,1007.6
2017-04-05,32.2,63.7,0.20,1006.7
2017-04-06,27.7,55.1,0.90,1006.5
2017-04-07,23.3,47.9,0.70,1006.7
2017-04-08,24.2,50.4,0.10,1006.8
2017-04-09,24.0,49.7,0.00,1006.8
2017-04-10,24.3,49.7,0.00,1006.4
2017-04-11,16.4,34.2,0.00,1006.6
2017-04-12,20.5,42.8,0.00,1007.1
2017-04-13,23.8,49.7,0.00,1007.8
2017-04-14,22.4,47.2,0.00,1007.6
2017-04-15,22.7,47.2,0.00,1005.6
2017-04-16,20.9,45.0,0.10,1005.0
2017-04-17,22.3,43.6,0.10,1006.8
2017-04-18,26.6,53.6,1.00,1006.7
2017-04-19,34.5,67.3,1.00,1004.9
2017-04-20,35.0,68.4,0.10,1004.4
2017-04-21,35.8,70.2,0.50,1003.8
2017-04-22,35.4,68.4,0.40,1003.1
2017-04-23,31.6,63.0,2.00,1003.8
2017-04-24,30.8,61.2,0.20,1004.1
2017-04-25,26.9,54.7,0.00,1003.8
2017-04-26,23.4,47.2,0.00,1004.8
2017-04-27,25.8,54.0,1.60,1006.0
2017-04-28,24.1,50.8,0.00,1006.1
2017-04-29,27.0,56.2,0.00,1006.9
2017-04-30,27.5,55.8,0.00,1006.8
2017-05-01,24.3,52.6,0.30,1008.6
2017-05-02,20.6,42.8,0.10,1009.6
2017-05-03,25.3,52.2,0.00,1008.7
2017-05-04,24.2,50.8,0.00,1007.9
2017-05-05,28.0,57.2,0.00,1007.0
2017-05-06,28.2,57.2,1.70,1008.0
2017-05-07,26.1,53.6,0.00,1007.9
2017-05-08,25.7,53.3,0.00,1007.0
2017-05-09,27.7,56.9,0.10,1005.9
2017-05-10,24.2,49.7,0.00,1007.2
2017-05-11,24.8,52.2,0.00,1007.5
2017-05-12,23.9,49.7,0.00,1007.3
2017-05-13,25.8,53.3,0.00,1005.0
2017-05-14,27.6,56.2,0.00,1003.0
2017-05-15,28.0,57.2,1.40,1001.4
2017-05-16,27.3,56.2,1.00,1000.5
2017-05-17,23.7,49.0,0.40,1000.6
2017-05-18,20.8,42.1,0.10,1002.7
2017-05-19,25.3,51.8,0.00,1003.6
2017-05-20,26.3,54.4,0.00,1002.5
2017-05-21,25.4,52.2,0.00,1002.1
2017-05-22,27.4,55.8,0.00,1002.9
2017-05-23,24.1,50.4,0.00,1003.4
2017-05-24,24.6,50.8,0.00,1003.4
2017-05-25,26.3,52.6,0.00,1002.9
2017-05-26,22.7,47.9,0.00,1002.7
2017-05-27,15.8,35.3,1.00,1002.2
2017-05-28,17.2,37.4,0.70,1000.8
2017-05-29,12.5,30.2,2.60,998.3
2017-05-30,16.9,39.2,0.60,996.9
2017-05-31,26.4,54.4,0.00,999.9
2017-06-01,29.4,59.0,0.00,1001.7
2017-06-02,29.3,58.0,0.60,1002.8
2017-06-03,29.9,59.4,0.00,1002.3
2017-06-04,26.6,54.7,0.00,1000.5
2017-06-05,27.9,56.2,1.90,1000.7
2017-06-06,22.0,46.1,0.00,1001.7
2017-06-07,15.3,36.0,0.30,1002.6
2017-06-08,17.3,37.4,3.60,1001.1
2017-06-09,17.2,38.5,1.60,999.9
2017-06-10,17.4,40.7,24.50,998.6
2017-06-11,19.7,39.2,55.00,997.7
2017-06-12,23.0,45.4,18.10,998.7
2017-06-13,22.1,42.8,3.30,1000.7
2017-06-14,24.8,47.9,6.70,1002.3
2017-06-15,20.7,39.6,14.40,1001.6
2017-06-16,23.0,43.2,15.20,1001.5
2017-06-17,20.0,41.4,0.90,1001.7
2017-06-18,23.9,47.5,0.00,1000.3
2017-06-19,28.9,55.1,1.30,999.4
2017-06-20,23.0,44.3,32.00,999.9
2017-06-21,18.4,44.6,2.90,1000.0
2017-06-22,16.7,34.6,9.10,1000.5
2017-06-23,13.4,30.2,5.60,999.4
2017-06-24,14.0,25.9,28.80,997.7
2017-06-25,15.7,33.5,35.50,996.6
2017-06-26,19.1,36.4,19.80,998.1
2017-06-27,20.1,39.2,7.40,998.7
2017-06-28,9.2,23.0,22.50,999.5
2017-06-29,15.3,30.6,7.60,999.5
2017-06-30,19.1,38.5,7.40,997.9
2017-07-01,17.2,39.6,63.00,997.4
2017-07-02,23.5,46.1,17.10,999.0
2017-07-03,25.0,49.3,20.00,1000.0
2017-07-04,21.8,54.7,11.70,999.5
2017-07-05,18.4,42.1,1.20,999.8
2017-07-06,15.8,35.6,2.90,1000.5
2017-07-07,16.2,31.0,9.40,1000.7
2017-07-08,19.6,37.8,9.10,1000.7
2017-07-09,20.2,44.3,9.60,1001.7
2017-07-10,23.2,47.9,12.70,1002.4
2017-07-11,15.3,33.5,8.50,1001.6
2017-07-12,11.3,25.9,20.40,1001.2
2017-07-13,9.0,18.0,40.40,1000.7
2017-07-14,10.7,22.7,11.20,1000.2
2017-07-15,13.9,34.2,11.10,999.6
2017-07-16,18.1,39.2,15.70,997.4
2017-07-17,28.3,54.7,19.70,995.4
2017-07-18,32.9,62.6,8.40,994.5
2017-07-19,34.8,65.2,4.60,995.2
2017-07-20,30.1,56.5,3.50,997.3
2017-07-21,18.6,41.0,9.50,999.7
2017-07-22,19.3,36.4,22.30,1000.2
2017-07-23,23.7,43.6,16.70,999.4
2017-07-24,24.9,49.3,13.80,999.1
2017-07-25,19.3,50.0,8.90,998.6
2017-07-26,18.6,40.7,4.40,1000.0
2017-07-27,17.4,37.1,4.60,1002.1
2017-07-28,14.3,33.8,7.30,1003.5
2017-07-29,12.2,29.5,14.70,1003.7
2017-07-30,13.0,27.7,31.70,1002.5
2017-07-31,13.0,30.2,18.00,1002.3
2017-08-01,13.8,36.0,22.60,1002.4
2017-08-02,16.6,34.2,11.60,1001.4
2017-08-03,16.0,33.5,8.50,999.8
2017-08-04,14.7,25.9,14.70,998.7
2017-08-05,14.0,34.6,26.00,998.1
2017-08-06,19.2,39.6,2.30,999.4
2017-08-07,19.7,37.8,9.50,1001.7
2017-08-08,21.7,44.6,3.70,1003.1
2017-08-09,26.6,52.6,3.60,1003.3
2017-08-10,24.6,51.1,1.10,1002.7
2017-08-11,23.0,46.1,7.20,1002.9
2017-08-12,19.4,35.6,17.50,1003.1
2017-08-13,18.3,35.3,5.10,1004.4
2017-08-14,15.0,37.8,7.20,1005.4
2017-08-15,16.0,33.8,12.80,1004.1
2017-08-16,17.2,34.2,10.40,1001.8
2017-08-17,10.6,22.0,23.50,999.0
2017-08-18,19.1,38.5,5.50,998.5
2017-08-19,25.6,53.6,3.40,1001.1
2017-08-20,20.3,41.0,3.40,1002.5
2017-08-21,17.3,35.6,0.70,1002.4
2017-08-22,15.5,32.0,3.60,1002.2
2017-08-23,15.8,32.8,2.70,1002.6
2017-08-24,14.4,30.6,3.70,1001.4
2017-08-25,17.0,33.5,4.40,1000.2
2017-08-26,12.6,27.0,4.60,998.3
2017-08-27,11.8,26.6,10.90,997.7
2017-08-28,24.6,47.9,9.00,998.3
2017-08-29,25.1,51.1,21.40,1002.2
2017-08-30,20.6,41.4,2.70,1004.3
2017-08-31,18.6,40.0,27.90,1004.6
2017-09-01,18.6,36.0,17.90,1004.3
2017-09-02,12.0,26.6,19.90,1004.3
2017-09-03,11.6,29.5,0.20,1004.4
2017-09-04,14.7,32.0,1.50,1004.7
2017-09-05,13.4,29.2,4.50,1004.7
2017-09-06,17.7,37.4,2.00,1005.0
2017-09-07,19.2,40.7,3.30,1005.5
2017-09-08,20.2,42.8,3.80,1006.1
2017-09-09,19.8,41.4,3.80,1005.4
2017-09-10,15.8,34.9,8.90,1006.7
2017-09-11,14.2,31.0,1.40,1007.5
2017-09-12,20.4,40.3,12.00,1007.4
2017-09-13,19.5,39.6,7.80,1007.1
2017-09-14,16.8,35.3,9.90,1005.7
2017-09-15,8.9,23.0,4.90,1003.9
2017-09-16,12.1,28.4,5.00,1003.1
2017-09-17,11.3,31.0,10.70,1002.4
2017-09-18,10.8,29.5,30.10,1001.7
2017-09-19,15.5,33.1,15.80,1001.4
2017-09-20,18.4,41.0,8.80,1002.3
2017-09-21,22.3,46.1,1.70,1003.8
2017-09-22,20.3,42.8,12.20,1005.2
2017-09-23,18.0,36.4,1.70,1006.5
2017-09-24,13.7,29.2,4.60,1005.8
2017-09-25,10.7,30.6,5.90,1003.9
2017-09-26,10.1,28.4,5.40,1004.4
2017-09-27,11.2,25.6,9.30,1005.2
2017-09-28,11.0,23.4,13.90,1004.7
2017-09-29,15.3,32.8,1.10,1004.8
2017-09-30,18.0,37.1,8.90,1006.4
2017-10-01,20.4,40.0,6.30,1006.2
2017-10-02,18.7,38.2,10.90,1005.4
2017-10-03,16.8,33.1,4.80,1006.0
2017-10-04,11.1,27.7,6.30,1006.5
2017-10-05,13.6,34.9,20.10,1006.1
2017-10-06,15.9,33.5,18.20,1005.9
2017-10-07,15.3,30.6,4.40,1006.2
2017-10-08,13.1,24.8,4.40,1005.4
2017-10-09,12.8,33.8,7.00,1004.7
2017-10-10,17.4,38.9,0.90,1004.4
2017-10-11,13.3,27.7,1.20,1005.1
2017-10-12,14.3,31.0,3.00,1005.3
2017-10-13,17.0,34.6,0.50,1004.6
2017-10-14,10.4,25.9,0.20,1004.7
2017-10-15,6.6,25.6,1.50,1004.8
2017-10-16,8.8,22.0,0.00,1004.8
2017-10-17,17.1,34.9,0.00,1004.4
2017-10-18,21.4,43.2,21.50,1003.9
2017-10-19,33.7,83.2,63.40,1001.1
2017-10-20,43.2,80.3,50.40,1000.1
2017-10-21,22.1,45.7,3.60,1004.3
2017-10-22,13.2,29.9,1.80,1006.8
2017-10-23,14.7,28.4,0.00,1008.3
2017-10-24,17.0,34.2,0.00,1010.6
2017-10-25,14.4,28.8,0.00,1012.7
2017-10-26,7.4,24.1,1.80,1013.2
2017-10-27,10.2,23.4,0.00,1012.2
2017-10-28,8.3,20.9,0.00,1012.2
2017-10-29,8.4,16.2,0.00,1013.2
2017-10-30,11.1,27.4,1.70,1012.8
2017-10-31,11.5,25.6,2.80,1012.0
2017-11-01,15.8,33.5,0.20,1012.7
2017-11-02,15.6,33.1,0.00,1011.5
2017-11-03,15.6,32.8,0.00,1011.0
2017-11-04,16.0,33.8,0.00,1011.6
2017-11-05,9.6,23.0,0.00,1012.0
2017-11-06,13.5,28.4,0.00,1011.7
2017-11-07,15.3,32.4,0.00,1011.9
2017-11-08,15.0,31.7,0.00,1011.7
2017-11-09,13.7,27.0,0.00,1010.9
2017-11-10,15.6,32.4,0.00,1011.0
2017-11-11,16.6,34.6,0.00,1011.5
2017-11-12,18.4,37.8,0.00,1009.9
2017-11-13,21.5,43.2,0.00,1008.9
2017-11-14,23.4,46.4,4.30,1008.9
2017-11-15,23.9,43.2,66.40,1008.9
2017-11-16,23.5,44.3,111.60,1008.4
2017-11-17,15.0,33.5,30.10,1009.1
2017-11-18,8.6,26.3,1.50,1010.4
2017-11-19,7.6,19.1,2.80,1011.3
2017-11-20,14.4,30.2,0.20,1011.8
2017-11-21,18.4,37.1,0.00,1011.6
2017-11-22,15.3,31.3,0.00,1010.8
2017-11-23,14.5,30.6,0.00,1010.7
2017-11-24,13.7,29.2,0.00,1012.5
2017-11-25,11.6,25.9,0.00,1013.9
2017-11-26,9.3,22.0,0.00,1014.4
2017-11-27,9.1,19.4,0.00,1012.7
2017-11-28,11.1,17.3,0.00,1012.8
2017-11-29,11.0,21.2,0.00,1014.4
2017-11-30,9.7,18.4,0.00,1013.6
2017-12-01,13.4,28.4,0.00,1013.1
2017-12-02,15.1,31.7,0.00,1014.1
2017-12-03,13.0,28.1,0.00,1014.2
2017-12-04,11.7,26.3,0.00,1013.0
2017-12-05,11.0,22.7,0.00,1012.4
2017-12-06,11.9,26.6,0.00,1011.6
2017-12-07,15.0,28.8,0.40,1011.0
2017-12-08,32.9,60.1,101.00,1009.9
2017-12-09,27.2,49.3,6.90,1008.3
2017-12-10,15.8,28.4,0.00,1010.6
2017-12-11,9.7,20.2,0.00,1012.8
2017-12-12,10.2,20.9,0.00,1013.5
2017-12-13,9.1,16.2,0.00,1013.9
2017-12-14,9.0,20.9,0.00,1014.8
2017-12-15,8.0,17.3,0.00,1015.3
2017-12-16,10.2,22.3,0.00,1016.1
2017-12-17,13.7,29.9,0.00,1017.1
2017-12-18,14.9,31.3,0.00,1017.3
2017-12-19,11.8,26.3,0.00,1017.2
2017-12-20,10.4,21.6,0.00,1017.9
2017-12-21,10.7,20.2,0.00,1017.5
2017-12-22,8.1,18.0,0.00,1015.6
2017-12-23,9.5,21.6,0.00,1013.6
2017-12-24,9.4,23.0,0.00,1013.5
2017-12-25,10.8,22.3,0.00,1013.5
2017-12-26,13.7,29.9,0.00,1014.3
2017-12-27,11.9,25.9,0.00,1014.4
2017-12-28,12.6,28.4,0.00,1014.3
2017-12-29,11.7,27.0,0.00,1015.0
2017-12-30,14.5,30.6,0.00,1014.5
2017-12-31,15.1,31.7,0.20,1013.0
2018-01-01,13.0,26.6,0.90,1010.8
2018-01-02,15.8,33.1,0.00,1010.5
2018-01-03,12.8,27.7,0.00,1011.9
2018-01-04,16.8,35.3,0.00,1013.6
2018-01-05,12.1,27.7,0.00,1012.5
2018-01-06,11.8,24.1,0.00,1011.5
2018-01-07,13.4,28.4,0.00,1012.7
2018-01-08,13.8,30.2,0.00,1014.7
2018-01-09,13.6,29.2,0.00,1016.2
2018-01-10,11.6,27.0,0.00,1016.2
2018-01-11,10.1,20.5,0.00,1014.8
2018-01-12,11.1,23.8,0.00,1013.5
2018-01-13,10.2,24.5,0.00,1013.5
2018-01-14,13.3,29.9,0.00,1014.2
2018-01-15,12.0,20.9,0.00,1013.8
2018-01-16,12.3,27.0,0.00,1012.9
2018-01-17,11.5,24.8,0.00,1013.2
2018-01-18,10.5,19.8,0.00,1013.5
2018-01-19,11.5,24.8,0.00,1014.1
2018-01-20,11.2,24.1,0.00,1013.2
2018-01-21,11.5,24.1,0.00,1012.8
2018-01-22,11.3,24.1,0.00,1011.8
2018-01-23,13.2,27.7,0.00,1011.1
2018-01-24,15.9,33.8,0.00,1009.6
2018-01-25,14.5,32.4,0.00,1009.9
2018-01-26,11.7,27.7,0.00,1011.0
2018-01-27,13.0,28.4,0.00,1011.8
2018-01-28,14.0,31.0,0.00,1013.0
2018-01-29,16.6,34.9,0.00,1013.7
2018-01-30,12.3,27.7,0.00,1012.7
2018-01-31,15.2,27.0,0.00,1011.4
2018-02-01,13.1,28.1,0.00,1011.9
2018-02-02,11.3,25.9,0.00,1011.9
2018-02-03,14.4,31.3,0.00,1013.0
2018-02-04,21.2,42.5,0.00,1012.9
2018-02-05,16.3,33.8,0.00,1014.8
2018-02-06,16.7,34.2,0.00,1013.8
2018-02-07,18.9,38.2,0.00,1011.4
2018-02-08,11.2,25.2,0.00,1010.9
2018-02-09,16.1,34.9,0.00,1010.6
2018-02-10,12.4,34.2,0.50,1013.2
2018-02-11,12.6,27.7,0.00,1015.5
2018-02-12,13.2,31.0,0.00,1016.7
2018-02-13,17.6,37.8,0.00,1017.5
2018-02-14,14.7,32.0,0.00,1017.3
2018-02-15,16.1,36.4,0.00,1017.3
2018-02-16,12.9,29.5,0.00,1015.4
2018-02-17,13.0,30.6,0.00,1011.6
2018-02-18,16.7,35.6,0.00,1011.3
2018-02-19,18.8,38.2,0.00,1011.9
2018-02-20,17.7,36.0,0.00,1011.4
2018-02-21,20.5,42.1,0.00,1009.7
2018-02-22,14.1,32.0,0.00,1009.6
2018-02-23,20.2,40.3,0.00,1010.5
2018-02-24,16.8,34.6,0.00,1012.4
2018-02-25,15.9,32.0,0.00,1011.9
2018-02-26,13.4,26.6,0.00,1010.6
2018-02-27,14.9,32.8,0.00,1010.5
2018-02-28,12.6,29.9,0.00,1010.3
2018-03-01,15.7,33.1,0.00,1009.8
2018-03-02,18.8,39.6,0.00,1008.6
2018-03-03,23.2,46.4,0.00,1006.6
2018-03-04,20.8,43.2,0.00,1007.3
2018-03-05,20.0,42.1,0.00,1009.0
2018-03-06,15.1,33.1,0.00,1010.3
2018-03-07,17.6,38.2,0.00,1010.9
2018-03-08,13.0,31.0,0.00,1011.6
2018-03-09,12.8,29.2,0.00,1011.1
2018-03-10,15.6,34.9,0.00,1010.7
2018-03-11,16.6,36.0,0.00,1011.2
2018-03-12,21.6,47.2,0.00,1010.3
2018-03-13,20.4,40.3,0.00,1009.0
2018-03-14,17.0,36.4,0.00,1008.3
2018-03-15,24.2,47.2,0.00,1007.8
2018-03-16,22.4,40.7,0.00,1008.9
2018-03-17,18.9,40.7,1.30,1009.6
2018-03-18,18.7,38.2,0.00,1010.3
2018-03-19,15.5,32.4,0.00,1011.5
2018-03-20,20.5,42.8,0.00,1009.1
2018-03-21,15.7,34.9,0.00,1008.2
2018-03-22,20.2,45.4,0.00,1006.6
2018-03-23,22.1,45.7,0.00,1006.9
2018-03-24,19.2,38.2,0.00,1009.7
2018-03-25,19.8,41.8,0.10,1011.8
2018-03-26,23.6,47.9,0.00,1010.3
2018-03-27,23.7,47.9,0.00,1008.4
2018-03-28,23.7,47.9,0.00,1007.7
2018-03-29,26.5,53.3,0.00,1007.5
2018-03-30,25.8,52.2,0.30,1007.2
2018-03-31,30.7,59.4,2.30,1007.0
2018-04-01,23.4,47.5,6.90,1008.7
2018-04-02,17.6,31.3,2.50,1009.7
2018-04-03,17.6,38.2,0.00,1008.7
2018-04-04,19.5,40.0,2.40,1007.3
2018-04-05,22.3,45.0,0.90,1006.2
2018-04-06,25.3,52.2,0.20,1007.0
2018-04-07,22.9,49.3,0.00,1008.4
2018-04-08,14.8,32.0,0.30,1010.4
2018-04-09,17.6,38.9,1.20,1010.5
2018-04-10,21.1,43.2,0.00,1009.3
2018-04-11,23.4,47.9,0.00,1008.5
2018-04-12,21.3,45.0,0.00,1007.8
2018-04-13,20.3,42.8,0.70,1008.3
2018-04-14,22.2,47.2,0.00,1007.3
2018-04-15,21.8,45.0,0.00,1007.5
2018-04-16,17.7,42.8,1.10,1008.0
2018-04-17,22.3,47.5,0.00,1008.2
2018-04-18,26.1,53.6,0.00,1006.7
2018-04-19,27.6,56.2,0.00,1004.8
2018-04-20,30.2,60.1,0.20,1005.3
2018-04-21,31.7,61.2,0.00,1004.5
2018-04-22,29.7,59.0,0.00,1005.3
2018-04-23,24.7,50.4,10.30,1006.4
2018-04-24,24.1,49.0,0.00,1006.5
2018-04-25,25.7,52.9,0.00,1005.4
2018-04-26,26.4,55.4,0.50,1005.4
2018-04-27,24.1,50.8,0.10,1007.6
2018-04-28,26.2,53.6,0.00,1007.1
2018-04-29,30.6,60.8,0.00,1004.8
2018-04-30,30.4,60.8,0.00,1004.5
2018-05-01,26.6,54.4,0.00,1006.2
2018-05-02,26.2,52.6,0.00,1006.4
2018-05-03,19.4,39.6,0.40,1007.8
2018-05-04,27.8,55.1,0.00,1007.3
2018-05-05,30.1,59.0,0.00,1006.8
2018-05-06,30.8,60.8,0.00,1006.7
2018-05-07,27.6,55.4,0.10,1004.9
2018-05-08,29.5,58.0,0.00,1003.7
2018-05-09,28.8,57.6,0.00,1005.0
2018-05-10,28.7,58.0,0.00,1006.8
2018-05-11,30.0,58.7,2.70,1005.8
2018-05-12,24.8,51.8,0.10,1005.5
2018-05-13,27.2,56.5,0.00,1005.1
2018-05-14,24.0,44.6,2.90,1006.9
2018-05-15,26.3,53.3,0.00,1005.5
2018-05-16,29.3,58.7,0.20,1004.0
2018-05-17,26.3,51.8,0.00,1003.9
2018-05-18,26.1,52.2,0.00,1002.7
2018-05-19,27.5,54.7,0.00,1003.0
2018-05-20,26.9,54.0,0.00,1003.8
2018-05-21,28.5,56.9,0.70,1004.2
2018-05-22,28.5,56.9,0.00,1004.2
2018-05-23,23.6,47.5,0.80,1004.5
2018-05-24,28.6,57.2,1.90,1003.4
2018-05-25,25.6,52.2,0.00,1003.2
2018-05-26,24.3,48.6,0.50,1003.4
2018-05-27,22.3,46.1,0.70,1003.3
2018-05-28,22.4,46.4,0.30,1001.0
2018-05-29,20.5,43.9,0.30,999.8
2018-05-30,26.2,53.6,0.50,1000.6
2018-05-31,25.3,52.6,0.00,1002.9
2018-06-01,21.8,46.1,1.70,1004.5
2018-06-02,16.6,36.7,4.50,1004.3
2018-06-03,20.8,42.1,1.00,1001.8
2018-06-04,20.9,44.3,2.40,1001.0
2018-06-05,14.5,35.6,1.90,1003.1
2018-06-06,13.5,28.4,10.60,1003.6
2018-06-07,17.6,37.8,2.40,1000.7
2018-06-08,19.2,42.1,29.40,997.5
2018-06-09,19.3,37.1,10.90,995.5
2018-06-10,17.8,32.4,0.60,994.8
2018-06-11,19.9,41.4,2.30,994.6
2018-06-12,19.6,40.0,18.60,994.7
2018-06-13,21.3,40.0,0.70,996.1
2018-06-14,22.7,53.3,0.90,997.5
2018-06-15,21.0,42.8,0.00,998.8
2018-06-16,18.8,34.2,0.00,999.9
2018-06-17,16.3,34.6,1.00,999.4
2018-06-18,16.6,35.6,0.00,998.5
2018-06-19,17.9,36.4,0.00,998.9
2018-06-20,20.4,41.8,0.00,1000.5
2018-06-21,22.8,45.7,10.00,1001.6
2018-06-22,19.7,37.1,13.70,1001.3
2018-06-23,19.4,38.9,14.80,1001.2
2018-06-24,23.6,47.2,3.80,1000.6
2018-06-25,18.6,34.6,16.30,999.3
2018-06-26,17.9,32.4,24.30,998.4
2018-06-27,15.5,28.1,38.00,998.2
2018-06-28,24.5,52.2,18.60,1001.1
2018-06-29,25.4,50.0,2.30,1002.4
2018-06-30,22.9,45.7,8.50,1002.5
2018-07-01,24.5,51.8,16.40,1002.2
2018-07-02,25.9,49.7,30.20,1001.7
2018-07-03,24.2,49.0,5.30,1001.1
2018-07-04,17.1,41.8,6.30,1000.4
2018-07-05,16.1,37.4,1.90,1000.0
2018-07-06,14.9,32.4,7.40,998.4
2018-07-07,15.6,32.8,17.30,997.2
2018-07-08,19.9,38.9,2.70,996.1
2018-07-09,19.2,40.3,3.80,996.8
2018-07-10,20.4,42.8,6.10,997.4
2018-07-11,16.5,32.4,29.90,996.9
2018-07-12,14.0,29.9,24.80,995.7
2018-07-13,13.0,28.1,11.30,995.6
2018-07-14,18.1,38.5,24.50,994.4
2018-07-15,30.6,59.4,4.50,992.2
2018-07-16,26.1,53.3,31.40,992.8
2018-07-17,22.4,40.7,2.40,995.7
2018-07-18,12.4,24.8,14.90,996.8
2018-07-19,11.5,29.5,32.20,996.5
2018-07-20,26.8,59.4,26.30,993.9
2018-07-21,26.6,49.3,154.90,992.9
2018-07-22,33.4,78.8,17.30,995.4
2018-07-23,28.8,55.1,1.60,998.5
2018-07-24,20.9,42.1,3.50,1000.7
2018-07-25,20.0,38.5,7.30,1000.6
2018-07-26,15.2,36.7,5.70,1000.7
2018-07-27,14.8,38.2,11.40,1000.4
2018-07-28,17.3,34.9,5.80,1000.0
2018-07-29,19.5,38.9,9.10,999.2
2018-07-30,16.7,36.0,36.60,999.0
2018-07-31,19.5,41.0,13.90,999.1
2018-08-01,19.7,45.7,3.90,1000.2
2018-08-02,17.1,42.1,14.50,1001.2
2018-08-03,19.4,41.4,9.80,1000.8
2018-08-04,17.2,42.5,1.10,1000.1
2018-08-05,13.7,36.0,25.00,999.6
2018-08-06,15.9,30.2,76.40,997.3
2018-08-07,26.7,52.9,24.30,994.8
2018-08-08,23.9,48.6,12.60,997.7
2018-08-09,14.2,32.4,3.10,1001.1
2018-08-10,14.0,29.2,5.90,1000.9
2018-08-11,17.0,36.4,2.50,998.2
2018-08-12,13.4,29.9,1.50,996.1
2018-08-13,14.0,32.4,2.30,996.0
2018-08-14,16.5,35.6,12.70,995.0
2018-08-15,29.1,55.4,11.50,994.6
2018-08-16,19.9,41.4,5.60,998.2
2018-08-17,16.6,34.9,8.60,997.8
2018-08-18,12.6,31.3,2.50,996.5
2018-08-19,14.1,37.1,16.20,996.0
2018-08-20,16.2,34.6,8.80,997.2
2018-08-21,16.9,37.1,3.50,998.4
2018-08-22,18.7,38.9,0.50,1000.1
2018-08-23,15.3,32.8,1.50,1000.3
2018-08-24,12.0,23.8,15.40,999.6
2018-08-25,15.9,33.1,16.70,998.4
2018-08-26,17.6,32.4,18.40,995.9
2018-08-27,15.9,32.0,10.90,997.2
2018-08-28,19.6,38.9,9.40,999.9
2018-08-29,18.9,43.9,14.80,1002.0
2018-08-30,14.3,31.3,10.60,1001.1
2018-08-31,16.6,35.3,20.90,1000.9
2018-09-01,17.1,34.6,18.00,1001.7
2018-09-02,16.5,34.2,13.60,1002.6
2018-09-03,17.9,36.7,5.30,1002.7
2018-09-04,16.0,32.8,6.90,1002.4
2018-09-05,23.9,44.3,75.10,1000.1
2018-09-06,31.6,58.7,77.90,996.5
2018-09-07,25.6,48.6,12.10,1001.2
2018-09-08,14.0,32.0,5.00,1004.4
2018-09-09,15.5,32.8,1.90,1006.2
2018-09-10,17.4,36.7,5.70,1008.2
2018-09-11,14.9,32.0,10.60,1008.0
2018-09-12,15.7,37.8,5.30,1005.7
2018-09-13,15.4,32.0,1.30,1004.7
2018-09-14,14.4,31.3,5.80,1005.6
2018-09-15,8.5,31.0,9.00,1006.1
2018-09-16,15.1,33.5,6.00,1004.6
2018-09-17,12.0,32.0,3.00,1003.2
2018-09-18,14.6,33.8,0.20,1003.0
2018-09-19,19.7,42.5,4.80,1001.9
2018-09-20,34.1,66.6,34.90,998.7
2018-09-21,39.3,74.9,19.70,1004.3
2018-09-22,18.2,37.8,4.50,1010.4
2018-09-23,12.4,27.4,1.00,1011.2
2018-09-24,17.4,34.9,1.60,1009.3
2018-09-25,11.8,26.6,4.40,1007.6
2018-09-26,14.1,28.8,3.50,1007.2
2018-09-27,15.3,32.4,1.20,1007.7
2018-09-28,11.6,29.2,3.00,1008.1
2018-09-29,9.0,29.2,2.00,1008.2
2018-09-30,6.6,27.0,3.10,1007.8
2018-10-01,8.9,22.7,1.10,1008.5
2018-10-02,9.7,21.6,0.20,1009.1
2018-10-03,11.2,23.4,0.60,1009.1
2018-10-04,10.1,25.9,0.00,1009.6
2018-10-05,6.9,27.0,0.40,1010.0
2018-10-06,7.6,26.6,0.40,1009.8
2018-10-07,9.8,21.6,0.00,1009.4
2018-10-08,14.1,29.2,0.00,1008.5
2018-10-09,22.2,43.9,1.50,1007.3
2018-10-10,28.6,54.7,66.20,1004.8
2018-10-11,26.8,54.0,6.40,1005.2
2018-10-12,37.1,70.2,17.50,1006.2
2018-10-13,21.8,43.2,6.20,1008.8
2018-10-14,9.1,20.9,0.50,1010.8
2018-10-15,9.4,26.3,2.20,1012.0
2018-10-16,10.8,23.4,0.10,1011.9
2018-10-17,13.8,27.4,0.00,1010.9
2018-10-18,14.6,27.4,0.00,1010.0
2018-10-19,8.9,20.5,0.00,1010.6
2018-10-20,8.9,20.9,0.00,1011.9
2018-10-21,10.0,23.0,0.00,1012.0
2018-10-22,9.5,19.8,0.00,1011.2
2018-10-23,10.1,26.6,0.00,1011.2
2018-10-24,6.5,19.8,2.60,1011.7
2018-10-25,13.3,27.0,0.00,1013.3
2018-10-26,9.5,18.7,0.00,1014.0
2018-10-27,12.0,24.1,0.00,1014.0
2018-10-28,13.0,29.5,0.50,1013.3
2018-10-29,19.5,37.1,23.90,1011.4
2018-10-30,28.7,56.2,40.40,1010.0
2018-10-31,21.4,42.5,0.50,1011.1
2018-11-01,12.9,25.9,1.10,1011.9
2018-11-02,10.1,24.1,0.50,1012.1
2018-11-03,8.7,20.2,0.30,1012.7
2018-11-04,11.3,24.1,0.20,1012.5
2018-11-05,11.2,24.1,0.10,1011.7
2018-11-06,12.9,27.0,0.30,1011.7
2018-11-07,7.4,19.4,1.60,1012.7
2018-11-08,9.4,23.0,1.30,1012.4
2018-11-09,10.3,22.7,0.80,1011.3
2018-11-10,12.3,25.2,0.50,1011.8
2018-11-11,15.3,32.4,0.00,1012.4
2018-11-12,17.6,36.4,0.00,1011.3
2018-11-13,14.8,32.0,0.00,1009.8
2018-11-14,13.5,29.5,0.00,1010.6
2018-11-15,10.0,18.0,0.00,1012.2
2018-11-16,9.0,18.0,0.00,1011.9
2018-11-17,11.9,24.1,0.00,1011.3
2018-11-18,9.9,22.0,0.00,1012.6
2018-11-19,10.6,24.5,0.00,1014.2
2018-11-20,9.4,22.0,0.00,1014.3
2018-11-21,9.8,19.1,0.20,1014.4
2018-11-22,11.5,26.6,0.00,1014.9
2018-11-23,10.7,21.6,0.00,1015.3
2018-11-24,10.0,23.0,0.00,1015.0
2018-11-25,11.6,21.6,0.00,1014.6
2018-11-26,11.1,18.4,0.00,1013.6
2018-11-27,10.8,20.5,0.20,1015.1
2018-11-28,10.3,20.9,0.00,1015.4
2018-11-29,13.5,28.4,0.00,1016.0
2018-11-30,13.3,28.1,0.00,1015.7
2018-12-01,10.7,21.2,0.00,1013.9
2018-12-02,13.4,28.8,0.00,1012.8
2018-12-03,13.0,27.0,0.00,1014.0
2018-12-04,14.0,29.5,0.00,1014.8
2018-12-05,11.5,23.4,0.00,1013.0
2018-12-06,14.8,30.2,0.00,1012.0
2018-12-07,12.1,27.4,0.20,1012.3
2018-12-08,14.6,31.3,0.00,1013.9
2018-12-09,14.6,28.4,0.00,1013.2
2018-12-10,13.2,26.6,0.00,1013.0
2018-12-11,10.1,23.8,0.00,1012.8
2018-12-12,13.0,26.6,0.00,1013.9
2018-12-13,16.1,34.9,0.00,1015.0
2018-12-14,19.6,40.3,0.00,1016.0
2018-12-15,21.6,42.1,0.00,1016.8
2018-12-16,20.4,38.9,8.40,1016.5
2018-12-17,29.6,57.6,6.90,1014.4
2018-12-18,28.2,56.5,28.60,1013.5
2018-12-19,16.9,31.7,0.00,1016.0
2018-12-20,13.4,29.5,0.00,1015.9
2018-12-21,12.5,26.6,0.00,1014.8
2018-12-22,17.2,35.6,0.00,1015.5
2018-12-23,15.1,32.0,0.00,1015.4
2018-12-24,12.0,27.0,0.00,1014.6
2018-12-25,10.5,22.3,0.00,1014.0
2018-12-26,12.5,25.6,0.00,1013.6
2018-12-27,12.8,27.4,0.00,1013.2
2018-12-28,18.1,37.4,0.00,1013.9
2018-12-29,12.7,28.1,0.00,1016.9
2018-12-30,14.8,32.0,0.00,1018.1
2018-12-31,13.1,29.2,0.00,1018.1
2019-01-01,12.9,27.0,0.00,1018.4
2019-01-02,10.5,23.8,0.00,1018.1
2019-01-03,10.6,21.6,0.00,1018.4
2019-01-04,13.6,29.9,0.00,1018.8
2019-01-05,14.1,29.9,0.00,1017.3
2019-01-06,11.5,27.0,0.00,1015.5
2019-01-07,12.5,25.9,0.00,1013.8
2019-01-08,11.0,25.2,0.00,1013.4
2019-01-09,10.8,24.5,0.00,1014.5
2019-01-10,14.8,31.3,0.00,1015.1
2019-01-11,15.2,32.8,0.00,1015.9
2019-01-12,10.9,24.8,0.00,1016.0
2019-01-13,10.9,24.5,0.00,1015.9
2019-01-14,11.0,24.8,0.00,1014.3
2019-01-15,19.1,39.6,0.00,1015.3
2019-01-16,13.2,30.2,0.00,1015.9
2019-01-17,11.0,23.4,0.00,1014.1
2019-01-18,13.0,28.8,0.00,1014.1
2019-01-19,10.5,25.6,0.00,1015.2
2019-01-20,10.8,24.8,0.00,1015.6
2019-01-21,11.4,24.1,0.00,1015.2
2019-01-22,10.3,22.7,0.00,1015.2
2019-01-23,9.0,22.0,0.00,1015.0
2019-01-24,10.5,22.7,0.00,1015.4
2019-01-25,11.3,25.6,0.00,1015.5
2019-01-26,13.1,29.9,0.00,1015.8
2019-01-27,18.2,37.8,0.00,1016.2
2019-01-28,15.9,32.8,0.20,1016.6
2019-01-29,19.5,41.4,0.00,1016.2
2019-01-30,16.1,35.6,0.00,1017.7
2019-01-31,14.0,30.6,0.00,1017.0
2019-02-01,10.8,22.7,0.00,1015.6
2019-02-02,11.7,25.6,0.00,1014.3
2019-02-03,11.9,26.3,0.00,1016.2
2019-02-04,12.6,28.1,0.00,1017.4
2019-02-05,12.8,28.8,0.00,1015.9
2019-02-06,10.4,23.4,0.00,1013.1
2019-02-07,12.6,28.8,0.00,1013.6
2019-02-08,14.9,32.8,0.00,1013.4
2019-02-09,15.3,33.1,0.10,1013.6
2019-02-10,20.9,43.2,0.00,1017.1
2019-02-11,17.4,37.4,0.00,1017.5
2019-02-12,15.3,34.2,0.00,1018.4
2019-02-13,12.2,28.1,0.00,1017.6
2019-02-14,13.3,28.8,0.00,1015.0
2019-02-15,12.6,28.1,0.00,1014.3
2019-02-16,21.0,40.3,0.00,1014.3
2019-02-17,17.6,42.5,0.40,1010.8
2019-02-18,15.2,33.8,0.00,1010.6
2019-02-19,14.8,32.8,0.00,1012.6
2019-02-20,18.9,39.2,0.00,1015.0
2019-02-21,17.6,34.9,0.00,1015.8
2019-02-22,18.0,37.4,0.00,1012.2
2019-02-23,12.8,27.0,0.00,1009.6
2019-02-24,13.9,33.5,0.00,1009.4
2019-02-25,16.8,33.8,0.70,1010.2
2019-02-26,25.7,51.8,0.00,1009.4
2019-02-27,26.1,53.3,0.30,1008.8
2019-02-28,18.4,39.2,8.60,1010.0
2019-03-01,22.7,46.4,0.00,1013.0
2019-03-02,15.6,35.6,0.00,1013.2
2019-03-03,14.5,31.0,0.00,1010.8
2019-03-04,24.3,48.6,0.50,1007.5
2019-03-05,26.2,51.5,9.80,1006.2
2019-03-06,14.5,37.8,8.20,1007.9
2019-03-07,21.3,43.2,0.00,1009.4
2019-03-08,13.7,31.7,0.00,1011.5
2019-03-09,15.8,33.8,0.00,1011.9
2019-03-10,25.0,50.0,0.00,1011.4
2019-03-11,18.3,42.1,0.90,1011.7
2019-03-12,17.5,37.8,0.00,1011.9
2019-03-13,14.8,33.5,0.00,1011.7
2019-03-14,12.1,28.4,0.00,1012.2
2019-03-15,11.1,28.1,0.20,1013.2
2019-03-16,13.1,28.8,0.00,1013.2
2019-03-17,14.1,33.8,0.00,1012.6
2019-03-18,14.2,28.4,0.00,1012.7
2019-03-19,19.6,41.0,1.20,1009.9
2019-03-20,16.5,37.1,1.60,1010.0
2019-03-21,19.6,43.9,0.20,1010.8
2019-03-22,22.1,45.4,4.80,1010.4
2019-03-23,13.3,24.8,0.00,1010.0
2019-03-24,13.5,32.0,0.00,1010.0
2019-03-25,13.7,30.6,0.00,1010.1
2019-03-26,18.4,39.6,0.00,1010.7
2019-03-27,17.3,38.9,0.00,1012.4
2019-03-28,17.3,36.7,0.00,1011.3
2019-03-29,21.9,44.6,0.00,1008.7
2019-03-30,23.6,48.6,0.00,1007.3
2019-03-31,25.5,52.6,0.00,1007.0
2019-04-01,25.6,52.6,0.00,1007.7
2019-04-02,21.9,47.2,0.00,1007.7
2019-04-03,23.0,47.9,0.00,1008.7
2019-04-04,27.8,56.9,0.00,1009.5
2019-04-05,22.2,45.4,0.00,1008.1
2019-04-06,24.7,51.5,0.00,1007.8
2019-04-07,24.6,50.0,0.00,1008.3
2019-04-08,29.7,58.0,0.90,1007.5
2019-04-09,29.3,59.4,3.50,1007.3
2019-04-10,25.1,51.5,0.00,1008.2
2019-04-11,23.9,49.0,0.00,1007.2
2019-04-12,23.8,47.9,0.00,1006.6
2019-04-13,20.2,43.9,0.00,1007.1
2019-04-14,19.5,41.8,5.30,1007.3
2019-04-15,22.3,47.5,0.00,1006.5
2019-04-16,20.6,43.6,0.00,1006.6
2019-04-17,19.9,40.3,0.00,1008.3
2019-04-18,13.9,33.1,0.00,1009.0
2019-04-19,16.1,33.1,0.10,1008.0
2019-04-20,19.2,40.0,0.00,1006.4
2019-04-21,16.7,38.9,0.10,1005.6
2019-04-22,18.0,39.6,0.00,1005.8
2019-04-23,17.5,39.6,0.00,1007.5
2019-04-24,20.9,45.0,0.00,1008.1
2019-04-25,23.6,49.0,0.00,1007.3
2019-04-26,23.8,50.0,0.00,1005.8
2019-04-27,28.0,53.6,0.00,1004.8
2019-04-28,26.7,54.4,0.00,1005.0
2019-04-29,27.4,55.8,0.00,1005.5
2019-04-30,24.5,51.1,0.00,1005.8
2019-05-01,20.5,43.6,0.00,1005.1
2019-05-02,27.1,56.2,12.50,1003.8
2019-05-03,70.2,133.9,85.80,995.9
2019-05-04,29.6,59.0,0.00,1004.5
2019-05-05,19.5,39.6,0.00,1006.6
2019-05-06,20.5,43.6,32.40,1005.1
2019-05-07,23.7,48.2,0.00,1004.0
2019-05-08,25.0,50.0,0.00,1003.1
2019-05-09,25.5,50.8,0.00,1002.1
2019-05-10,24.8,49.7,0.00,1003.5
2019-05-11,26.5,50.8,0.00,1005.4
2019-05-12,22.6,45.7,0.00,1004.9
2019-05-13,25.4,49.7,0.00,1004.1
2019-05-14,25.5,51.5,0.00,1004.3
2019-05-15,28.3,55.4,0.00,1005.4
2019-05-16,23.2,47.2,0.00,1006.0
2019-05-17,24.7,49.7,0.00,1004.9
2019-05-18,22.9,46.8,0.00,1003.8
2019-05-19,22.5,46.8,1.30,1005.3
2019-05-20,24.2,47.5,0.00,1006.3
2019-05-21,24.8,50.4,0.00,1006.0
2019-05-22,24.6,49.0,0.00,1004.9
2019-05-23,29.5,57.2,0.00,1004.9
2019-05-24,33.5,65.2,0.00,1004.0
2019-05-25,31.5,61.6,0.00,1001.7
2019-05-26,25.6,50.4,0.80,1002.4
2019-05-27,23.1,47.9,0.00,1002.9
2019-05-28,25.7,51.5,0.00,1002.6
2019-05-29,26.4,52.9,0.00,1002.1
2019-05-30,31.8,63.0,0.00,1002.0
2019-05-31,31.4,61.6,0.00,1002.7
2019-06-01,27.4,55.1,0.00,1002.8
2019-06-02,27.6,55.4,0.50,1003.4
2019-06-03,26.9,54.0,4.00,1003.4
2019-06-04,28.8,57.2,0.10,1002.7
2019-06-05,35.6,69.5,97.80,1001.5
2019-06-06,37.7,72.7,32.90,1001.5
2019-06-07,21.6,42.8,23.20,1002.8
2019-06-08,11.9,32.4,0.50,1002.2
2019-06-09,25.0,49.7,0.10,1000.7
2019-06-10,22.1,41.4,0.10,998.6
2019-06-11,19.0,35.6,0.00,998.2
2019-06-12,22.2,43.2,0.10,998.1
2019-06-13,20.2,39.6,0.60,999.2
2019-06-14,23.7,43.2,15.20,998.6
2019-06-15,22.5,56.2,1.70,999.0
2019-06-16,24.5,47.5,4.20,999.2
2019-06-17,23.8,45.7,5.70,999.1
2019-06-18,20.0,35.6,2.80,998.9
2019-06-19,19.3,39.6,4.30,999.1
2019-06-20,13.4,29.5,10.50,1000.0
2019-06-21,15.0,28.4,17.10,1000.3
2019-06-22,28.1,54.7,3.10,1000.7
2019-06-23,21.2,43.6,2.50,1002.2
2019-06-24,20.5,41.8,0.70,1004.1
2019-06-25,22.1,44.6,0.10,1004.3
2019-06-26,23.5,46.8,0.30,1002.9
2019-06-27,25.3,49.0,0.10,999.8
2019-06-28,19.4,45.4,7.80,998.7
2019-06-29,17.1,35.3,27.80,997.7
2019-06-30,11.4,21.2,20.00,997.1
2019-07-01,21.7,45.0,62.20,994.8
2019-07-02,26.1,50.0,63.50,995.3
2019-07-03,24.2,48.6,12.60,998.0
2019-07-04,24.2,46.1,13.40,998.3
2019-07-05,25.4,47.2,22.20,995.5
2019-07-06,29.1,56.2,27.20,995.0
2019-07-07,27.4,60.5,7.10,997.2
2019-07-08,31.4,61.9,3.60,999.2
2019-07-09,29.4,57.2,3.40,999.9
2019-07-10,30.4,60.8,1.90,1000.1
2019-07-11,32.9,63.4,0.80,1002.0
2019-07-12,24.4,47.9,5.10,1003.7
2019-07-13,21.9,42.8,2.70,1003.6
2019-07-14,19.1,45.0,0.90,1001.6
2019-07-15,19.0,44.3,6.00,1000.3
2019-07-16,14.0,31.0,4.80,1001.1
2019-07-17,9.5,35.3,7.10,1000.5
2019-07-18,15.2,33.1,4.50,1000.1
2019-07-19,21.6,42.1,3.40,1000.4
2019-07-20,22.0,45.0,1.70,1002.2
2019-07-21,20.2,40.7,0.50,1003.2
2019-07-22,20.0,41.4,1.00,1002.8
2019-07-23,21.2,42.8,0.30,1002.3
2019-07-24,20.6,42.5,2.30,1001.4
2019-07-25,19.7,38.5,14.90,1001.7
2019-07-26,17.8,33.1,27.00,998.9
2019-07-27,18.0,37.8,1.00,997.9
2019-07-28,18.5,34.2,41.50,997.6
2019-07-29,33.9,69.1,15.60,999.2
2019-07-30,32.7,62.6,4.10,1002.1
2019-07-31,23.9,43.9,1.50,1001.3
2019-08-01,20.9,41.0,5.90,999.8
2019-08-02,17.4,32.8,8.50,998.1
2019-08-03,22.5,42.5,3.30,998.4
2019-08-04,22.3,44.6,1.70,997.7
2019-08-05,18.9,40.3,9.20,995.2
2019-08-06,18.8,36.4,67.20,991.7
2019-08-07,29.3,55.8,13.30,988.9
2019-08-08,35.9,68.4,6.80,994.4
2019-08-09,25.0,46.1,1.00,999.6
2019-08-10,15.1,34.6,6.90,999.7
2019-08-11,13.1,32.0,9.70,998.4
2019-08-12,16.8,33.1,37.80,997.2
2019-08-13,29.6,55.8,8.90,997.8
2019-08-14,34.3,64.4,0.90,1001.7
2019-08-15,23.7,46.1,5.00,1004.3
2019-08-16,18.4,35.3,4.00,1003.3
2019-08-17,16.5,31.0,13.00,1002.8
2019-08-18,19.1,39.6,23.20,1003.7
2019-08-19,21.5,43.6,1.60,1004.2
2019-08-20,21.1,40.7,2.50,1002.9
2019-08-21,15.5,34.9,6.50,1001.2
2019-08-22,13.5,31.7,4.00,1000.8
2019-08-23,14.7,28.1,9.10,1001.4
2019-08-24,11.2,26.3,13.00,1001.0
2019-08-25,11.9,23.0,18.70,1000.7
2019-08-26,22.3,43.6,31.50,1000.8
2019-08-27,19.1,36.7,11.40,1001.2
2019-08-28,14.0,26.6,20.60,1002.3
2019-08-29,13.8,32.0,13.00,1002.3
2019-08-30,14.5,33.5,9.60,1000.6
2019-08-31,14.8,33.8,3.00,999.6
2019-09-01,13.1,31.0,2.40,1000.2
2019-09-02,17.2,35.3,18.40,999.8
2019-09-03,11.9,25.9,12.40,998.2
2019-09-04,19.8,38.5,8.20,997.5
2019-09-05,14.8,30.2,5.90,996.7
2019-09-06,18.8,40.0,8.00,994.9
2019-09-07,27.9,55.1,4.50,996.4
2019-09-08,24.6,49.3,6.60,999.9
2019-09-09,22.2,42.5,1.90,1000.9
2019-09-10,24.7,46.8,8.90,1001.4
2019-09-11,23.0,44.6,30.90,1002.6
2019-09-12,30.7,57.6,7.20,1004.2
2019-09-13,29.8,58.7,1.50,1005.9
2019-09-14,21.3,42.1,2.20,1005.9
2019-09-15,17.2,37.1,3.60,1005.1
2019-09-16,17.7,36.0,0.90,1004.2
2019-09-17,17.4,36.4,2.40,1005.1
2019-09-18,19.9,41.4,2.20,1007.1
2019-09-19,14.7,35.3,5.00,1008.2
2019-09-20,13.4,32.0,4.20,1007.7
2019-09-21,9.4,27.0,0.50,1006.9
2019-09-22,10.8,31.0,9.90,1008.1
2019-09-23,17.9,37.8,18.90,1008.2
2019-09-24,20.2,39.2,19.80,1008.4
2019-09-25,19.4,41.0,19.00,1012.1
2019-09-26,9.7,24.1,5.80,1014.3
2019-09-27,11.3,26.6,11.80,1013.9
2019-09-28,14.4,29.5,4.80,1012.1
2019-09-29,13.1,27.4,3.30,1012.2
2019-09-30,16.1,37.4,6.80,1009.7
2019-10-01,13.0,35.6,10.20,1008.7
2019-10-02,11.2,30.6,7.00,1008.9
2019-10-03,12.0,29.5,4.10,1008.5
2019-10-04,15.5,31.7,3.80,1008.3
2019-10-05,13.4,29.5,1.50,1008.0
2019-10-06,13.7,27.4,6.50,1008.9
2019-10-07,9.2,24.1,3.40,1009.3
2019-10-08,11.9,27.0,8.70,1009.7
2019-10-09,8.7,23.0,14.40,1009.3
2019-10-10,11.4,25.2,7.00,1009.2
2019-10-11,9.2,22.3,9.50,1009.5
2019-10-12,9.4,23.4,4.40,1010.0
2019-10-13,12.8,28.4,0.70,1010.6
2019-10-14,13.6,29.5,0.70,1011.3
2019-10-15,14.2,30.6,0.40,1011.6
2019-10-16,10.3,24.1,5.30,1012.1
2019-10-17,8.2,22.0,1.10,1012.2
2019-10-18,11.5,26.6,0.10,1012.0
2019-10-19,9.8,23.8,0.00,1012.4
2019-10-20,10.7,24.5,0.00,1011.9
2019-10-21,10.5,21.6,0.00,1010.4
2019-10-22,11.1,25.6,1.00,1008.7
2019-10-23,12.7,27.4,22.00,1008.4
2019-10-24,23.4,49.7,36.80,1008.4
2019-10-25,22.0,43.2,14.60,1008.1
2019-10-26,12.5,30.6,8.30,1010.3
2019-10-27,10.8,24.1,4.70,1011.0
2019-10-28,16.3,33.5,0.60,1011.8
2019-10-29,13.2,26.3,0.00,1012.0
2019-10-30,10.4,20.9,0.00,1011.2
2019-10-31,7.4,22.3,2.30,1010.4
2019-11-01,10.1,23.4,0.80,1010.5
2019-11-02,11.8,26.3,0.00,1011.1
2019-11-03,10.0,21.6,0.00,1011.2
2019-11-04,10.6,23.4,0.00,1011.2
2019-11-05,10.9,26.3,0.00,1009.5
2019-11-06,16.8,34.9,0.00,1008.3
2019-11-07,18.7,38.5,0.00,1008.2
2019-11-08,44.3,82.1,62.90,1004.9
2019-11-09,46.6,92.5,107.10,1000.9
2019-11-10,19.7,36.7,0.30,1007.8
2019-11-11,11.9,26.6,0.20,1009.8
2019-11-12,10.1,21.6,0.70,1012.0
2019-11-13,10.9,23.4,0.00,1013.8
2019-11-14,10.5,23.4,0.00,1013.9
2019-11-15,9.7,23.0,0.00,1012.8
2019-11-16,10.4,23.8,0.00,1012.5
2019-11-17,10.4,21.2,0.00,1012.4
2019-11-18,8.3,20.2,0.00,1012.7
2019-11-19,9.4,21.6,0.00,1012.9
2019-11-20,10.7,24.1,0.00,1013.4
2019-11-21,11.5,24.8,0.00,1014.2
2019-11-22,10.6,22.7,0.00,1014.5
2019-11-23,11.5,25.2,0.00,1014.0
2019-11-24,10.7,23.4,0.00,1013.4
2019-11-25,9.1,22.7,0.00,1014.0
2019-11-26,11.0,25.9,0.00,1013.7
2019-11-27,13.4,29.5,0.00,1013.9
2019-11-28,12.0,27.7,0.00,1013.9
2019-11-29,10.9,23.8,0.00,1013.6
2019-11-30,10.7,22.7,0.00,1013.5
2019-12-01,9.8,22.3,0.00,1014.1
2019-12-02,11.5,24.5,0.00,1014.4
2019-12-03,10.2,22.7,0.00,1014.6
2019-12-04,16.8,35.3,0.00,1016.0
2019-12-05,15.3,32.4,0.00,1017.1
2019-12-06,11.3,22.7,0.00,1016.9
2019-12-07,14.1,32.0,0.60,1015.7
2019-12-08,10.7,21.6,0.20,1015.8
2019-12-09,8.9,18.4,0.60,1015.4
2019-12-10,9.9,20.5,1.20,1013.5
2019-12-11,10.0,21.2,0.90,1012.7
2019-12-12,10.7,21.2,0.30,1013.6
2019-12-13,12.0,25.6,0.10,1015.0
2019-12-14,9.7,22.7,0.00,1016.1
2019-12-15,9.6,23.8,0.00,1015.4
2019-12-16,13.1,27.4,0.20,1014.9
2019-12-17,15.7,32.4,0.00,1015.9
2019-12-18,17.2,36.4,0.00,1016.5
2019-12-19,14.9,31.7,0.00,1015.2
2019-12-20,11.8,27.0,0.00,1013.9
2019-12-21,12.1,26.6,0.00,1014.3
2019-12-22,12.1,26.6,0.00,1014.7
2019-12-23,14.0,30.6,0.00,1015.2
2019-12-24,15.0,32.4,0.00,1015.7
2019-12-25,10.3,23.4,0.00,1014.7
2019-12-26,7.6,24.5,1.60,1013.8
2019-12-27,18.7,37.1,4.00,1013.7
2019-12-28,18.7,39.2,0.00,1015.8
2019-12-29,13.0,27.7,0.00,1016.1
2019-12-30,16.0,33.8,0.00,1016.4
2019-12-31,13.3,29.9,0.00,1017.2
2020-01-01,15.9,33.1,0.00,1018.1
2020-01-02,17.7,35.3,0.70,1018.6
2020-01-03,18.4,37.4,15.00,1016.1
2020-01-04,12.8,26.3,16.80,1014.2
2020-01-05,14.1,28.1,0.60,1014.9
2020-01-06,15.3,32.0,0.00,1017.7
2020-01-07,9.9,19.8,0.00,1016.2
2020-01-08,10.8,26.6,0.00,1014.5
2020-01-09,12.2,27.0,0.00,1013.8
2020-01-10,16.9,34.2,1.00,1015.2
2020-01-11,16.0,33.5,0.00,1016.5
2020-01-12,13.7,27.7,0.00,1014.4
2020-01-13,10.8,20.2,0.00,1012.5
2020-01-14,9.9,21.6,0.00,1012.9
2020-01-15,10.0,19.1,0.00,1014.0
2020-01-16,8.9,20.9,0.00,1014.1
2020-01-17,11.1,20.5,0.00,1014.6
2020-01-18,11.0,20.5,0.00,1014.3
2020-01-19,9.9,20.5,0.00,1013.9
2020-01-20,15.8,34.2,0.00,1015.6
2020-01-21,14.0,30.6,0.40,1017.3
2020-01-22,11.2,24.1,0.00,1017.0
2020-01-23,14.4,29.9,0.00,1014.8
2020-01-24,18.5,38.9,0.10,1014.5
2020-01-25,13.0,29.2,0.00,1014.3
2020-01-26,10.8,25.2,0.70,1012.5
2020-01-27,14.0,30.6,0.00,1012.3
2020-01-28,16.7,34.2,0.00,1012.6
2020-01-29,17.8,38.9,4.90,1013.1
2020-01-30,17.7,38.9,6.60,1012.3
2020-01-31,17.4,35.6,0.00,1013.2
2020-02-01,14.4,31.0,0.70,1014.6
2020-02-02,16.1,35.3,0.30,1016.8
2020-02-03,16.4,35.6,0.00,1017.1
2020-02-04,12.0,27.4,0.00,1015.2
2020-02-05,12.7,24.8,11.70,1014.0
2020-02-06,13.0,29.2,0.00,1014.6
2020-02-07,18.3,33.5,22.00,1015.6
2020-02-08,18.3,37.1,2.80,1017.0
2020-02-09,14.0,29.5,0.00,1017.6
2020-02-10,14.3,32.0,0.00,1016.9
2020-02-11,11.6,27.7,0.00,1017.1
2020-02-12,12.5,22.7,0.00,1016.6
2020-02-13,10.5,22.7,0.00,1013.8
2020-02-14,12.7,25.2,0.00,1010.4
2020-02-15,13.7,30.6,0.00,1011.8
2020-02-16,10.2,23.8,0.10,1014.2
2020-02-17,13.3,29.9,0.00,1014.6
2020-02-18,10.9,24.5,0.00,1013.8
2020-02-19,16.2,34.6,0.00,1014.6
2020-02-20,14.3,31.0,0.00,1015.1
2020-02-21,10.5,24.5,0.00,1017.2
2020-02-22,11.5,22.3,0.00,1017.4
2020-02-23,12.3,28.1,0.00,1015.8
2020-02-24,11.5,25.9,0.00,1013.2
2020-02-25,14.5,31.3,4.30,1012.6
2020-02-26,10.1,35.3,17.70,1013.1
2020-02-27,10.7,23.4,0.10,1013.4
2020-02-28,9.7,20.2,1.10,1013.0
2020-02-29,13.5,29.2,0.10,1011.9
2020-03-01,13.9,30.6,0.10,1011.9
2020-03-02,13.7,28.1,0.00,1011.4
2020-03-03,16.3,34.6,0.00,1010.6
2020-03-04,17.2,36.0,0.00,1010.6
2020-03-05,17.0,34.2,0.00,1010.8
2020-03-06,15.2,27.0,8.10,1012.0
2020-03-07,15.2,32.8,1.40,1012.9
2020-03-08,17.5,41.8,3.70,1011.6
2020-03-09,14.1,31.3,0.00,1010.7
2020-03-10,12.7,28.8,1.20,1010.9
2020-03-11,18.4,38.2,0.00,1011.0
2020-03-12,19.5,41.4,0.00,1012.6
2020-03-13,13.9,32.0,0.00,1012.8
2020-03-14,16.2,28.4,0.00,1012.0
2020-03-15,15.6,34.6,0.00,1012.3
2020-03-16,10.5,31.7,0.50,1012.6
2020-03-17,13.3,37.1,0.40,1013.5
2020-03-18,13.5,43.9,0.60,1012.2
2020-03-19,14.1,35.6,13.40,1011.1
2020-03-20,18.5,37.4,0.10,1010.4
2020-03-21,15.3,38.5,2.90,1010.6
2020-03-22,16.3,35.3,12.30,1011.6
2020-03-23,14.8,33.5,0.90,1011.1
2020-03-24,14.5,32.8,0.70,1009.4
2020-03-25,17.6,34.6,0.20,1008.5
2020-03-26,14.0,28.4,0.00,1009.3
2020-03-27,17.4,37.4,0.00,1010.3
2020-03-28,12.6,28.8,0.00,1008.9
2020-03-29,15.0,35.3,0.00,1008.3
2020-03-30,13.3,31.3,0.00,1009.3
2020-03-31,15.5,31.7,0.00,1009.5
2020-04-01,16.3,35.6,0.00,1008.2
2020-04-02,21.3,43.6,0.00,1007.3
2020-04-03,22.7,46.4,0.00,1008.4
2020-04-04,17.8,38.2,0.00,1009.8
2020-04-05,15.0,33.1,0.30,1010.4
2020-04-06,16.7,35.6,0.00,1009.6
2020-04-07,20.2,41.8,0.00,1008.2
2020-04-08,16.8,32.0,0.10,1008.8
2020-04-09,20.3,42.5,0.00,1009.0
2020-04-10,16.6,36.7,0.00,1010.7
2020-04-11,20.1,38.2,0.00,1011.1
2020-04-12,19.2,38.9,2.40,1009.5
2020-04-13,21.3,45.0,0.00,1007.5
2020-04-14,22.7,47.5,0.00,1008.3
2020-04-15,22.9,47.9,0.00,1008.7
2020-04-16,23.9,48.6,0.00,1007.4
2020-04-17,26.8,53.6,0.00,1006.8
2020-04-18,25.3,52.6,0.20,1007.8
2020-04-19,24.5,50.4,3.40,1008.2
2020-04-20,23.6,47.9,0.00,1008.1
2020-04-21,22.4,45.0,0.20,1008.6
2020-04-22,25.9,50.8,1.20,1008.2
2020-04-23,24.6,50.8,2.40,1007.5
2020-04-24,27.8,55.4,0.00,1006.6
2020-04-25,27.0,50.4,1.10,1007.0
2020-04-26,18.3,37.4,6.10,1009.1
2020-04-27,14.7,33.8,3.20,1010.5
2020-04-28,16.5,34.2,8.10,1009.5
2020-04-29,16.1,35.3,4.10,1008.3
2020-04-30,17.7,35.6,3.80,1008.6
2020-05-01,14.3,28.8,3.30,1007.8
2020-05-02,18.2,38.5,0.00,1005.9
2020-05-03,25.9,50.4,0.40,1005.7
2020-05-04,22.6,44.3,0.00,1007.7
2020-05-05,22.7,45.0,0.20,1007.0
2020-05-06,22.4,46.1,0.10,1007.1
2020-05-07,20.1,42.1,0.00,1007.0
2020-05-08,19.4,41.0,0.00,1006.8
2020-05-09,18.4,39.2,0.00,1007.1
2020-05-10,19.3,40.3,0.00,1007.1
2020-05-11,14.4,34.6,0.00,1008.3
2020-05-12,15.9,34.6,0.00,1007.7
2020-05-13,19.2,41.0,0.00,1006.7
2020-05-14,21.3,44.3,0.00,1006.3
2020-05-15,20.3,42.8,0.00,1005.0
2020-05-16,18.8,41.0,0.00,1004.1
2020-05-17,15.7,35.6,0.00,1003.5
2020-05-18,13.8,29.9,0.00,1001.2
2020-05-19,42.6,83.9,29.10,996.7
2020-05-20,58.8,117.4,89.20,989.2
2020-05-21,17.0,32.4,0.00,999.4
2020-05-22,23.2,45.0,0.00,1002.9
2020-05-23,24.5,49.3,0.00,1004.0
2020-05-24,29.0,55.8,0.00,1004.4
2020-05-25,31.9,61.9,0.00,1005.3
2020-05-26,32.8,64.1,0.00,1004.9
2020-05-27,33.4,64.4,0.00,1003.6
2020-05-28,31.1,59.8,1.20,1003.6
2020-05-29,24.0,48.2,0.40,1004.6
2020-05-30,26.7,52.6,0.00,1005.4
2020-05-31,21.9,44.3,0.70,1007.2
2020-06-01,22.7,44.3,2.10,1007.5
2020-06-02,22.4,45.0,0.50,1006.2
2020-06-03,18.3,37.8,2.30,1005.4
2020-06-04,22.8,45.4,3.50,1004.3
2020-06-05,26.9,52.9,0.10,1003.3
2020-06-06,19.9,43.6,1.30,1002.5
2020-06-07,21.1,44.6,1.20,1001.8
2020-06-08,13.2,28.1,10.40,1001.1
2020-06-09,12.9,34.9,1.30,1001.2
2020-06-10,14.3,34.9,5.90,1000.3
2020-06-11,16.4,36.0,17.80,998.3
2020-06-12,18.8,39.2,10.40,996.8
2020-06-13,22.3,43.6,6.90,998.2
2020-06-14,17.3,38.2,17.80,1000.3
2020-06-15,22.8,44.6,26.50,999.8
2020-06-16,22.9,42.8,14.80,998.5
2020-06-17,28.5,58.3,4.60,998.9
2020-06-18,25.3,54.7,2.50,1000.0
2020-06-19,18.0,36.7,2.60,1000.3
2020-06-20,12.9,32.4,11.10,999.9
2020-06-21,22.5,42.1,12.20,998.0
2020-06-22,28.9,55.4,2.70,997.8
2020-06-23,25.6,50.4,2.10,1002.5
2020-06-24,24.4,47.9,0.40,1004.6
2020-06-25,23.1,46.1,0.00,1004.2
2020-06-26,24.5,47.2,0.50,1003.2
2020-06-27,23.7,47.5,1.40,1002.9
2020-06-28,20.9,41.4,5.00,1002.6
2020-06-29,15.6,33.8,3.80,1002.6
2020-06-30,22.0,45.0,0.40,1002.5
2020-07-01,27.2,53.3,2.10,1001.7
2020-07-02,23.0,44.3,1.20,999.9
2020-07-03,18.7,39.6,1.50,999.5
2020-07-04,15.9,33.5,3.20,998.1
2020-07-05,19.1,43.6,14.30,996.3
2020-07-06,21.4,40.7,9.30,996.8
2020-07-07,22.1,42.8,1.10,1001.8
2020-07-08,21.0,41.0,6.80,1003.6
2020-07-09,23.2,46.1,9.00,1002.0
2020-07-10,26.9,52.2,1.30,1001.7
2020-07-11,21.9,42.5,6.70,1001.3
2020-07-12,14.3,32.4,24.00,1001.5
2020-07-13,14.0,26.6,10.00,1000.6
2020-07-14,12.5,31.0,21.00,1000.6
2020-07-15,25.5,51.1,6.80,1000.8
2020-07-16,25.3,49.0,3.50,1000.7
2020-07-17,26.9,52.9,3.30,1001.3
2020-07-18,24.5,50.4,4.70,1003.2
2020-07-19,26.6,52.6,1.10,1003.3
2020-07-20,28.4,56.9,1.40,1002.7
2020-07-21,27.5,53.3,4.40,1004.0
2020-07-22,20.7,37.4,9.50,1003.5
2020-07-23,18.4,38.2,30.80,1003.0
2020-07-24,18.2,34.9,9.30,1005.0
2020-07-25,20.4,40.7,0.20,1006.3
2020-07-26,16.0,34.9,3.10,1005.6
2020-07-27,15.0,29.9,11.90,1003.6
2020-07-28,18.6,36.0,3.50,1003.1
2020-07-29,20.2,41.8,1.40,1003.7
2020-07-30,14.1,32.0,1.20,1004.2
2020-07-31,16.3,38.2,5.60,1003.2
2020-08-01,19.9,42.5,1.10,1001.7
2020-08-02,13.9,29.9,18.70,999.1
2020-08-03,16.7,34.9,17.60,995.4
2020-08-04,15.1,30.6,31.60,992.2
2020-08-05,23.0,43.9,12.30,991.9
2020-08-06,20.9,40.7,2.60,998.3
2020-08-07,20.4,41.0,9.80,1001.5
2020-08-08,11.0,27.4,41.00,999.8
2020-08-09,16.3,35.3,11.00,998.5
2020-08-10,17.5,36.0,1.70,999.2
2020-08-11,17.2,34.6,6.20,999.7
2020-08-12,15.5,33.1,15.60,999.2
2020-08-13,13.8,31.0,11.00,997.2
2020-08-14,14.5,27.7,43.70,994.8
2020-08-15,25.5,50.0,82.30,994.7
2020-08-16,27.7,53.6,0.80,996.5
2020-08-17,20.7,40.3,2.10,998.0
2020-08-18,16.3,37.1,11.70,998.7
2020-08-19,21.1,38.5,191.00,995.6
2020-08-20,26.9,49.7,6.90,996.2
2020-08-21,30.9,58.0,3.20,1002.2
2020-08-22,23.2,44.6,7.50,1004.3
2020-08-23,14.9,31.7,20.70,1003.5
2020-08-24,15.3,28.8,19.80,1002.9
2020-08-25,19.1,34.6,66.30,1003.0
2020-08-26,22.6,44.3,77.30,1000.6
2020-08-27,25.9,53.3,8.30,1000.8
2020-08-28,26.2,52.2,0.00,1002.1
2020-08-29,23.2,45.4,0.00,1003.6
2020-08-30,13.2,28.8,2.80,1004.2
2020-08-31,11.7,27.4,1.60,1004.3
2020-09-01,13.2,27.7,8.40,1004.6
2020-09-02,14.5,31.7,24.40,1006.0
2020-09-03,15.0,32.0,1.80,1007.6
2020-09-04,14.5,31.3,0.60,1006.9
2020-09-05,18.8,37.8,0.60,1005.4
2020-09-06,21.7,42.8,0.90,1004.8
2020-09-07,23.4,46.1,0.90,1005.3
2020-09-08,16.8,35.6,1.40,1005.5
2020-09-09,19.3,40.7,4.20,1004.8
2020-09-10,17.3,34.9,4.10,1002.6
2020-09-11,16.6,33.8,2.40,1003.3
2020-09-12,14.3,31.3,1.60,1005.2
2020-09-13,14.9,31.0,1.00,1005.4
2020-09-14,17.7,36.7,3.40,1004.1
2020-09-15,18.1,37.4,2.50,1004.1
2020-09-16,18.1,38.5,2.70,1004.1
2020-09-17,17.8,36.0,0.10,1003.7
2020-09-18,13.8,28.8,1.00,1001.9
2020-09-19,13.0,28.1,0.40,999.8
2020-09-20,10.7,24.5,21.80,997.7
2020-09-21,18.4,33.8,26.60,996.5
2020-09-22,29.2,55.1,3.40,1000.2
2020-09-23,28.6,54.7,2.90,1003.3
2020-09-24,24.2,47.2,1.40,1005.0
2020-09-25,24.2,48.2,3.60,1003.6
2020-09-26,18.9,40.0,10.50,1002.6
2020-09-27,10.9,24.8,1.60,1003.5
2020-09-28,13.1,29.5,2.50,1004.0
2020-09-29,8.0,24.1,9.30,1003.4
2020-09-30,16.0,35.6,23.20,1002.0
2020-10-01,19.2,38.2,22.50,1000.8
2020-10-02,15.5,34.9,17.90,1001.8
2020-10-03,17.4,36.0,14.80,1003.2
2020-10-04,15.0,32.0,8.90,1003.9
2020-10-05,12.0,29.5,7.30,1003.9
2020-10-06,13.6,28.4,6.80,1004.9
2020-10-07,15.2,32.8,9.20,1006.6
2020-10-08,10.4,26.3,2.20,1007.3
2020-10-09,8.3,22.3,1.20,1007.1
2020-10-10,14.6,34.6,2.80,1005.8
2020-10-11,19.1,45.0,0.90,1004.1
2020-10-12,29.1,57.6,3.30,1002.6
2020-10-13,25.3,55.1,7.40,1002.8
2020-10-14,18.2,41.4,18.70,1003.8
2020-10-15,16.2,37.4,10.40,1004.4
2020-10-16,10.8,27.4,1.60,1005.0
2020-10-17,8.9,21.2,0.00,1005.5
2020-10-18,13.7,33.1,3.00,1005.7
2020-10-19,9.5,27.4,6.70,1005.8
2020-10-20,16.7,36.7,7.50,1005.2
2020-10-21,21.9,45.0,22.00,1004.4
2020-10-22,20.3,39.6,43.30,1001.7
2020-10-23,19.9,37.4,0.10,1002.8
2020-10-24,8.0,20.9,1.00,1006.1
2020-10-25,12.9,24.5,2.30,1009.1
2020-10-26,10.2,28.8,0.50,1009.8
2020-10-27,10.6,23.0,0.00,1009.3
2020-10-28,15.5,31.3,0.00,1010.1
2020-10-29,15.5,32.0,0.00,1010.1
2020-10-30,16.2,32.8,0.00,1008.7
2020-10-31,14.8,31.3,0.00,1008.7
2020-11-01,13.8,33.5,1.90,1009.3
2020-11-02,18.3,38.5,1.50,1010.8
2020-11-03,15.8,36.0,0.90,1011.3
2020-11-04,12.0,26.6,0.00,1011.4
2020-11-05,10.6,24.8,0.00,1012.6
2020-11-06,12.6,24.8,0.00,1014.4
2020-11-07,12.2,25.2,0.00,1014.9
2020-11-08,14.9,31.3,0.00,1014.9
2020-11-09,14.8,31.0,0.00,1013.4
2020-11-10,17.7,36.0,2.50,1012.4
2020-11-11,18.1,38.5,0.10,1013.3
2020-11-12,16.6,33.5,0.00,1014.2
2020-11-13,15.6,32.8,0.00,1013.1
2020-11-14,18.5,37.4,0.00,1012.5
2020-11-15,17.6,36.4,0.00,1012.7
2020-11-16,9.8,23.4,0.00,1012.8
2020-11-17,9.3,23.0,0.00,1011.7
2020-11-18,10.9,27.0,0.50,1011.9
2020-11-19,9.5,23.0,0.00,1011.3
2020-11-20,14.8,31.3,0.20,1011.1
2020-11-21,14.0,31.3,1.80,1011.6
2020-11-22,15.8,33.5,0.20,1014.0
2020-11-23,16.5,34.9,0.00,1014.6
2020-11-24,17.4,35.6,0.00,1014.0
2020-11-25,18.6,37.8,0.00,1013.8
2020-11-26,17.3,34.2,0.00,1014.1
2020-11-27,21.4,42.8,0.00,1015.2
2020-11-28,18.7,38.2,0.00,1015.7
2020-11-29,17.4,36.4,0.00,1015.1
2020-11-30,17.6,36.7,0.00,1014.7
2020-12-01,13.4,29.2,0.00,1014.9
2020-12-02,12.3,26.3,0.00,1013.4
2020-12-03,11.0,20.2,0.00,1012.8
2020-12-04,10.6,20.2,0.00,1012.1
2020-12-05,9.8,20.2,0.00,1013.0
2020-12-06,10.2,22.3,0.00,1014.5
2020-12-07,10.9,21.2,0.00,1015.4
2020-12-08,10.6,24.1,0.00,1014.9
2020-12-09,10.5,24.8,0.00,1013.8
2020-12-10,11.9,26.6,0.00,1013.4
2020-12-11,11.7,26.6,0.00,1013.5
2020-12-12,10.5,24.5,0.00,1013.1
2020-12-13,10.5,24.1,0.00,1012.0
2020-12-14,15.7,34.2,0.10,1013.0
2020-12-15,17.1,36.7,0.00,1014.8
2020-12-16,16.0,34.6,0.00,1015.6
2020-12-17,16.9,36.4,0.00,1014.8
2020-12-18,16.9,34.9,0.00,1014.9
2020-12-19,16.9,36.0,0.00,1016.2
2020-12-20,14.7,32.4,0.00,1016.2
2020-12-21,13.3,29.5,0.00,1014.7
2020-12-22,11.2,23.8,0.00,1013.9
2020-12-23,10.9,25.9,0.00,1013.1
2020-12-24,13.9,28.8,0.00,1012.7
2020-12-25,13.9,28.1,0.00,1013.3
2020-12-26,15.3,33.5,0.00,1014.3
2020-12-27,13.6,28.8,0.00,1013.3
2020-12-28,10.8,23.4,0.00,1013.1
2020-12-29,12.1,26.3,0.00,1013.4
2020-12-30,15.0,32.0,0.00,1014.5
2020-12-31,16.6,35.6,0.00,1014.7
2021-01-01,15.8,34.6,0.00,1015.2
2021-01-02,13.6,30.6,0.00,1015.0
2021-01-03,15.6,33.1,0.00,1013.5
2021-01-04,13.1,28.4,0.00,1014.0
2021-01-05,12.8,28.4,0.00,1014.0
2021-01-06,10.4,24.5,0.00,1012.3
2021-01-07,9.7,22.7,0.00,1011.1
2021-01-08,13.7,30.2,0.00,1011.0
2021-01-09,10.8,25.2,0.00,1011.5
2021-01-10,10.6,25.6,0.00,1011.3
2021-01-11,9.2,22.3,0.00,1012.3
2021-01-12,13.0,30.2,0.00,1012.7
2021-01-13,15.1,33.8,0.50,1012.6
2021-01-14,17.5,36.7,0.00,1012.7
2021-01-15,11.7,27.4,0.00,1011.6
2021-01-16,11.5,26.3,0.00,1010.8
2021-01-17,17.7,38.2,0.50,1013.6
2021-01-18,10.7,25.2,0.10,1014.0
2021-01-19,18.7,38.9,0.00,1012.0
2021-01-20,20.0,40.3,0.10,1011.1
2021-01-21,17.5,37.8,0.00,1011.7
2021-01-22,11.3,25.6,0.00,1012.8
2021-01-23,13.0,28.4,0.00,1012.3
2021-01-24,13.2,30.2,0.00,1012.7
2021-01-25,15.1,33.5,0.10,1013.3
2021-01-26,18.2,37.8,2.40,1013.5
2021-01-27,16.4,36.0,0.20,1014.1
2021-01-28,15.4,33.5,0.00,1015.0
2021-01-29,13.1,29.5,0.00,1014.4
2021-01-30,17.1,36.4,0.00,1014.0
2021-01-31,18.3,38.2,0.10,1015.7
2021-02-01,13.7,30.2,0.00,1017.3
2021-02-02,12.6,28.8,0.00,1016.9
2021-02-03,11.7,27.7,0.00,1015.9
2021-02-04,12.4,27.4,0.00,1015.6
2021-02-05,12.2,23.8,0.00,1014.4
2021-02-06,12.5,27.7,0.00,1013.2
2021-02-07,16.6,34.9,0.00,1014.7
2021-02-08,15.5,33.1,0.00,1015.3
2021-02-09,11.5,25.9,0.00,1014.1
2021-02-10,14.3,31.7,0.00,1012.3
2021-02-11,15.0,32.8,0.00,1012.1
2021-02-12,14.2,33.5,0.00,1013.1
2021-02-13,17.0,36.0,0.00,1013.3
2021-02-14,19.8,41.0,0.00,1012.7
2021-02-15,14.8,33.1,0.00,1011.4
2021-02-16,14.6,32.4,0.00,1011.5
2021-02-17,15.7,34.2,0.00,1012.7
2021-02-18,15.2,33.8,0.00,1014.2
2021-02-19,17.7,38.2,0.00,1015.4
2021-02-20,16.7,36.0,0.00,1015.9
2021-02-21,15.2,33.5,0.00,1014.9
2021-02-22,14.8,32.8,0.00,1013.7
2021-02-23,19.1,40.0,0.00,1011.7
2021-02-24,13.0,30.2,0.00,1010.1
2021-02-25,17.0,34.6,0.00,1009.0
2021-02-26,19.7,38.9,0.00,1007.0
2021-02-27,15.0,31.3,0.00,1007.1
2021-02-28,17.3,36.0,0.00,1008.3
2021-03-01,18.7,38.9,0.00,1010.8
2021-03-02,17.3,36.7,0.00,1011.0
2021-03-03,17.0,36.7,0.00,1011.1
2021-03-04,15.0,33.5,0.00,1011.5
2021-03-05,23.7,47.2,0.00,1010.6
2021-03-06,20.3,37.8,0.00,1010.2
2021-03-07,16.2,35.6,0.00,1011.1
2021-03-08,18.6,40.0,0.00,1012.1
2021-03-09,21.1,42.8,0.00,1011.8
2021-03-10,23.3,47.5,0.00,1011.3
2021-03-11,19.5,41.0,0.00,1012.1
2021-03-12,15.5,34.9,0.00,1013.7
2021-03-13,19.7,42.5,0.40,1013.4
2021-03-14,13.3,33.8,0.10,1011.6
2021-03-15,18.6,38.5,0.00,1010.5
2021-03-16,16.7,35.6,0.00,1009.9
2021-03-17,16.6,34.9,0.00,1009.5
2021-03-18,17.4,36.0,0.00,1009.7
2021-03-19,18.4,37.8,0.00,1008.7
2021-03-20,15.0,31.7,0.00,1006.9
2021-03-21,12.7,28.8,0.00,1007.2
2021-03-22,14.0,30.6,0.00,1009.7
2021-03-23,11.6,28.8,0.00,1010.8
2021-03-24,12.0,26.6,0.00,1009.7
2021-03-25,19.2,41.0,0.00,1009.0
2021-03-26,12.1,27.7,0.00,1008.9
2021-03-27,12.1,30.6,0.00,1008.4
2021-03-28,21.3,45.7,0.00,1007.0
2021-03-29,21.8,43.9,0.00,1005.0
2021-03-30,26.4,51.1,0.00,1001.8
2021-03-31,23.4,48.2,0.00,999.5
2021-04-01,20.7,42.8,0.00,1001.5
2021-04-02,21.3,46.1,0.00,1004.6
2021-04-03,17.3,37.8,0.00,1006.8
2021-04-04,13.2,30.2,0.60,1007.6
2021-04-05,14.8,34.9,0.00,1009.0
2021-04-06,20.5,43.9,0.00,1009.2
2021-04-07,24.1,49.3,0.00,1009.4
2021-04-08,28.9,58.3,0.00,1007.6
2021-04-09,20.3,42.8,1.70,1008.4
2021-04-10,17.9,39.2,0.00,1009.8
2021-04-11,17.3,40.0,0.00,1010.7
2021-04-12,18.0,39.2,0.00,1010.9
2021-04-13,17.0,38.2,0.10,1009.8
2021-04-14,21.0,45.4,0.00,1009.0
2021-04-15,20.3,40.7,0.00,1007.3
2021-04-16,17.1,33.5,0.10,1007.6
2021-04-17,21.3,45.4,0.00,1009.3
2021-04-18,22.3,47.2,0.00,1009.4
2021-04-19,20.2,42.5,0.10,1007.1
2021-04-20,23.9,49.0,0.00,1006.8
2021-04-21,22.4,47.5,0.00,1007.6
2021-04-22,21.8,47.5,0.00,1008.0
2021-04-23,13.7,33.8,0.00,1008.4
2021-04-24,16.8,34.9,0.00,1007.2
2021-04-25,20.0,37.8,0.00,1006.7
2021-04-26,23.3,48.6,0.00,1006.4
2021-04-27,24.2,50.0,0.00,1007.0
2021-04-28,22.3,46.8,0.00,1008.2
2021-04-29,20.2,44.3,0.00,1008.2
2021-04-30,22.2,47.2,0.00,1007.6
2021-05-01,24.7,51.1,0.00,1007.7
2021-05-02,23.7,48.2,0.00,1008.1
2021-05-03,14.6,33.5,1.90,1007.2
2021-05-04,15.2,37.1,8.80,1007.9
2021-05-05,19.7,42.5,3.60,1007.9
2021-05-06,19.4,41.0,0.00,1009.1
2021-05-07,21.5,44.6,0.00,1009.8
2021-05-08,17.7,38.2,0.50,1008.6
2021-05-09,20.6,42.8,0.10,1007.2
2021-05-10,21.2,43.9,2.60,1005.9
2021-05-11,21.3,44.6,0.70,1005.2
2021-05-12,21.1,42.5,0.80,1003.7
2021-05-13,23.2,45.0,2.50,1003.6
2021-05-14,22.9,48.2,0.00,1003.2
2021-05-15,23.8,48.2,0.00,1005.0
2021-05-16,21.6,44.3,0.10,1006.2
2021-05-17,23.9,47.9,0.00,1006.2
2021-05-18,25.5,51.1,0.00,1005.4
2021-05-19,25.5,51.5,0.00,1004.4
2021-05-20,25.9,52.2,0.30,1004.4
2021-05-21,23.2,47.5,2.00,1004.1
2021-05-22,14.7,33.5,1.40,1002.6
2021-05-23,12.3,32.4,0.70,1001.5
2021-05-24,30.0,60.1,43.10,999.3
2021-05-25,50.5,103.0,93.30,990.6
2021-05-26,46.6,86.8,121.10,987.9
2021-05-27,28.3,55.1,3.10,996.9
2021-05-28,26.1,50.4,0.40,1002.5
2021-05-29,19.5,38.9,0.20,1004.3
2021-05-30,22.1,43.2,0.50,1003.1
2021-05-31,25.8,50.8,0.20,1001.3
2021-06-01,21.5,42.5,0.40,1002.9
2021-06-02,21.1,46.1,11.20,1004.5
2021-06-03,16.6,35.6,2.20,1005.9
2021-06-04,21.5,41.8,3.00,1005.8
2021-06-05,21.6,43.9,0.00,1005.1
2021-06-06,21.9,43.9,0.00,1004.5
2021-06-07,22.6,45.4,0.00,1003.1
2021-06-08,21.7,45.7,2.50,1001.3
2021-06-09,17.1,34.2,6.80,999.9
2021-06-10,16.8,33.8,24.40,998.1
2021-06-11,12.8,29.5,11.10,996.4
2021-06-12,14.8,31.0,22.20,996.8
2021-06-13,14.8,29.5,32.70,996.8
2021-06-14,17.5,36.4,25.70,995.7
2021-06-15,17.8,34.6,0.40,995.9
2021-06-16,15.6,47.9,7.20,998.0
2021-06-17,16.6,37.1,18.00,999.2
2021-06-18,19.4,35.6,11.70,1000.9
2021-06-19,20.9,40.3,11.10,1003.0
2021-06-20,17.9,44.6,1.20,1002.9
2021-06-21,11.4,30.2,0.80,1002.0
2021-06-22,14.0,34.6,27.40,1002.2
2021-06-23,23.4,44.6,29.70,1002.8
2021-06-24,20.0,41.4,5.70,1001.7
2021-06-25,16.9,35.3,4.20,1000.2
2021-06-26,18.8,38.9,1.60,1001.5
2021-06-27,22.4,43.9,4.20,1004.7
2021-06-28,24.6,49.0,1.00,1005.2
2021-06-29,23.7,46.8,1.10,1003.7
2021-06-30,24.5,49.0,2.50,1001.9
2021-07-01,27.5,51.8,1.90,1000.7
2021-07-02,15.5,39.6,9.60,1001.9
2021-07-03,15.3,34.2,3.80,1002.7
2021-07-04,15.2,34.6,13.40,1003.0
2021-07-05,16.1,33.8,4.00,1002.8
2021-07-06,17.4,36.0,5.10,1001.8
2021-07-07,17.1,36.4,11.70,1001.4
2021-07-08,15.0,28.8,17.40,1001.3
2021-07-09,16.0,31.7,3.90,1000.3
2021-07-10,13.8,31.0,1.40,1000.0
2021-07-11,20.0,41.0,4.80,1001.3
2021-07-12,19.1,39.2,3.90,1002.4
2021-07-13,24.6,47.9,8.60,1002.1
2021-07-14,21.0,45.0,7.90,1002.6
2021-07-15,17.5,37.4,1.50,1004.0
2021-07-16,16.5,35.3,1.70,1005.7
2021-07-17,18.3,36.7,0.80,1004.8
2021-07-18,23.8,47.5,0.00,1002.6
2021-07-19,20.6,40.3,1.60,1000.6
2021-07-20,13.0,25.6,2.90,999.7
2021-07-21,13.0,27.7,50.30,997.0
2021-07-22,14.7,31.7,27.10,993.9
2021-07-23,23.4,47.2,13.00,993.0
2021-07-24,20.8,40.0,1.20,997.0
2021-07-25,17.1,36.7,6.20,999.3
2021-07-26,19.1,45.7,0.90,998.5
2021-07-27,19.2,38.9,6.90,997.4
2021-07-28,23.5,48.2,8.90,997.4
2021-07-29,27.5,55.4,27.10,997.4
2021-07-30,25.6,48.2,19.40,999.1
2021-07-31,20.7,43.2,3.80,1000.3
2021-08-01,18.5,38.5,2.20,1000.0
2021-08-02,14.1,33.8,0.60,1000.7
2021-08-03,16.6,44.6,1.10,1001.6
2021-08-04,24.3,47.9,4.10,1001.6
2021-08-05,14.8,32.0,5.70,1000.2
2021-08-06,17.6,35.6,6.30,1000.3
2021-08-07,17.1,36.7,10.10,1002.4
2021-08-08,22.2,47.5,8.70,1004.6
2021-08-09,21.9,44.3,3.00,1004.8
2021-08-10,19.9,42.5,2.70,1002.4
2021-08-11,15.6,31.0,2.60,1001.9
2021-08-12,15.4,34.6,12.40,1003.5
2021-08-13,12.9,29.2,5.50,1002.6
2021-08-14,13.0,29.5,5.50,1001.0
2021-08-15,13.5,29.5,4.10,1001.3
2021-08-16,16.1,34.2,9.90,1002.7
2021-08-17,23.2,43.6,6.90,1002.5
2021-08-18,27.2,52.9,9.30,1002.2
2021-08-19,23.1,44.6,8.60,1002.5
2021-08-20,22.4,44.6,7.60,1004.9
2021-08-21,19.1,37.8,1.30,1007.4
2021-08-22,19.1,39.2,2.10,1006.6
2021-08-23,21.9,43.6,1.80,1005.3
2021-08-24,17.0,36.0,6.00,1004.2
2021-08-25,16.6,41.0,9.80,1001.8
2021-08-26,12.2,29.9,4.90,1000.9
2021-08-27,9.2,22.3,29.10,1001.3
2021-08-28,16.8,36.0,5.80,999.9
2021-08-29,21.0,42.1,3.10,1000.9
2021-08-30,16.4,37.8,13.90,1004.0
2021-08-31,18.5,38.9,4.60,1006.5
2021-09-01,14.6,29.5,0.90,1007.0
2021-09-02,12.6,27.0,0.40,1005.5
2021-09-03,13.2,29.5,1.80,1003.6
2021-09-04,10.5,32.0,6.10,1002.3
2021-09-05,17.1,36.4,14.70,1001.4
2021-09-06,22.3,45.4,11.60,1000.5
2021-09-07,23.5,50.8,14.10,1003.8
2021-09-08,18.6,36.0,14.60,1005.1
2021-09-09,13.8,31.0,12.80,1003.8
2021-09-10,18.2,38.5,3.30,1002.3
2021-09-11,15.0,31.3,35.70,1000.4
2021-09-12,24.4,46.4,30.20,994.8
2021-09-13,37.5,69.8,71.50,994.0
2021-09-14,31.6,58.3,30.60,1000.7
2021-09-15,19.8,39.6,16.20,1004.2
2021-09-16,12.7,29.5,7.30,1004.0
2021-09-17,11.9,27.0,7.30,1003.3
2021-09-18,11.5,31.3,7.60,1005.2
2021-09-19,10.7,24.8,14.90,1006.8
2021-09-20,11.7,25.6,16.90,1005.3
2021-09-21,16.1,31.7,20.10,1003.2
2021-09-22,17.6,34.9,6.30,1002.5
2021-09-23,18.9,38.5,3.20,1004.7
2021-09-24,11.1,27.7,1.20,1005.7
2021-09-25,13.5,27.0,2.50,1004.0
2021-09-26,29.3,59.8,17.80,1001.4
2021-09-27,15.8,37.4,10.40,1003.1
2021-09-28,12.6,26.6,8.80,1004.9
2021-09-29,18.9,37.8,2.40,1006.3
2021-09-30,16.1,34.6,0.20,1007.8
2021-10-01,16.6,34.6,1.50,1008.1
2021-10-02,16.9,36.4,1.20,1007.8
2021-10-03,19.8,40.7,0.80,1006.7
2021-10-04,16.7,33.8,3.30,1006.1
2021-10-05,13.2,29.9,0.40,1007.5
2021-10-06,10.5,23.0,1.30,1006.8
2021-10-07,11.1,26.3,1.00,1005.4
2021-10-08,10.1,28.4,1.00,1004.4
2021-10-09,9.5,31.0,4.20,1004.7
2021-10-10,11.7,31.7,3.50,1004.9
2021-10-11,12.5,31.3,2.40,1004.3
2021-10-12,9.7,25.9,0.60,1003.8
2021-10-13,16.6,33.1,0.70,1003.0
2021-10-14,18.8,37.4,21.80,1002.9
2021-10-15,18.0,39.2,4.60,1001.7
2021-10-16,12.6,27.4,19.30,1003.0
2021-10-17,9.2,18.0,14.80,1003.3
2021-10-18,20.0,38.5,19.40,1004.2
2021-10-19,18.4,34.6,15.00,1007.8
2021-10-20,12.9,27.4,17.00,1009.9
2021-10-21,11.7,21.2,0.00,1010.0
2021-10-22,10.4,23.0,0.00,1010.7
2021-10-23,9.5,18.7,0.00,1012.0
2021-10-24,9.1,17.6,0.00,1012.2
2021-10-25,9.8,19.8,0.00,1010.8
2021-10-26,16.6,32.8,1.30,1009.8
2021-10-27,23.3,45.7,2.10,1010.3
2021-10-28,22.6,42.5,7.60,1011.0
2021-10-29,14.3,30.2,12.60,1012.6
2021-10-30,16.3,32.4,0.20,1013.0
2021-10-31,14.8,30.2,0.00,1012.5
2021-11-01,15.4,30.2,0.10,1012.6
2021-11-02,16.8,32.4,0.30,1013.2
2021-11-03,15.6,31.0,2.50,1012.5
2021-11-04,13.8,28.8,0.00,1012.1
2021-11-05,13.5,29.2,0.00,1011.4
2021-11-06,13.2,27.4,0.00,1010.2
2021-11-07,14.1,27.7,0.00,1010.1
2021-11-08,16.5,32.4,0.00,1010.8
2021-11-09,16.3,32.4,0.00,1011.5
2021-11-10,17.4,34.6,0.00,1011.0
2021-11-11,18.8,37.1,0.10,1010.2
2021-11-12,13.0,25.2,23.30,1010.8
2021-11-13,13.9,26.6,7.10,1010.9
2021-11-14,9.7,22.7,7.80,1010.3
2021-11-15,8.1,23.4,5.40,1009.0
2021-11-16,19.2,37.4,1.20,1010.0
2021-11-17,21.9,42.1,0.00,1011.8
2021-11-18,17.5,33.8,0.00,1010.8
2021-11-19,16.9,34.2,0.00,1009.0
2021-11-20,12.9,27.4,0.00,1009.1
2021-11-21,8.9,20.2,0.30,1010.4
2021-11-22,9.5,22.7,14.40,1010.7
2021-11-23,8.9,18.4,11.10,1010.3
2021-11-24,14.5,30.6,0.70,1011.7
2021-11-25,12.2,26.3,0.70,1012.1
2021-11-26,12.2,25.2,0.70,1012.4
2021-11-27,14.8,30.6,0.30,1013.4
2021-11-28,14.7,30.6,0.00,1014.4
2021-11-29,14.2,29.2,0.00,1014.3
2021-11-30,14.3,29.9,0.00,1014.0
2021-12-01,15.6,31.7,0.00,1013.4
2021-12-02,13.5,25.9,0.00,1013.1
2021-12-03,18.1,32.8,11.60,1013.3
2021-12-04,26.5,48.2,72.30,1011.9
2021-12-05,18.0,34.2,73.00,1009.9
2021-12-06,15.1,30.6,0.40,1011.0
2021-12-07,16.9,32.8,0.00,1013.0
2021-12-08,21.4,42.1,0.00,1014.4
2021-12-09,17.0,33.1,30.30,1016.2
2021-12-10,10.9,23.4,0.00,1016.2
2021-12-11,13.8,28.1,0.90,1016.0
2021-12-12,17.9,35.3,0.20,1016.6
2021-12-13,14.8,30.2,0.00,1015.8
2021-12-14,12.7,26.6,0.00,1014.9
2021-12-15,10.4,21.6,0.00,1014.8
2021-12-16,14.0,28.8,0.00,1015.5
2021-12-17,14.7,29.2,0.00,1015.4
2021-12-18,15.6,30.6,0.00,1014.9
2021-12-19,18.8,37.1,0.00,1015.9
2021-12-20,16.3,32.8,0.00,1016.3
2021-12-21,10.4,19.8,0.00,1015.3
2021-12-22,10.7,19.8,0.00,1013.6
2021-12-23,10.2,15.5,0.00,1013.6
2021-12-24,10.0,16.2,0.00,1013.6
2021-12-25,9.2,20.2,0.00,1013.9
2021-12-26,9.6,22.0,0.20,1015.5
2021-12-27,8.8,18.7,0.40,1016.5
2021-12-28,10.9,23.8,0.10,1015.9
2021-12-29,13.4,27.4,0.10,1016.1
2021-12-30,18.9,37.4,0.00,1018.5
2021-12-31,20.8,41.4,0.00,1019.0
2022-01-01,13.6,29.2,0.00,1018.5
2022-01-02,14.3,30.6,0.00,1017.3
2022-01-03,14.8,29.9,0.00,1016.1
2022-01-04,13.5,28.4,0.00,1016.4
2022-01-05,11.1,23.8,0.00,1015.8
2022-01-06,10.1,17.3,0.00,1015.2
2022-01-07,12.2,27.0,0.00,1015.7
2022-01-08,10.7,24.5,0.00,1015.6
2022-01-09,7.7,18.4,0.00,1013.7
2022-01-10,9.7,16.9,0.00,1014.4
2022-01-11,11.5,19.8,0.00,1014.2
2022-01-12,12.3,26.3,0.60,1014.2
2022-01-13,12.5,26.6,10.80,1014.4
2022-01-14,19.1,36.0,8.30,1014.3
2022-01-15,19.1,37.8,0.00,1015.0
2022-01-16,19.6,38.9,0.00,1016.9
2022-01-17,15.7,32.8,0.00,1017.7
2022-01-18,11.9,23.0,0.00,1015.5
2022-01-19,10.7,23.8,0.00,1013.3
2022-01-20,11.8,24.8,0.10,1011.0
2022-01-21,9.3,24.5,3.40,1010.1
2022-01-22,10.3,22.7,1.60,1008.7
2022-01-23,13.9,31.0,0.30,1009.0
2022-01-24,12.2,26.3,3.80,1009.6
2022-01-25,11.9,23.8,0.80,1010.9
2022-01-26,11.1,23.8,0.80,1011.5
2022-01-27,16.5,32.8,0.00,1013.4
2022-01-28,14.7,31.0,0.00,1015.0
2022-01-29,11.5,25.6,0.00,1015.3
2022-01-30,10.9,22.3,0.00,1012.5
2022-01-31,16.9,32.4,0.00,1011.3
2022-02-01,15.5,31.7,0.00,1009.7
2022-02-02,16.3,32.8,0.00,1011.6
2022-02-03,19.4,38.2,0.40,1011.2
2022-02-04,30.7,56.5,13.40,1008.5
2022-02-05,11.7,25.6,0.00,1011.4
2022-02-06,12.1,24.1,0.00,1015.0
2022-02-07,12.1,24.8,0.00,1014.3
2022-02-08,15.3,31.3,0.00,1013.3
2022-02-09,14.1,29.5,0.00,1013.9
2022-02-10,16.2,32.0,0.40,1012.7
2022-02-11,18.2,36.4,0.00,1013.2
2022-02-12,18.9,37.1,0.00,1013.3
2022-02-13,13.8,28.1,0.00,1012.4
2022-02-14,14.2,30.2,0.00,1012.1
2022-02-15,13.8,28.4,0.00,1011.4
2022-02-16,13.1,29.5,0.00,1009.4
2022-02-17,13.3,29.9,0.10,1009.3
2022-02-18,16.3,32.8,0.00,1010.8
2022-02-19,12.1,26.6,0.40,1011.5
2022-02-20,21.0,40.0,6.60,1008.2
2022-02-21,14.5,30.6,0.00,1008.5
2022-02-22,13.0,30.6,2.20,1012.1
2022-02-23,12.3,28.1,0.30,1015.1
2022-02-24,16.6,34.2,0.00,1015.1
2022-02-25,15.1,32.4,0.00,1014.4
2022-02-26,12.0,25.9,0.00,1015.4
2022-02-27,11.7,25.6,0.00,1014.5
2022-02-28,16.9,33.1,0.00,1013.4
2022-03-01,11.6,25.2,1.10,1014.0
2022-03-02,16.2,33.8,0.00,1013.6
2022-03-03,10.5,24.1,0.00,1013.5
2022-03-04,13.1,29.2,0.00,1012.9
2022-03-05,14.8,31.7,0.00,1011.1
2022-03-06,13.7,27.0,0.00,1011.1
2022-03-07,12.6,28.4,0.00,1011.7
2022-03-08,14.0,29.5,0.00,1010.7
2022-03-09,14.8,30.6,0.00,1010.4
2022-03-10,16.0,33.1,0.00,1010.0
2022-03-11,13.0,29.9,0.00,1009.5
2022-03-12,14.7,30.2,0.00,1009.1
2022-03-13,15.0,31.3,0.00,1009.2
2022-03-14,14.5,30.6,0.00,1009.1
2022-03-15,16.2,33.1,0.00,1006.9
2022-03-16,21.6,41.4,0.00,1005.2
2022-03-17,20.9,41.8,0.00,1006.1
2022-03-18,15.9,33.5,0.00,1007.3
2022-03-19,15.5,32.4,0.00,1005.9
2022-03-20,20.0,40.7,0.00,1004.9
2022-03-21,17.3,34.9,0.00,1005.6
2022-03-22,18.8,38.5,0.00,1005.9
2022-03-23,21.6,38.9,0.00,1006.4
2022-03-24,27.0,51.5,0.00,1006.5
2022-03-25,26.4,50.8,0.00,1006.9
2022-03-26,25.5,46.1,0.80,1007.8
2022-03-27,21.6,40.0,0.00,1008.2
2022-03-28,23.4,45.7,0.00,1007.7
2022-03-29,25.1,49.0,0.00,1006.0
2022-03-30,25.8,50.8,0.20,1006.3
2022-03-31,25.9,50.8,0.10,1007.3
2022-04-01,26.5,51.5,0.30,1007.3
2022-04-02,28.1,52.2,0.20,1008.3
2022-04-03,26.1,50.0,0.00,1008.0
2022-04-04,25.6,49.0,0.00,1009.6
2022-04-05,25.8,50.8,0.00,1011.3
2022-04-06,24.6,48.6,0.00,1011.1
2022-04-07,21.0,42.8,0.00,1010.3
2022-04-08,22.8,44.6,0.00,1008.7
2022-04-09,25.4,49.3,0.10,1007.2
2022-04-10,29.4,56.5,0.00,1006.2
2022-04-11,28.9,55.8,0.00,1005.2
2022-04-12,27.9,53.6,0.00,1005.1
2022-04-13,27.2,52.6,0.00,1004.3
2022-04-14,27.5,53.3,0.00,1003.5
2022-04-15,25.0,49.0,0.00,1003.5
2022-04-16,26.5,51.5,0.00,1003.0
2022-04-17,28.6,54.7,0.00,1004.0
2022-04-18,25.6,50.0,0.00,1005.6
2022-04-19,26.6,51.8,0.00,1006.9
2022-04-20,26.8,52.2,0.00,1005.8
2022-04-21,29.4,54.7,0.00,1006.0
2022-04-22,24.1,47.2,0.00,1006.6
2022-04-23,21.8,43.6,0.00,1006.5
2022-04-24,19.5,38.5,0.00,1004.6
2022-04-25,23.9,47.9,0.00,1004.3
2022-04-26,23.9,46.8,0.00,1005.0
2022-04-27,25.7,50.4,0.00,1004.7
2022-04-28,25.0,49.7,0.00,1005.1
2022-04-29,24.1,48.6,0.00,1004.6
2022-04-30,29.1,55.4,0.00,1003.3
2022-05-01,29.8,55.8,0.50,1003.1
2022-05-02,25.5,50.0,0.00,1003.3
2022-05-03,28.7,55.1,0.00,1004.5
2022-05-04,25.2,50.8,0.00,1005.3
2022-05-05,21.7,43.9,13.00,1005.3
2022-05-06,17.2,37.1,0.00,1005.1
2022-05-07,15.1,33.8,0.00,1005.0
2022-05-08,16.4,32.8,0.00,1004.1
2022-05-09,19.3,39.6,5.30,1003.3
2022-05-10,22.4,46.4,4.00,1003.2
2022-05-11,23.1,44.6,3.20,1003.3
2022-05-12,25.0,48.2,1.30,1003.2
2022-05-13,30.3,56.9,0.00,1001.5
2022-05-14,30.6,58.3,0.00,1001.9
2022-05-15,25.9,50.0,0.40,1003.6
2022-05-16,28.2,54.0,0.00,1003.1
2022-05-17,26.4,50.0,0.00,1002.6
2022-05-18,26.0,49.3,0.10,1003.5
2022-05-19,30.9,57.6,0.00,1003.6
2022-05-20,29.7,55.8,0.00,1001.8
2022-05-21,27.2,52.9,4.90,998.9
2022-05-22,22.9,41.4,0.60,997.9
2022-05-23,18.6,38.9,1.10,998.3
2022-05-24,15.4,32.0,0.00,1002.2
2022-05-25,16.9,36.4,0.40,1003.3
2022-05-26,22.9,49.0,0.50,1002.3
2022-05-27,16.8,31.7,0.00,1000.4
2022-05-28,18.7,36.0,0.10,999.3
2022-05-29,19.0,40.0,1.00,999.4
2022-05-30,16.1,28.4,0.00,999.6
2022-05-31,21.7,42.1,0.00,998.7
2022-06-01,19.2,39.2,0.00,999.1
2022-06-02,25.9,51.1,1.40,999.8
2022-06-03,24.7,48.2,0.00,1000.1
2022-06-04,29.4,56.5,1.00,1001.0
2022-06-05,28.0,54.0,0.00,1001.5
2022-06-06,27.2,50.8,0.10,1000.8
2022-06-07,27.2,52.6,0.00,999.9
2022-06-08,26.5,51.8,0.00,999.0
2022-06-09,26.6,51.1,0.00,998.8
2022-06-10,29.2,54.0,6.40,1000.6
2022-06-11,31.2,58.3,0.10,1001.1
2022-06-12,29.2,55.4,0.00,1001.8
2022-06-13,25.7,50.4,0.00,1002.6
2022-06-14,26.8,52.2,1.30,1002.7
2022-06-15,23.0,45.7,7.50,1003.3
2022-06-16,25.0,47.9,1.30,1003.9
2022-06-17,29.5,56.5,0.30,1004.4
2022-06-18,28.1,53.3,1.60,1004.5
2022-06-19,26.5,48.6,1.90,1003.7
2022-06-20,20.7,39.2,14.30,1001.6
2022-06-21,21.7,42.5,11.10,1000.0
2022-06-22,18.9,39.6,6.00,1002.1
2022-06-23,20.6,41.0,4.40,1003.3
2022-06-24,19.4,40.0,30.10,1001.7
2022-06-25,21.5,42.5,18.50,1000.0
2022-06-26,21.4,42.1,2.40,1001.9
2022-06-27,17.1,34.2,2.10,1003.4
2022-06-28,19.8,37.4,0.80,1002.1
2022-06-29,20.6,41.0,1.20,1000.3
2022-06-30,20.4,40.0,6.50,999.8
2022-07-01,15.3,30.6,16.60,999.3
2022-07-02,15.9,33.5,16.70,997.9
2022-07-03,12.3,27.7,17.10,998.2
2022-07-04,13.4,28.8,6.90,997.7
2022-07-05,9.5,20.5,18.10,997.7
2022-07-06,19.8,37.8,5.70,1000.1
2022-07-07,17.0,34.6,1.70,1001.6
2022-07-08,18.2,37.8,5.00,999.5
2022-07-09,20.6,40.0,6.90,996.7
2022-07-10,20.9,40.3,4.40,996.4
2022-07-11,22.7,44.3,5.40,995.7
2022-07-12,19.5,38.5,2.20,994.2
2022-07-13,16.8,36.0,17.40,993.3
2022-07-14,14.7,30.6,12.10,994.1
2022-07-15,12.7,27.4,7.20,996.6
2022-07-16,12.3,26.6,22.00,998.3
2022-07-17,24.9,50.0,14.30,1000.2
2022-07-18,29.8,55.8,7.30,1001.6
2022-07-19,22.1,41.4,2.40,1001.7
2022-07-20,19.6,38.9,16.70,1001.6
2022-07-21,18.7,37.1,13.40,1001.2
2022-07-22,13.2,28.8,14.50,1001.4
2022-07-23,18.0,32.4,43.20,1001.5
2022-07-24,23.8,47.2,11.20,1002.5
2022-07-25,19.5,39.2,9.90,1005.4
2022-07-26,17.2,34.6,1.30,1007.0
2022-07-27,16.6,32.8,0.20,1006.7
2022-07-28,15.7,33.1,0.30,1006.9
2022-07-29,17.6,35.3,1.30,1005.7
2022-07-30,20.2,38.5,2.60,1004.1
2022-07-31,20.5,40.0,3.90,1002.2
2022-08-01,20.9,37.8,7.60,1002.0
2022-08-02,15.6,31.7,11.60,1001.4
2022-08-03,13.9,29.5,0.40,1001.9
2022-08-04,15.8,32.0,1.00,1001.9
2022-08-05,10.5,25.9,20.40,1000.2
2022-08-06,16.3,33.8,36.40,997.5
2022-08-07,19.3,38.2,19.70,995.4
2022-08-08,19.9,43.6,6.20,993.2
2022-08-09,21.5,45.7,10.30,992.3
2022-08-10,22.2,39.6,37.70,995.3
2022-08-11,20.7,38.2,15.20,999.2
2022-08-12,14.1,34.2,18.10,1000.0
2022-08-13,18.8,35.3,91.60,997.4
2022-08-14,27.4,51.5,33.10,997.2
2022-08-15,32.0,60.5,6.10,1002.9
2022-08-16,18.6,34.6,1.30,1005.1
2022-08-17,15.5,34.9,3.80,1003.4
2022-08-18,15.1,28.8,15.00,1000.3
2022-08-19,24.5,45.7,52.90,998.1
2022-08-20,22.9,43.2,5.70,998.5
2022-08-21,18.5,36.7,3.40,999.8
2022-08-22,12.2,26.6,5.20,1000.4
2022-08-23,9.8,21.2,18.60,1002.4
2022-08-24,14.3,29.9,33.70,1004.5
2022-08-25,16.3,32.4,1.10,1003.7
2022-08-26,16.7,32.0,0.90,1002.8
2022-08-27,20.5,37.8,7.90,1002.8
2022-08-28,17.3,36.4,7.00,1004.2
2022-08-29,15.7,32.8,1.00,1006.8
2022-08-30,13.7,28.1,1.10,1007.5
2022-08-31,17.9,36.7,1.10,1006.3
2022-09-01,18.5,35.6,0.00,1006.7
2022-09-02,16.3,33.1,1.50,1007.1
2022-09-03,21.9,42.5,5.00,1005.3
2022-09-04,17.6,34.2,19.60,1004.3
2022-09-05,14.7,30.2,1.80,1004.5
2022-09-06,15.0,31.0,2.50,1005.0
2022-09-07,14.7,31.3,4.20,1005.2
2022-09-08,24.1,45.4,16.60,1005.4
2022-09-09,25.7,51.8,17.20,1004.4
2022-09-10,27.2,50.0,32.20,1002.2
2022-09-11,28.9,50.4,25.40,1000.8
2022-09-12,30.3,55.8,7.90,1001.6
2022-09-13,27.0,54.0,15.40,1004.7
2022-09-14,26.4,47.9,1.00,1006.4
2022-09-15,16.1,34.2,4.40,1005.6
2022-09-16,13.8,35.3,7.50,1002.9
2022-09-17,11.8,26.6,6.10,1002.4
2022-09-18,10.1,24.8,6.60,1002.9
2022-09-19,21.1,41.4,11.90,1001.4
2022-09-20,18.8,34.9,2.30,1001.0
2022-09-21,19.5,39.2,6.80,1003.3
2022-09-22,19.7,39.6,6.80,1004.4
2022-09-23,14.5,29.2,4.80,1005.0
2022-09-24,12.7,33.1,7.10,1005.1
2022-09-25,9.7,25.6,1.50,1005.7
2022-09-26,11.4,26.6,3.40,1006.5
2022-09-27,12.4,28.8,4.40,1005.3
2022-09-28,11.8,25.6,1.10,1004.3
2022-09-29,13.7,30.2,2.20,1003.9
2022-09-30,15.0,31.0,1.40,1003.9
2022-10-01,21.8,44.3,8.60,1003.0
2022-10-02,11.1,28.4,2.40,1002.2
2022-10-03,13.4,27.4,15.50,1002.9
2022-10-04,23.3,48.2,23.00,1005.6
2022-10-05,18.2,39.6,12.30,1007.7
2022-10-06,19.9,41.4,24.40,1008.8
2022-10-07,19.2,38.2,4.30,1009.1
2022-10-08,17.7,36.0,10.20,1009.5
2022-10-09,15.7,32.4,3.80,1010.4
2022-10-10,14.2,29.2,4.40,1011.4
2022-10-11,15.1,29.5,4.50,1010.0
2022-10-12,12.3,26.6,0.60,1009.7
2022-10-13,9.3,22.3,0.80,1009.4
2022-10-14,11.7,27.0,6.50,1009.0
2022-10-15,12.3,27.4,0.30,1008.8
2022-10-16,16.0,33.1,0.40,1010.5
2022-10-17,19.1,37.4,0.00,1010.7
2022-10-18,17.7,35.3,0.40,1009.9
2022-10-19,17.1,33.5,0.20,1009.8
2022-10-20,21.5,42.8,0.10,1011.3
2022-10-21,21.4,41.0,0.00,1012.2
2022-10-22,22.4,42.5,0.00,1011.7
2022-10-23,25.9,54.4,9.00,1008.6
2022-10-24,25.9,49.3,0.90,1003.5
2022-10-25,10.8,20.9,0.00,1008.4
2022-10-26,9.7,15.5,0.00,1011.9
2022-10-27,8.7,17.6,0.00,1011.8
2022-10-28,12.7,23.8,0.00,1011.2
2022-10-29,17.1,32.4,0.00,1011.3
2022-10-30,11.2,23.0,0.00,1011.4
2022-10-31,15.1,30.6,0.00,1011.5
2022-11-01,14.2,28.1,0.00,1012.0
2022-11-02,14.7,29.5,0.10,1010.9
2022-11-03,9.6,20.5,0.30,1011.2
2022-11-04,11.7,22.7,0.00,1012.5
2022-11-05,12.0,22.7,0.00,1013.9
2022-11-06,12.0,23.0,0.00,1014.0
2022-11-07,9.1,19.4,0.10,1013.6
2022-11-08,10.0,20.9,0.00,1013.5
2022-11-09,14.9,29.5,0.00,1013.3
2022-11-10,17.0,32.8,0.10,1013.5
2022-11-11,13.8,28.8,0.00,1013.6
2022-11-12,14.4,29.2,0.00,1013.4
2022-11-13,14.5,29.5,0.00,1013.2
2022-11-14,14.2,26.6,0.00,1013.3
2022-11-15,11.6,25.2,0.00,1012.7
2022-11-16,14.8,29.9,0.00,1011.4
2022-11-17,18.3,36.4,0.00,1011.2
2022-11-18,21.4,41.0,0.00,1012.2
2022-11-19,23.0,43.6,0.00,1012.0
2022-11-20,17.1,34.2,0.00,1010.6
2022-11-21,16.6,33.5,0.00,1010.3
2022-11-22,13.4,28.4,0.00,1011.0
2022-11-23,14.5,29.2,0.00,1011.6
2022-11-24,15.5,31.0,0.00,1011.8
2022-11-25,15.5,32.0,0.00,1012.4
2022-11-26,11.6,24.8,0.00,1011.0
2022-11-27,12.3,23.4,0.00,1009.3
2022-11-28,17.3,33.8,0.00,1010.1
2022-11-29,17.3,34.2,0.00,1011.3
2022-11-30,15.1,31.0,0.00,1012.3
2022-12-01,16.8,33.5,0.00,1012.2
2022-12-02,13.6,26.6,0.00,1011.9
2022-12-03,13.5,28.8,0.00,1012.3
2022-12-04,13.7,27.7,0.00,1012.7
2022-12-05,15.5,32.0,0.00,1013.5
2022-12-06,18.2,36.4,0.00,1012.4
2022-12-07,19.2,37.8,0.00,1011.8
2022-12-08,18.3,37.1,0.00,1012.0
2022-12-09,18.3,36.7,0.00,1011.8
2022-12-10,16.6,33.8,0.00,1012.0
2022-12-11,15.1,29.5,0.00,1012.5
2022-12-12,10.5,23.0,0.00,1012.1
2022-12-13,10.0,20.5,0.00,1012.3
2022-12-14,16.7,33.8,0.00,1012.7
2022-12-15,15.7,32.0,0.00,1011.9
2022-12-16,16.1,33.1,0.00,1011.7
2022-12-17,15.3,31.7,0.00,1012.8
2022-12-18,15.3,31.7,0.00,1012.7
2022-12-19,12.1,24.1,0.00,1011.8
2022-12-20,14.4,29.2,0.00,1011.4
2022-12-21,15.0,29.2,0.00,1011.9
2022-12-22,12.4,25.6,0.00,1011.9
2022-12-23,15.1,31.0,0.00,1012.1
2022-12-24,10.6,18.0,0.00,1012.6
2022-12-25,12.1,25.2,0.00,1013.4
2022-12-26,11.0,19.8,0.00,1014.7
2022-12-27,15.5,30.6,0.60,1014.1
2022-12-28,15.7,31.3,0.10,1014.4
2022-12-29,15.2,30.2,0.50,1016.4
2022-12-30,9.4,17.3,0.00,1017.2
2022-12-31,13.3,27.7,0.00,1016.2
2023-01-01,11.2,25.6,0.50,1016.5
2023-01-02,9.9,22.0,1.90,1017.5
2023-01-03,16.2,33.5,0.40,1017.6
2023-01-04,18.1,36.4,0.00,1017.5
2023-01-05,19.9,39.2,0.00,1018.2
2023-01-06,16.4,32.8,0.00,1018.3
2023-01-07,13.4,28.8,0.00,1016.9
2023-01-08,15.4,31.7,0.00,1015.9
2023-01-09,13.7,28.8,0.00,1016.8
2023-01-10,12.4,24.5,0.00,1015.6
2023-01-11,11.3,24.1,0.00,1013.7
2023-01-12,12.6,27.0,0.00,1012.5
2023-01-13,17.7,34.9,0.00,1012.6
2023-01-14,15.5,31.3,0.00,1012.0
2023-01-15,11.3,25.2,0.00,1011.6
2023-01-16,16.6,33.8,0.00,1013.2
2023-01-17,12.3,28.8,0.60,1014.0
2023-01-18,13.4,29.5,2.40,1015.7
2023-01-19,17.4,33.8,2.00,1016.2
2023-01-20,13.7,28.4,0.00,1015.7
2023-01-21,11.5,25.6,0.00,1014.6
2023-01-22,11.6,25.6,0.00,1014.0
2023-01-23,10.0,21.6,0.00,1013.4
2023-01-24,11.5,24.5,0.00,1013.4
2023-01-25,10.2,19.8,0.00,1013.2
2023-01-26,12.3,24.5,0.00,1012.7
2023-01-27,16.3,32.8,0.00,1012.8
2023-01-28,18.2,37.4,0.00,1012.4
2023-01-29,15.8,33.5,0.00,1012.8
2023-01-30,15.4,32.4,0.00,1014.1
2023-01-31,12.5,27.4,0.00,1012.5
2023-02-01,18.3,37.1,0.00,1012.4
2023-02-02,20.0,39.6,0.00,1013.2
2023-02-03,12.6,28.4,0.00,1013.3
2023-02-04,13.3,28.4,0.00,1011.9
2023-02-05,14.7,31.7,0.00,1011.7
2023-02-06,15.1,31.7,0.00,1011.5
2023-02-07,18.5,37.1,0.00,1010.8
2023-02-08,18.4,36.4,0.00,1010.7
2023-02-09,14.8,32.0,0.00,1011.7
2023-02-10,13.8,29.5,0.00,1012.6
2023-02-11,17.5,31.3,0.00,1011.6
2023-02-12,13.7,27.4,0.00,1012.0
2023-02-13,14.8,31.3,0.00,1013.2
2023-02-14,11.9,26.6,0.00,1012.8
2023-02-15,14.3,31.3,0.00,1011.1
2023-02-16,18.2,34.6,1.80,1011.7
2023-02-17,12.4,28.1,1.30,1013.2
2023-02-18,12.6,27.0,0.00,1013.6
2023-02-19,14.4,27.7,0.00,1013.0
2023-02-20,20.7,40.3,0.40,1011.7
2023-02-21,18.7,37.4,0.00,1011.7
2023-02-22,20.6,41.4,0.00,1011.1
2023-02-23,23.8,44.3,0.00,1011.0
2023-02-24,20.9,41.0,0.00,1012.4
2023-02-25,12.3,26.3,0.00,1014.8
2023-02-26,12.2,27.0,0.00,1016.4
2023-02-27,16.9,33.8,0.00,1016.1
2023-02-28,15.9,32.8,0.00,1016.2
2023-03-01,14.8,30.6,0.00,1016.2
2023-03-02,14.3,29.9,0.00,1015.7
2023-03-03,15.0,29.5,0.00,1016.4
2023-03-04,13.5,27.7,0.00,1016.0
2023-03-05,11.9,27.0,0.00,1015.2
2023-03-06,12.3,27.4,0.00,1014.0
2023-03-07,12.2,27.4,0.00,1014.0
2023-03-08,12.7,25.9,0.00,1014.5
2023-03-09,14.9,31.3,0.00,1013.8
2023-03-10,13.4,28.1,0.00,1013.2
2023-03-11,11.8,26.6,0.00,1013.3
2023-03-12,12.5,26.3,0.00,1012.7
2023-03-13,14.8,29.2,0.00,1011.3
2023-03-14,15.5,32.0,0.00,1009.7
2023-03-15,13.8,34.2,0.00,1009.4
2023-03-16,16.4,36.0,0.00,1010.6
2023-03-17,14.4,31.3,3.00,1011.2
2023-03-18,13.4,28.1,0.80,1010.3
2023-03-19,17.5,34.9,8.60,1009.3
2023-03-20,26.1,49.7,5.10,1008.4
2023-03-21,20.9,39.2,0.20,1008.6
2023-03-22,13.8,30.2,0.00,1008.2
2023-03-23,14.1,31.0,0.80,1008.0
2023-03-24,10.6,27.4,1.00,1009.1
2023-03-25,17.2,33.5,0.40,1010.1
2023-03-26,20.6,40.0,0.10,1008.5
2023-03-27,17.6,36.7,0.90,1008.0
2023-03-28,14.6,31.3,0.50,1008.7
2023-03-29,21.3,41.4,2.60,1009.8
2023-03-30,20.4,38.5,0.60,1008.3
2023-03-31,16.9,32.4,2.80,1008.6
2023-04-01,16.6,32.0,12.80,1008.8
2023-04-02,16.7,36.0,0.10,1007.2
2023-04-03,15.5,34.2,1.50,1007.1
2023-04-04,22.5,45.4,0.00,1007.8
2023-04-05,19.4,38.9,0.00,1007.2
2023-04-06,11.5,25.9,7.30,1009.3
2023-04-07,11.8,23.8,0.00,1011.0
2023-04-08,14.3,30.2,0.00,1012.4
2023-04-09,12.8,25.9,0.00,1011.9
2023-04-10,14.9,29.5,0.00,1009.7
2023-04-11,11.7,27.0,0.00,1009.3
2023-04-12,12.7,22.7,0.00,1008.7
2023-04-13,15.2,28.4,0.00,1007.9
2023-04-14,16.8,32.4,0.00,1007.2
2023-04-15,14.4,31.7,0.00,1006.4
2023-04-16,10.8,23.0,0.00,1005.5
2023-04-17,16.2,33.5,0.00,1006.0
2023-04-18,16.2,31.0,0.00,1006.7
2023-04-19,14.5,29.2,0.00,1003.8
2023-04-20,17.9,45.4,0.30,1001.6
2023-04-21,26.7,52.6,0.00,1003.2
2023-04-22,16.0,34.6,0.10,1004.5
2023-04-23,13.5,52.9,6.70,1006.8
2023-04-24,19.3,48.6,30.70,1009.5
2023-04-25,7.6,20.9,1.30,1010.0
2023-04-26,16.5,31.3,0.00,1008.1
2023-04-27,16.8,32.8,0.10,1007.9
2023-04-28,15.6,34.9,4.10,1008.6
2023-04-29,13.8,28.1,0.00,1007.5
2023-04-30,17.6,41.8,0.40,1006.6
2023-05-01,16.3,33.5,0.90,1008.2
2023-05-02,15.1,31.0,0.00,1009.2
2023-05-03,19.0,41.8,6.50,1009.6
2023-05-04,13.3,31.7,3.80,1008.4
2023-05-05,19.5,38.9,2.50,1006.0
2023-05-06,13.7,28.4,0.20,1004.9
2023-05-07,16.0,32.4,0.00,1004.5
2023-05-08,12.6,28.8,0.00,1004.2
2023-05-09,16.0,34.2,0.00,1004.9
2023-05-10,16.0,34.6,0.00,1005.0
2023-05-11,15.2,28.8,0.00,1006.1
2023-05-12,18.4,37.4,0.20,1005.2
2023-05-13,27.2,53.3,0.20,1002.7
2023-05-14,19.8,34.9,0.00,1000.0
2023-05-15,27.1,52.6,0.00,1002.4
2023-05-16,31.6,59.0,6.40,1004.6
2023-05-17,26.8,51.1,0.40,1006.2
2023-05-18,29.5,56.2,0.00,1007.0
2023-05-19,26.1,50.0,18.10,1005.3
2023-05-20,21.7,44.3,0.00,1005.3
2023-05-21,24.6,48.2,1.40,1006.2
2023-05-22,25.5,50.0,0.00,1006.6
2023-05-23,22.7,43.6,0.00,1005.6
2023-05-24,24.8,49.0,0.00,1004.4
2023-05-25,25.3,52.9,0.10,1004.6
2023-05-26,25.6,49.3,0.00,1005.2
2023-05-27,20.4,43.9,0.70,1004.6
2023-05-28,13.4,31.0,0.40,1005.6
2023-05-29,14.3,29.2,0.00,1006.8
2023-05-30,21.2,44.6,0.00,1006.3
2023-05-31,21.2,43.6,0.70,1004.3
2023-06-01,12.4,31.0,0.00,1003.1
2023-06-02,17.5,36.7,0.00,1003.2
2023-06-03,23.5,46.1,0.30,1004.1
2023-06-04,22.6,44.6,0.00,1004.0
2023-06-05,15.7,34.9,0.00,1002.6
2023-06-06,17.9,43.2,0.00,1001.4
2023-06-07,31.6,60.5,1.90,1000.9
2023-06-08,18.6,33.1,0.00,999.9
2023-06-09,19.1,41.0,0.00,998.3
2023-06-10,18.4,38.9,0.00,997.7
2023-06-11,17.3,37.1,0.00,997.0
2023-06-12,19.5,38.5,0.00,997.2
2023-06-13,23.5,46.1,0.30,998.1
2023-06-14,25.6,50.0,0.30,999.4
2023-06-15,20.6,41.4,0.00,999.6
2023-06-16,21.1,41.8,0.00,999.3
2023-06-17,18.4,37.8,0.00,1001.1
2023-06-18,24.0,43.6,0.00,1001.7
2023-06-19,23.0,45.0,0.00,1001.8
2023-06-20,25.0,47.5,7.30,1001.5
2023-06-21,24.4,47.9,0.90,1001.8
2023-06-22,23.4,42.8,6.70,1001.5
2023-06-23,18.6,35.6,9.60,1000.9
2023-06-24,15.8,32.0,31.10,1000.0
2023-06-25,18.9,34.9,23.60,999.2
2023-06-26,23.0,42.8,15.20,999.5
2023-06-27,29.2,55.8,7.00,999.8
2023-06-28,31.6,59.8,14.50,1002.6
2023-06-29,22.5,44.3,7.20,1003.4
2023-06-30,19.7,41.0,8.10,1002.9
2023-07-01,21.6,40.7,21.00,1002.7
2023-07-02,14.1,35.6,7.00,1001.9
2023-07-03,17.7,38.9,13.10,1001.9
2023-07-04,14.7,32.8,0.30,1000.7
2023-07-05,11.4,25.9,19.30,999.0
2023-07-06,21.8,41.4,5.70,1000.3
2023-07-07,21.0,40.7,1.70,1002.3
2023-07-08,18.3,34.6,4.40,1004.0
2023-07-09,15.2,32.4,4.70,1003.5
2023-07-10,17.1,35.3,5.00,1003.2
2023-07-11,20.5,41.4,10.60,1002.9
2023-07-12,19.0,39.2,0.80,1002.9
2023-07-13,17.3,35.6,13.40,1003.1
2023-07-14,19.6,39.2,5.60,1003.0
2023-07-15,21.9,39.6,37.30,1001.9
2023-07-16,16.4,31.3,12.30,999.8
2023-07-17,15.6,32.0,8.30,998.5
2023-07-18,14.4,29.2,13.90,997.4
2023-07-19,16.7,35.6,5.90,996.1
2023-07-20,18.2,38.2,3.00,995.8
2023-07-21,19.1,38.9,6.30,998.8
2023-07-22,24.9,49.0,7.00,1001.7
2023-07-23,19.5,40.0,9.50,1003.1
2023-07-24,20.8,41.4,3.40,1001.5
2023-07-25,24.9,49.0,4.60,999.7
2023-07-26,25.5,47.5,6.40,999.4
2023-07-27,27.5,54.7,8.10,1000.0
2023-07-28,21.0,40.7,6.00,998.1
2023-07-29,13.4,30.6,20.40,997.7
2023-07-30,15.1,32.4,42.20,997.6
2023-07-31,15.8,31.7,34.40,997.7
2023-08-01,20.9,37.8,29.90,995.7
2023-08-02,26.0,49.0,40.80,995.4
2023-08-03,26.7,54.7,3.10,997.9
2023-08-04,24.0,46.8,4.70,1002.0
2023-08-05,20.2,41.8,9.10,1003.7
2023-08-06,22.4,42.5,12.70,1001.8
2023-08-07,19.6,44.3,5.60,1000.0
2023-08-08,15.8,34.9,0.00,1001.3
2023-08-09,18.6,41.0,1.00,1003.8
2023-08-10,14.3,29.5,2.30,1004.8
2023-08-11,15.4,31.7,0.90,1004.1
2023-08-12,15.2,39.2,11.10,1003.1
2023-08-13,12.6,26.3,14.50,1003.6
2023-08-14,12.8,28.1,7.10,1004.5
2023-08-15,14.2,31.0,4.90,1004.0
2023-08-16,14.2,30.2,17.40,1003.2
2023-08-17,8.7,24.8,17.20,1002.2
2023-08-18,12.3,24.8,29.90,1000.1
2023-08-19,21.3,41.0,6.00,1001.8
2023-08-20,23.0,45.0,1.60,1003.8
2023-08-21,17.0,34.2,7.50,1003.6
2023-08-22,17.1,34.6,8.10,1003.6
2023-08-23,19.6,39.2,28.20,1002.7
2023-08-24,18.0,37.8,9.10,1001.4
2023-08-25,17.7,36.0,17.60,1002.2
2023-08-26,22.1,42.5,19.50,1003.0
2023-08-27,16.6,34.6,1.30,1002.5
2023-08-28,16.0,32.8,0.10,1002.4
2023-08-29,12.2,27.0,2.40,1003.0
2023-08-30,13.5,27.4,1.20,1004.1
2023-08-31,7.6,19.1,4.10,1004.8
2023-09-01,9.7,23.0,3.70,1004.7
2023-09-02,17.4,36.7,17.80,1003.3
2023-09-03,12.7,33.5,10.60,1001.3
2023-09-04,11.0,25.6,8.20,999.7
2023-09-05,18.3,36.7,16.80,999.7
2023-09-06,15.9,33.1,5.60,1000.7
2023-09-07,13.6,28.1,4.20,1001.2
2023-09-08,23.7,46.8,10.70,1002.9
2023-09-09,20.2,40.3,7.60,1003.3
2023-09-10,19.5,39.6,1.30,1001.8
2023-09-11,19.2,36.7,2.50,1000.9
2023-09-12,13.4,33.1,13.70,1000.7
2023-09-13,15.3,35.3,75.80,999.0
2023-09-14,23.5,46.1,19.20,998.5
2023-09-15,21.8,42.8,8.30,1002.5
2023-09-16,13.2,24.1,15.90,1004.0
2023-09-17,5.8,22.0,3.50,1002.9
2023-09-18,10.2,25.6,2.90,1002.4
2023-09-19,10.2,26.6,39.70,1003.1
2023-09-20,14.2,27.7,8.90,1002.7
2023-09-21,24.5,47.2,3.80,1004.1
2023-09-22,22.4,43.9,9.40,1005.2
2023-09-23,21.4,44.6,2.80,1006.1
2023-09-24,17.1,41.0,14.70,1005.4
2023-09-25,15.8,33.5,20.00,1005.2
2023-09-26,12.0,27.4,4.00,1005.6
2023-09-27,9.2,22.0,0.80,1005.1
2023-09-28,9.0,20.9,0.50,1004.3
2023-09-29,9.9,22.3,0.70,1003.8
2023-09-30,15.1,27.7,12.50,1002.8
2023-10-01,19.1,37.4,6.90,1001.6
2023-10-02,14.9,36.0,70.20,1002.7
2023-10-03,23.9,45.7,41.40,1003.2
2023-10-04,12.9,30.2,35.90,1003.8
2023-10-05,17.7,33.1,0.20,1003.9
2023-10-06,13.3,25.6,0.90,1004.2
2023-10-07,11.9,25.2,0.00,1005.8
2023-10-08,11.7,24.5,2.10,1007.7
2023-10-09,10.9,23.4,0.00,1008.7
2023-10-10,9.5,20.5,0.00,1009.1
2023-10-11,8.8,18.4,0.00,1009.1
2023-10-12,8.6,19.8,0.00,1010.7
2023-10-13,7.2,16.6,0.10,1011.8
2023-10-14,8.7,18.4,0.30,1011.3
2023-10-15,11.0,22.3,0.00,1009.5
2023-10-16,10.8,21.2,0.00,1010.2
2023-10-17,14.2,29.2,0.50,1011.3
2023-10-18,9.1,23.4,1.10,1011.8
2023-10-19,14.9,32.0,0.10,1012.3
2023-10-20,16.8,34.2,0.00,1012.7
2023-10-21,16.6,33.8,0.00,1012.9
2023-10-22,19.9,40.3,0.80,1012.2
2023-10-23,21.6,40.3,35.40,1009.5
2023-10-24,24.4,47.2,15.40,1009.0
2023-10-25,9.3,24.8,1.00,1011.7
2023-10-26,11.5,24.8,1.30,1012.2
2023-10-27,12.0,25.2,0.00,1011.6
2023-10-28,9.4,16.9,0.00,1012.1
2023-10-29,12.1,25.2,0.00,1012.1
2023-10-30,13.5,25.6,0.00,1012.4
2023-10-31,13.2,28.1,0.00,1013.1
2023-11-01,12.3,25.9,0.00,1013.5
2023-11-02,11.0,24.1,0.30,1012.3
2023-11-03,10.9,19.4,3.00,1010.6
2023-11-04,12.1,25.6,17.50,1010.9
2023-11-05,7.6,19.1,1.20,1012.5
2023-11-06,13.0,28.1,0.20,1013.4
2023-11-07,12.8,24.5,0.00,1013.0
2023-11-08,11.2,22.7,0.00,1012.4
2023-11-09,11.9,23.8,0.00,1013.0
2023-11-10,11.2,23.8,0.00,1014.2
2023-11-11,10.1,22.7,0.00,1014.3
2023-11-12,13.8,28.8,0.00,1014.4
2023-11-13,14.5,29.5,0.00,1014.5
2023-11-14,17.3,34.6,0.00,1014.0
2023-11-15,20.6,40.3,0.00,1013.3
2023-11-16,24.8,45.4,32.10,1012.0
2023-11-17,25.8,48.2,0.00,1011.4
2023-11-18,14.3,29.5,0.60,1013.3
2023-11-19,16.8,34.6,0.00,1014.3
2023-11-20,16.3,33.1,0.00,1014.5
2023-11-21,9.6,22.3,3.00,1013.4
2023-11-22,12.2,24.5,0.00,1012.4
2023-11-23,11.2,23.0,0.00,1012.2
2023-11-24,13.2,26.3,0.00,1013.2
2023-11-25,15.3,31.3,0.00,1014.6
2023-11-26,14.0,29.2,0.00,1015.2
2023-11-27,10.4,20.9,0.00,1013.9
2023-11-28,11.2,22.7,0.00,1012.5
2023-11-29,10.2,21.6,0.00,1013.2
2023-11-30,12.3,26.3,0.00,1013.7
2023-12-01,18.6,37.4,0.00,1013.1
2023-12-02,20.4,40.3,0.00,1013.2
2023-12-03,18.6,37.4,0.00,1013.4
2023-12-04,15.8,31.3,0.10,1012.2
2023-12-05,16.5,31.0,1.20,1011.6
2023-12-06,22.4,44.6,8.60,1012.3
2023-12-07,19.8,38.5,0.70,1011.1
2023-12-08,14.8,30.2,0.00,1012.2
2023-12-09,11.8,25.9,0.00,1013.6
2023-12-10,11.3,25.2,0.00,1013.0
2023-12-11,11.5,23.8,0.00,1013.9
2023-12-12,10.9,23.0,0.00,1013.0
2023-12-13,8.4,16.2,0.00,1014.0
2023-12-14,11.4,21.6,0.00,1015.7
2023-12-15,12.6,27.4,0.00,1016.3
2023-12-16,12.0,26.3,0.00,1015.2
2023-12-17,14.6,30.6,0.00,1015.3
2023-12-18,12.6,27.0,0.00,1016.0
2023-12-19,15.1,31.3,0.00,1016.6
2023-12-20,14.3,31.0,0.00,1016.1
2023-12-21,10.0,21.6,0.00,1015.2
2023-12-22,9.8,19.8,0.00,1015.2
2023-12-23,11.3,22.7,0.00,1016.6
2023-12-24,9.2,16.9,0.00,1017.7
2023-12-25,9.8,20.2,0.00,1016.9
2023-12-26,12.8,25.2,0.00,1016.9
2023-12-27,9.5,18.0,0.00,1017.5
2023-12-28,10.5,22.0,0.00,1016.4
2023-12-29,13.3,26.6,0.00,1016.3
2023-12-30,12.2,27.0,0.00,1015.5
2023-12-31,13.0,27.4,0.00,1015.4
2024-01-01,10.8,24.1,0.00,1015.3
2024-01-02,12.3,28.1,0.00,1015.1
2024-01-03,14.5,31.0,0.00,1014.8
2024-01-04,13.1,28.8,0.00,1014.9
2024-01-05,15.8,32.4,0.00,1015.2
2024-01-06,15.3,32.8,0.00,1015.6
2024-01-07,14.9,31.7,0.00,1016.3
2024-01-08,17.1,35.6,0.00,1016.6
2024-01-09,12.5,27.4,0.00,1016.1
2024-01-10,11.2,24.5,0.00,1014.4
2024-01-11,14.6,31.3,0.00,1015.2
2024-01-12,13.4,28.1,0.00,1015.1
2024-01-13,14.2,29.5,0.00,1015.1
2024-01-14,10.6,23.8,0.00,1014.5
2024-01-15,12.6,26.6,0.00,1013.7
2024-01-16,12.2,24.8,1.20,1012.9
2024-01-17,10.1,23.4,2.60,1013.0
2024-01-18,17.4,34.6,2.10,1013.0
2024-01-19,16.1,31.7,0.00,1014.8
2024-01-20,13.3,28.1,0.00,1015.3
2024-01-21,10.1,24.1,5.60,1014.7
2024-01-22,15.8,33.8,0.50,1016.8
2024-01-23,13.1,29.5,0.00,1015.8
2024-01-24,15.9,31.3,25.90,1015.3
2024-01-25,17.3,34.6,0.10,1017.5
2024-01-26,12.1,27.0,0.00,1018.7
2024-01-27,12.0,25.2,0.00,1018.4
2024-01-28,10.1,20.5,0.00,1017.9
2024-01-29,9.7,21.6,0.00,1016.6
2024-01-30,14.4,29.5,0.00,1015.3
2024-01-31,13.8,28.4,0.00,1014.6
2024-02-01,16.0,32.8,0.00,1014.8
2024-02-02,14.9,32.8,9.90,1014.4
2024-02-03,11.9,24.8,1.10,1015.6
2024-02-04,13.9,28.8,0.30,1016.7
2024-02-05,13.0,26.6,0.00,1016.0
2024-02-06,18.2,36.4,0.00,1014.8
2024-02-07,15.3,31.0,0.00,1015.1
2024-02-08,16.1,32.8,0.20,1015.3
2024-02-09,17.9,36.7,0.00,1017.4
2024-02-10,11.8,26.6,0.00,1018.0
2024-02-11,11.5,26.6,0.00,1018.2
2024-02-12,11.6,25.9,0.00,1018.0
2024-02-13,10.4,23.8,0.00,1017.3
2024-02-14,12.6,27.4,0.00,1015.7
2024-02-15,13.1,28.8,0.00,1016.0
2024-02-16,13.7,28.4,0.00,1016.4
2024-02-17,15.8,33.8,0.00,1013.6
2024-02-18,15.9,32.0,3.90,1012.8
2024-02-19,16.2,35.3,0.20,1012.8
2024-02-20,16.2,33.1,0.00,1010.9
2024-02-21,18.9,37.4,0.40,1009.2
2024-02-22,24.5,47.9,0.00,1009.6
2024-02-23,15.7,29.2,0.00,1011.7
2024-02-24,13.1,28.4,6.20,1013.3
2024-02-25,16.1,33.5,4.50,1014.0
2024-02-26,16.3,35.3,0.00,1014.7
2024-02-27,15.2,32.4,0.00,1014.0
2024-02-28,14.0,29.2,0.00,1012.3
2024-02-29,12.1,31.3,1.20,1012.6
2024-03-01,14.1,30.6,0.70,1013.3
2024-03-02,18.1,37.4,0.00,1012.4
2024-03-03,13.4,29.5,0.00,1011.6
2024-03-04,17.1,37.8,0.00,1011.7
2024-03-05,16.5,34.9,0.20,1012.0
2024-03-06,13.1,30.6,7.00,1011.8
2024-03-07,14.8,31.0,4.90,1011.1
2024-03-08,15.8,32.0,0.30,1011.7
2024-03-09,16.9,34.9,0.00,1012.7
2024-03-10,13.7,29.2,0.20,1014.0
2024-03-11,16.6,35.6,0.00,1013.8
2024-03-12,19.3,40.3,1.50,1011.2
2024-03-13,20.6,43.2,0.80,1010.3
2024-03-14,20.9,40.3,0.40,1010.1
2024-03-15,19.5,37.8,0.70,1010.4
2024-03-16,17.0,34.9,0.00,1012.2
2024-03-17,10.9,28.8,0.60,1012.4
2024-03-18,9.3,25.6,3.20,1011.3
2024-03-19,19.4,43.9,16.00,1011.8
2024-03-20,19.9,39.2,26.70,1013.5
2024-03-21,14.9,34.9,0.70,1011.8
2024-03-22,17.4,36.4,2.90,1009.0
2024-03-23,20.1,41.0,0.00,1008.2
2024-03-24,19.3,39.6,0.00,1010.2
2024-03-25,17.6,37.4,0.00,1010.3
2024-03-26,20.7,42.5,0.00,1010.9
2024-03-27,18.2,37.8,0.00,1012.1
2024-03-28,18.5,39.2,0.00,1009.3
2024-03-29,19.9,41.0,0.00,1008.1
2024-03-30,17.6,37.1,0.00,1009.2
2024-03-31,18.4,37.8,4.40,1009.8
2024-04-01,19.6,39.2,0.00,1006.5
2024-04-02,20.5,41.8,0.00,1005.1
2024-04-03,22.1,44.6,1.40,1006.9
2024-04-04,21.3,43.6,0.00,1006.7
2024-04-05,18.2,36.4,0.00,1004.8
2024-04-06,18.6,40.0,0.00,1005.0
2024-04-07,18.2,42.8,6.00,1006.4
2024-04-08,24.0,47.5,0.00,1010.3
2024-04-09,13.3,25.2,0.00,1010.1
2024-04-10,10.7,21.2,0.80,1009.6
2024-04-11,24.7,50.4,0.50,1011.2
2024-04-12,10.7,24.1,0.00,1010.4
2024-04-13,14.6,28.1,0.00,1009.6
2024-04-14,15.9,32.4,0.40,1009.7
2024-04-15,18.0,36.0,0.00,1008.9
2024-04-16,14.4,30.2,0.80,1006.6
2024-04-17,16.7,32.0,0.00,1004.8
2024-04-18,17.2,35.3,0.00,1004.5
2024-04-19,21.6,41.8,0.00,1003.0
2024-04-20,21.7,44.6,0.00,1002.5
2024-04-21,19.0,38.5,0.00,1003.3
2024-04-22,17.2,30.6,0.80,1004.9
2024-04-23,16.0,33.1,0.10,1004.8
2024-04-24,15.2,32.0,0.00,1004.5
2024-04-25,19.3,38.9,0.00,1004.5
2024-04-26,18.9,41.4,0.00,1004.3
2024-04-27,18.9,40.7,0.00,1004.3
2024-04-28,14.8,39.6,4.10,1004.8
2024-04-29,18.0,36.4,0.00,1005.6
2024-04-30,21.6,44.3,0.00,1002.3
2024-05-01,23.7,47.5,0.00,1000.7
2024-05-02,26.5,56.5,0.00,1001.2
2024-05-03,18.5,38.9,0.00,1003.8
2024-05-04,22.7,46.8,0.10,1004.5
2024-05-05,26.6,52.9,0.00,1002.4
2024-05-06,30.8,60.5,0.20,1003.6
2024-05-07,27.0,53.6,0.80,1007.3
2024-05-08,17.9,36.4,4.20,1007.8
2024-05-09,21.7,43.9,6.60,1006.9
2024-05-10,21.9,42.8,3.40,1007.1
2024-05-11,21.0,42.8,1.90,1007.7
2024-05-12,20.0,37.4,8.50,1007.9
2024-05-13,15.1,32.8,0.70,1007.7
2024-05-14,14.5,31.0,1.60,1007.9
2024-05-15,17.3,33.8,0.90,1008.6
2024-05-16,16.6,33.1,0.30,1008.3
2024-05-17,23.1,45.7,0.00,1006.4
2024-05-18,16.6,36.7,0.00,1004.7
2024-05-19,18.0,37.4,1.20,1003.3
2024-05-20,22.6,44.6,0.80,1003.1
2024-05-21,18.8,40.3,0.20,1003.4
2024-05-22,18.3,38.5,0.00,1003.3
2024-05-23,16.3,34.9,1.20,1001.6
2024-05-24,19.6,39.2,6.90,999.8
2024-05-25,27.0,53.3,10.10,997.0
2024-05-26,27.6,50.0,35.30,993.7
2024-05-27,22.0,43.6,1.40,994.5
2024-05-28,27.0,51.5,0.00,996.3
2024-05-29,27.0,52.2,0.00,998.0
2024-05-30,27.9,52.6,0.20,1000.2
2024-05-31,24.0,45.0,0.70,1001.9
2024-06-01,23.3,45.4,0.50,1003.1
2024-06-02,24.7,49.7,1.80,1004.0
2024-06-03,21.2,42.8,0.00,1003.6
2024-06-04,27.3,51.5,11.10,1003.4
2024-06-05,17.9,33.8,0.00,1003.3
2024-06-06,20.8,41.0,0.00,1003.5
2024-06-07,22.9,45.4,0.00,1002.9
2024-06-08,21.9,43.6,0.00,1001.8
2024-06-09,22.8,45.4,0.00,1000.9
2024-06-10,21.8,43.2,0.00,1001.2
2024-06-11,23.2,46.1,0.00,1000.7
2024-06-12,23.2,45.0,0.00,1001.0
2024-06-13,29.4,57.6,0.00,1000.5
2024-06-14,21.9,41.8,0.00,999.7
2024-06-15,24.0,48.6,0.00,999.5
2024-06-16,19.5,38.9,1.10,1001.1
2024-06-17,25.4,50.8,7.00,1002.0
2024-06-18,29.3,55.8,4.50,1000.6
2024-06-19,23.9,44.3,0.00,999.1
2024-06-20,18.1,34.6,9.60,999.6
2024-06-21,16.2,38.5,15.00,1000.2
2024-06-22,17.3,35.6,13.10,999.6
2024-06-23,18.6,40.3,9.30,1000.3
2024-06-24,20.3,40.7,4.40,1000.0
2024-06-25,16.9,34.2,1.30,999.3
2024-06-26,14.8,32.0,3.80,999.4
2024-06-27,16.3,35.3,4.80,999.6
2024-06-28,18.0,37.1,2.10,999.0
2024-06-29,18.4,37.4,20.90,999.8
2024-06-30,19.4,35.3,19.40,1000.7
2024-07-01,22.4,44.6,9.20,1000.3
2024-07-02,18.8,42.1,7.20,999.4
2024-07-03,13.8,39.2,8.80,1000.4
2024-07-04,22.9,45.0,5.30,1001.8
2024-07-05,23.3,45.7,12.70,1001.0
2024-07-06,21.7,43.6,10.20,1000.4
2024-07-07,13.9,29.9,4.80,1001.3
2024-07-08,16.9,35.3,1.10,1001.7
2024-07-09,21.5,41.8,2.30,1003.3
2024-07-10,23.9,46.8,0.40,1004.3
2024-07-11,21.9,44.6,7.10,1001.9
2024-07-12,19.9,42.1,16.60,999.6
2024-07-13,12.7,31.7,15.80,997.4
2024-07-14,15.8,32.0,9.60,996.3
2024-07-15,17.7,36.7,5.90,997.1
2024-07-16,13.9,29.5,2.90,998.8
2024-07-17,14.5,30.6,2.50,998.8
2024-07-18,26.0,51.8,5.30,996.5
2024-07-19,21.8,44.3,10.30,993.3
2024-07-20,22.9,44.6,8.60,993.2
2024-07-21,23.8,45.0,8.30,996.4
2024-07-22,23.9,46.1,5.80,997.8
2024-07-23,21.6,44.6,17.60,997.1
2024-07-24,21.5,42.5,2.70,994.7
2024-07-25,22.9,44.3,14.60,993.5
2024-07-26,19.4,37.8,12.30,992.8
2024-07-27,18.0,36.4,1.40,994.3
2024-07-28,13.5,27.0,7.90,996.2
2024-07-29,14.1,28.1,23.60,997.6
2024-07-30,19.7,38.9,9.10,1000.0
2024-07-31,17.7,34.2,16.40,1000.2
2024-08-01,20.4,38.9,30.40,999.3
2024-08-02,24.7,50.0,2.60,999.4
2024-08-03,21.9,44.3,3.60,1001.7
2024-08-04,19.2,35.6,5.80,1003.7
2024-08-05,16.0,35.3,18.20,1003.7
2024-08-06,14.6,30.2,23.50,1001.6
2024-08-07,16.0,32.0,4.00,1001.0
2024-08-08,20.0,38.5,14.40,1002.7
2024-08-09,17.0,35.3,20.80,1004.3
2024-08-10,17.2,36.7,23.10,1004.2
2024-08-11,17.3,34.9,14.20,1003.0
2024-08-12,16.6,34.6,3.60,1003.2
2024-08-13,16.9,31.7,22.90,1003.8
2024-08-14,16.4,34.6,17.20,1003.5
2024-08-15,18.5,34.6,39.80,1002.8
2024-08-16,13.9,26.6,37.40,1002.6
2024-08-17,16.2,33.1,42.70,1003.3
2024-08-18,16.2,33.5,18.50,1003.9
2024-08-19,13.9,31.3,6.50,1003.1
2024-08-20,21.2,40.0,17.70,1003.9
2024-08-21,23.7,46.8,12.20,1005.4
2024-08-22,16.9,35.3,15.20,1004.3
2024-08-23,15.5,33.1,28.60,1004.4
2024-08-24,18.1,33.5,21.30,1004.0
2024-08-25,15.3,33.5,4.90,1002.7
2024-08-26,12.7,27.0,19.20,1002.1
2024-08-27,11.6,25.9,13.30,1004.1
2024-08-28,8.6,23.0,28.90,1003.7
2024-08-29,17.5,36.4,1.40,1002.4
2024-08-30,22.6,44.6,3.90,1002.0
2024-08-31,23.7,46.8,3.70,1001.6
2024-09-01,19.7,39.6,4.20,1003.2
2024-09-02,15.9,34.6,11.60,1004.4
2024-09-03,18.4,38.2,1.90,1005.2
2024-09-04,15.6,32.8,1.30,1003.3
2024-09-05,13.6,29.9,0.50,1001.6
2024-09-06,16.6,33.8,5.70,1001.8
2024-09-07,24.8,50.4,25.80,1001.1
2024-09-08,22.5,45.0,13.10,999.4
2024-09-09,34.8,65.5,5.80,995.9
2024-09-10,25.4,50.4,2.40,998.6
2024-09-11,16.3,31.7,1.90,1001.1
2024-09-12,13.0,26.6,6.90,1002.5
2024-09-13,17.0,33.5,21.00,1001.0
2024-09-14,23.6,46.1,15.60,998.9
2024-09-15,28.3,53.3,6.90,998.2
2024-09-16,20.8,40.0,13.00,999.4
2024-09-17,17.8,36.0,21.50,1002.5
2024-09-18,12.9,28.8,1.50,1003.3
2024-09-19,9.1,20.9,0.00,1003.6
2024-09-20,12.7,27.7,0.90,1003.2
2024-09-21,14.0,30.2,0.40,1003.8
2024-09-22,9.0,28.4,21.60,1002.9
2024-09-23,11.9,28.8,42.30,1002.8
2024-09-24,12.3,30.6,24.30,1001.8
2024-09-25,20.6,41.0,35.10,1002.8
2024-09-26,22.4,46.1,21.20,1005.3
2024-09-27,21.6,45.4,14.00,1007.5
2024-09-28,19.5,38.9,4.10,1008.2
2024-09-29,16.8,33.8,4.00,1008.3
2024-09-30,12.6,26.6,1.60,1007.2
2024-10-01,14.9,31.3,0.90,1004.6
2024-10-02,12.7,25.9,16.90,1004.1
2024-10-03,16.0,33.5,0.50,1002.9
2024-10-04,11.1,23.0,0.00,1004.3
2024-10-05,9.3,25.9,1.10,1006.4
2024-10-06,10.8,25.2,2.10,1008.9
2024-10-07,10.7,24.1,2.50,1010.9
2024-10-08,8.2,20.9,6.70,1011.4
2024-10-09,12.9,27.4,1.30,1009.7
2024-10-10,13.6,27.7,0.00,1008.7
2024-10-11,10.5,22.7,0.10,1008.5
2024-10-12,9.3,19.8,0.80,1009.5
2024-10-13,12.7,27.4,0.30,1009.9
2024-10-14,12.1,25.6,0.10,1009.7
2024-10-15,10.2,23.8,0.20,1009.2
2024-10-16,12.6,26.6,0.40,1009.1
2024-10-17,11.1,26.3,1.90,1009.2
2024-10-18,13.1,29.9,0.30,1009.1
2024-10-19,9.2,20.9,23.70,1010.2
2024-10-20,12.0,27.0,3.30,1011.1
2024-10-21,14.9,30.6,0.00,1010.3
2024-10-22,16.6,33.8,0.00,1009.5
2024-10-23,24.6,46.4,39.20,1006.9
2024-10-24,44.9,83.5,99.10,996.4
2024-10-25,29.7,55.1,46.10,1000.3
2024-10-26,14.3,29.5,7.00,1005.3
2024-10-27,13.9,30.2,3.20,1006.7
2024-10-28,10.0,28.4,7.00,1007.1
2024-10-29,10.0,23.0,2.20,1008.1
2024-10-30,11.5,24.5,0.80,1009.7
2024-10-31,12.4,22.7,0.00,1010.4
2024-11-01,17.1,32.8,4.00,1011.4
2024-11-02,10.1,21.2,0.00,1012.2
2024-11-03,8.3,19.1,0.00,1012.2
2024-11-04,9.5,21.6,0.00,1011.5
2024-11-05,12.2,27.7,1.50,1012.2
2024-11-06,14.8,29.9,1.60,1012.5
2024-11-07,13.2,28.1,0.90,1012.3
2024-11-08,14.3,29.2,0.40,1012.3
2024-11-09,13.4,28.1,0.00,1012.3
2024-11-10,19.5,38.9,0.00,1012.0
2024-11-11,19.5,38.2,0.50,1011.7
2024-11-12,16.3,35.6,3.50,1011.6
2024-11-13,16.8,32.8,0.00,1010.9
2024-11-14,15.6,31.0,0.00,1012.2
2024-11-15,10.2,23.0,0.00,1012.1
2024-11-16,14.8,29.5,0.00,1011.7
2024-11-17,10.5,20.5,0.00,1011.8
2024-11-18,11.2,20.9,0.00,1012.6
2024-11-19,12.2,25.6,0.00,1013.1
2024-11-20,8.9,20.9,0.00,1012.5
2024-11-21,7.8,16.9,0.00,1012.4
2024-11-22,11.7,23.4,0.00,1012.5
2024-11-23,12.3,24.1,0.00,1013.5
2024-11-24,13.2,25.9,0.00,1013.5
2024-11-25,14.8,30.6,0.00,1013.3
2024-11-26,12.0,24.5,0.00,1012.9
2024-11-27,17.9,34.9,0.00,1012.1
2024-11-28,22.4,42.8,0.00,1012.0
2024-11-29,21.7,40.7,9.80,1012.2
2024-11-30,18.5,35.3,0.60,1011.3
2024-12-01,18.5,36.7,0.00,1010.1
2024-12-02,16.9,33.8,11.10,1010.8
2024-12-03,14.5,30.2,0.00,1012.1
2024-12-04,14.6,29.9,0.00,1012.1
2024-12-05,12.5,25.9,0.00,1012.0
2024-12-06,11.1,24.5,1.20,1011.4
2024-12-07,11.4,23.8,0.40,1011.7
2024-12-08,13.7,27.0,0.00,1011.9
2024-12-09,12.2,24.8,0.00,1011.4
2024-12-10,11.7,23.8,1.10,1012.2
2024-12-11,16.6,34.2,0.00,1013.6
2024-12-12,12.0,27.0,0.00,1012.9
2024-12-13,14.8,31.3,0.00,1013.2
2024-12-14,20.5,40.0,0.00,1014.9
2024-12-15,15.9,32.8,0.00,1015.7
2024-12-16,13.9,29.2,0.00,1014.5
2024-12-17,14.3,29.2,0.00,1013.3
2024-12-18,15.7,32.0,0.00,1012.4
2024-12-19,19.8,39.6,0.00,1012.9
2024-12-20,14.8,28.1,4.70,1012.3
2024-12-21,17.7,31.3,50.50,1012.5
2024-12-22,17.3,33.8,0.00,1013.0
2024-12-23,17.5,33.8,0.00,1013.2
2024-12-24,16.7,33.5,6.50,1014.0
2024-12-25,13.4,24.8,15.50,1015.9
2024-12-26,13.8,27.7,0.10,1017.5
2024-12-27,18.0,35.3,0.00,1017.5
2024-12-28,10.3,23.8,0.00,1016.3
2024-12-29,10.3,20.9,0.00,1015.6
2024-12-30,12.8,27.7,0.00,1015.8
2024-12-31,13.4,28.4,0.00,1016.1
2025-01-01,14.5,29.5,0.00,1014.8
2025-01-02,15.7,32.4,0.00,1014.9
2025-01-03,13.4,28.4,0.00,1015.1
2025-01-04,12.5,27.4,0.00,1013.8
2025-01-05,13.3,26.6,0.00,1014.1
2025-01-06,9.5,17.6,0.00,1013.5
2025-01-07,10.5,22.3,0.00,1012.6
2025-01-08,14.5,29.2,0.00,1013.5
2025-01-09,13.4,28.8,0.00,1016.1
2025-01-10,14.9,31.0,0.00,1017.7
2025-01-11,14.3,30.2,0.00,1017.3
2025-01-12,10.2,22.3,0.00,1016.4
2025-01-13,9.6,20.5,0.00,1014.5
2025-01-14,16.4,33.5,0.00,1016.4
2025-01-15,14.4,30.6,0.00,1017.2
2025-01-16,15.0,29.5,0.00,1016.7
2025-01-17,14.1,29.9,0.00,1015.6
2025-01-18,14.0,29.5,0.00,1015.0
2025-01-19,11.1,25.2,0.00,1014.0
2025-01-20,11.4,23.8,0.00,1012.4
2025-01-21,10.8,22.3,0.00,1011.6
2025-01-22,11.9,24.8,0.00,1012.1
2025-01-23,11.7,24.5,0.00,1012.5
2025-01-24,12.7,26.6,0.00,1011.9
2025-01-25,13.8,29.2,0.00,1012.5
2025-01-26,14.4,29.2,0.50,1012.5
2025-01-27,14.6,30.2,0.50,1011.1
2025-01-28,14.0,29.9,0.20,1011.8
2025-01-29,16.3,31.3,0.20,1013.8
2025-01-30,22.9,43.9,0.00,1011.2
2025-01-31,18.6,37.1,0.00,1010.5
2025-02-01,15.6,30.6,0.00,1011.1
2025-02-02,15.4,27.7,0.00,1011.1
2025-02-03,17.7,35.3,0.00,1011.6
2025-02-04,14.2,29.5,0.00,1012.2
2025-02-05,16.6,30.6,0.30,1010.6
2025-02-06,15.2,32.0,0.10,1011.1
2025-02-07,15.3,32.4,0.00,1013.0
2025-02-08,17.3,36.0,0.00,1013.2
2025-02-09,13.0,29.2,0.00,1013.0
2025-02-10,17.8,36.0,0.10,1013.1
2025-02-11,21.2,40.7,0.00,1012.1
2025-02-12,16.5,31.7,0.00,1011.3
2025-02-13,13.8,28.8,0.00,1010.7
2025-02-14,17.5,36.0,0.00,1011.4
2025-02-15,16.2,33.8,0.00,1011.1
2025-02-16,20.5,39.6,0.00,1011.5
2025-02-17,18.9,37.4,0.00,1012.8
2025-02-18,19.5,38.9,1.80,1012.4
2025-02-19,17.2,36.0,3.20,1011.4
2025-02-20,18.7,38.2,0.80,1012.8
2025-02-21,13.4,30.6,1.10,1013.7
2025-02-22,16.2,32.4,1.10,1013.7
2025-02-23,13.9,29.2,4.00,1014.5
2025-02-24,14.0,28.8,0.40,1015.6
2025-02-25,13.5,27.7,0.20,1016.7
2025-02-26,13.5,29.9,0.10,1016.6
2025-02-27,19.0,37.8,0.00,1014.4
2025-02-28,15.5,33.5,0.10,1013.2
2025-03-01,19.4,37.4,0.00,1011.3
2025-03-02,15.7,31.7,0.00,1008.5
2025-03-03,12.6,29.2,0.00,1009.1
2025-03-04,19.0,37.4,0.00,1009.5
2025-03-05,13.8,26.3,0.10,1008.9
2025-03-06,16.0,32.8,0.00,1010.6
2025-03-07,16.7,33.8,0.00,1009.3
2025-03-08,20.0,39.6,0.00,1008.5
2025-03-09,15.6,33.8,0.00,1011.8
2025-03-10,12.2,28.4,0.00,1014.2
2025-03-11,17.3,34.2,0.00,1012.4
2025-03-12,21.7,41.8,0.00,1008.9
2025-03-13,22.1,41.8,0.00,1007.1
2025-03-14,21.7,42.8,0.00,1008.0
2025-03-15,20.8,39.6,0.00,1009.2
2025-03-16,18.6,36.7,0.00,1009.0
2025-03-17,21.7,41.8,0.00,1008.1
2025-03-18,14.6,32.8,0.00,1009.4
2025-03-19,18.9,37.8,0.00,1012.3
2025-03-20,20.2,41.0,0.00,1013.1
2025-03-21,22.7,45.4,0.20,1013.5
2025-03-22,11.3,35.6,7.90,1014.1
2025-03-23,17.4,41.0,15.90,1014.2
2025-03-24,12.4,27.4,7.90,1012.8
2025-03-25,12.5,24.8,0.00,1009.0
2025-03-26,20.1,39.2,0.00,1006.7
2025-03-27,16.4,34.2,0.00,1005.3
2025-03-28,16.0,30.2,0.00,1004.7
2025-03-29,17.5,35.6,0.20,1005.6
2025-03-30,17.3,36.7,0.00,1008.3
2025-03-31,20.1,40.7,0.00,1008.7
2025-04-01,21.0,41.4,0.00,1008.4
2025-04-02,19.9,40.7,0.00,1009.8
2025-04-03,17.3,35.6,0.00,1010.9
2025-04-04,16.0,30.2,1.60,1010.2
2025-04-05,20.0,37.1,0.00,1008.2
2025-04-06,21.1,43.6,0.00,1007.5
2025-04-07,21.1,38.5,0.10,1009.3
2025-04-08,18.3,37.8,5.20,1011.9
2025-04-09,20.6,49.7,2.00,1010.1
2025-04-10,16.1,36.0,0.20,1006.1
2025-04-11,13.9,31.7,0.50,1004.5
2025-04-12,20.1,42.5,18.20,1006.0
2025-04-13,16.7,37.1,0.00,1007.6
2025-04-14,14.8,32.8,0.00,1008.0
2025-04-15,13.9,29.9,5.60,1009.1
2025-04-16,20.2,39.6,4.90,1008.5
2025-04-17,21.3,41.8,1.90,1006.6
2025-04-18,26.2,49.7,2.30,1005.6
2025-04-19,24.3,47.9,0.00,1004.6
2025-04-20,24.3,47.9,0.50,1005.3
2025-04-21,23.6,46.4,0.00,1007.1
2025-04-22,25.7,49.3,0.00,1007.0
2025-04-23,22.8,45.4,0.00,1004.9
2025-04-24,28.6,52.9,0.00,1004.4
2025-04-25,26.6,51.5,0.00,1005.3
2025-04-26,28.0,53.3,0.00,1006.2
2025-04-27,23.0,40.3,0.00,1007.4
2025-04-28,20.4,40.3,17.40,1007.2
2025-04-29,15.8,34.2,2.20,1007.0
2025-04-30,13.5,31.7,0.00,1007.8
2025-05-01,12.5,35.6,2.90,1009.0
2025-05-02,14.4,32.4,2.20,1008.3
2025-05-03,16.8,34.9,13.30,1006.7
2025-05-04,17.0,33.8,0.00,1005.4
2025-05-05,15.1,31.3,2.10,1005.7
2025-05-06,16.6,38.2,0.90,1006.1
2025-05-07,16.5,31.3,0.00,1005.1
2025-05-08,17.7,36.0,0.00,1005.7
2025-05-09,15.7,33.5,0.00,1006.3
2025-05-10,18.2,35.3,0.20,1006.0
2025-05-11,19.7,37.8,0.00,1004.2
2025-05-12,19.6,40.3,0.00,1002.9
2025-05-13,22.8,45.4,0.00,1003.5
2025-05-14,20.5,40.0,0.00,1004.5
2025-05-15,23.9,46.8,1.30,1004.8
2025-05-16,22.3,45.4,0.70,1004.6
2025-05-17,24.3,46.8,0.00,1005.0
2025-05-18,22.4,43.6,0.00,1005.3
2025-05-19,18.1,37.8,0.50,1004.7
2025-05-20,22.7,49.3,0.60,1003.6
2025-05-21,18.0,36.7,1.10,1004.1
2025-05-22,13.3,27.4,4.90,1003.4
2025-05-23,12.6,28.8,10.20,1001.6
2025-05-24,11.9,29.5,29.90,1001.5
2025-05-25,13.3,29.5,10.80,1001.9
2025-05-26,12.2,26.3,5.30,1000.4
2025-05-27,18.2,35.3,23.20,997.0
2025-05-28,17.4,36.0,43.10,994.1
2025-05-29,24.4,46.8,31.40,993.1
2025-05-30,22.8,43.2,7.50,996.6
2025-05-31,19.5,37.4,3.80,999.5
2025-06-01,17.4,38.2,0.50,999.4
2025-06-02,21.3,37.4,0.00,1000.1
2025-06-03,17.5,32.8,0.60,1001.5
2025-06-04,16.4,33.8,1.40,1003.0
2025-06-05,21.0,42.8,9.20,1004.8
2025-06-06,16.9,35.3,5.90,1005.2
2025-06-07,16.6,30.2,0.90,1004.4
2025-06-08,14.9,30.6,0.40,1002.4
2025-06-09,13.3,36.4,1.50,1000.8
2025-06-10,16.4,31.3,4.80,1000.0
2025-06-11,20.6,40.3,2.70,1000.4
2025-06-12,19.3,37.4,4.90,1001.1
2025-06-13,12.3,27.4,3.00,1001.8
2025-06-14,21.2,39.6,3.60,1000.7
2025-06-15,14.7,29.5,15.30,999.1
2025-06-16,12.8,26.3,19.80,999.0
2025-06-17,20.4,41.4,12.20,999.1
2025-06-18,24.0,46.1,10.00,999.1
2025-06-19,29.8,56.9,11.90,999.7
2025-06-20,20.8,38.9,21.30,1000.9
2025-06-21,16.3,36.7,3.00,1000.5
2025-06-22,13.7,27.7,12.80,999.5
2025-06-23,14.5,30.6,9.60,997.7
2025-06-24,16.2,33.1,15.40,996.8
2025-06-25,15.2,30.2,22.40,997.1
2025-06-26,23.5,42.5,8.30,999.1
2025-06-27,21.8,42.5,25.20,1000.6
2025-06-28,22.6,43.9,33.10,999.3
2025-06-29,28.9,52.6,6.90,997.0
2025-06-30,22.3,41.0,4.20,996.3
2025-07-01,18.9,37.4,15.10,997.0
2025-07-02,19.5,36.4,18.40,997.7
2025-07-03,18.1,34.6,15.00,999.2
2025-07-04,18.2,39.2,31.90,999.9
2025-07-05,19.6,38.9,23.00,998.9
2025-07-06,20.1,36.7,14.70,996.9
2025-07-07,19.5,41.4,14.70,996.6
2025-07-08,25.0,49.0,1.60,997.4
2025-07-09,21.7,40.0,1.70,998.6
2025-07-10,22.1,41.8,1.70,998.9
2025-07-11,16.7,33.1,2.80,999.1
2025-07-12,19.9,38.2,7.00,999.7
2025-07-13,13.4,26.3,23.90,1000.0
2025-07-14,13.6,33.1,29.40,1000.0
2025-07-15,18.2,36.7,4.00,1000.1
2025-07-16,18.1,35.6,14.60,1001.6
2025-07-17,19.8,39.2,4.10,1003.3
2025-07-18,16.0,33.1,2.40,1002.6
2025-07-19,16.4,31.7,14.00,999.6
2025-07-20,13.3,28.4,1.70,998.7
2025-07-21,13.9,29.9,2.60,999.7
2025-07-22,12.4,27.7,5.70,998.4
2025-07-23,12.9,28.1,3.40,995.4
2025-07-24,15.9,29.9,26.10,993.5
2025-07-25,22.0,38.9,38.60,992.6
2025-07-26,25.4,52.6,3.40,995.7
2025-07-27,20.3,37.8,1.00,998.3
2025-07-28,20.8,41.4,0.20,998.8
2025-07-29,17.4,31.3,12.70,999.0
2025-07-30,18.1,34.6,10.20,999.7
2025-07-31,17.3,32.4,4.20,1000.5
2025-08-01,16.0,32.0,5.90,1000.8
2025-08-02,17.5,33.1,2.30,1001.6
2025-08-03,23.7,45.4,9.10,1004.2
2025-08-04,20.5,40.7,2.00,1005.3
2025-08-05,19.6,36.7,5.70,1005.3
2025-08-06,14.6,31.0,0.50,1004.3
2025-08-07,17.1,34.6,9.50,1003.4
2025-08-08,17.7,33.5,15.00,1005.8
2025-08-09,18.2,35.3,2.80,1007.1
2025-08-10,20.4,39.2,0.20,1005.4
2025-08-11,14.5,29.2,10.30,1003.6
2025-08-12,12.2,26.6,5.40,1001.3
2025-08-13,18.2,34.6,5.80,1001.6
2025-08-14,19.9,38.5,6.10,1001.3
2025-08-15,18.4,35.6,5.90,1000.2
2025-08-16,17.3,33.8,10.80,999.6
2025-08-17,24.5,45.7,6.70,999.7
2025-08-18,28.6,53.6,20.60,999.6
2025-08-19,23.3,45.4,16.10,999.8
2025-08-20,21.4,39.6,3.40,1001.6
2025-08-21,19.2,36.7,20.90,1003.6
2025-08-22,20.8,39.6,48.20,1002.1
2025-08-23,22.3,44.3,36.90,1001.1
2025-08-24,17.7,34.9,7.10,1002.7
2025-08-25,11.9,25.9,35.80,1002.6
2025-08-26,18.5,37.4,8.30,1001.9
2025-08-27,25.6,45.4,2.90,1000.5
2025-08-28,26.7,49.0,5.60,1001.9
2025-08-29,21.8,41.0,5.90,1004.0
2025-08-30,21.4,38.2,23.20,1005.0
2025-08-31,10.9,25.6,5.20,1003.1
2025-09-01,11.9,26.3,0.60,1000.1
2025-09-02,11.3,24.5,15.00,999.4
2025-09-03,23.6,43.6,27.00,999.2
2025-09-04,15.4,28.8,17.00,1002.4
2025-09-05,14.9,29.9,10.70,1004.5
2025-09-06,13.2,27.7,4.40,1005.8
2025-09-07,14.5,30.2,0.60,1005.1
2025-09-08,12.7,26.3,2.50,1004.8
2025-09-09,13.8,28.4,0.90,1005.6
2025-09-10,14.5,31.0,5.70,1005.0
2025-09-11,15.2,31.0,8.90,1004.5
2025-09-12,15.8,33.8,9.60,1005.1
2025-09-13,15.9,33.8,12.90,1006.2
2025-09-14,14.7,32.0,12.60,1006.5
2025-09-15,18.1,35.6,15.20,1005.8
2025-09-16,20.5,37.4,7.50,1006.2
2025-09-17,19.3,37.8,3.30,1006.4
2025-09-18,14.3,28.8,8.30,1006.1
2025-09-19,11.1,25.6,7.50,1005.8
2025-09-20,10.8,27.0,11.50,1004.2
2025-09-21,7.5,21.6,9.40,1003.1
2025-09-22,8.4,19.8,7.40,1003.3
2025-09-23,11.5,27.7,5.30,1002.2
2025-09-24,10.2,21.2,2.80,999.8
2025-09-25,12.1,24.8,0.90,1000.1
2025-09-26,20.9,37.8,32.00,1000.1
2025-09-27,25.5,50.4,17.90,1003.5
2025-09-28,11.9,24.8,13.70,1005.2
2025-09-29,10.7,25.6,11.40,1003.9
2025-09-30,10.0,22.0,0.00,1002.1
2025-10-01,21.8,43.9,11.60,1001.5
2025-10-02,35.6,66.2,36.60,1002.0
2025-10-03,35.1,63.7,16.00,1005.5
2025-10-04,24.1,46.1,8.20,1007.3
2025-10-05,18.9,35.6,11.80,1007.8
2025-10-06,9.0,20.9,33.10,1008.7
2025-10-07,7.2,18.4,6.60,1008.6
2025-10-08,9.2,20.5,9.40,1008.9
2025-10-09,8.3,23.4,6.90,1009.3
2025-10-10,10.0,25.2,7.60,1008.5
2025-10-11,13.3,31.7,2.30,1008.5
2025-10-12,18.7,36.0,1.60,1008.9
2025-10-13,17.4,32.8,0.10,1009.7
2025-10-14,16.6,32.0,0.10,1008.8
2025-10-15,14.9,29.2,0.00,1008.6
2025-10-16,11.5,24.1,0.10,1009.1
2025-10-17,11.5,24.1,0.00,1010.4
2025-10-18,17.4,33.5,8.40,1009.9
2025-10-19,15.9,31.7,8.10,1009.1
2025-10-20,14.4,31.3,3.40,1009.2
2025-10-21,16.9,34.6,0.20,1010.0
2025-10-22,19.6,37.8,0.20,1010.4
2025-10-23,13.4,26.6,0.20,1010.0
2025-10-24,14.8,30.2,1.00,1009.8
2025-10-25,12.2,25.2,3.30,1009.7
2025-10-26,16.5,32.0,0.00,1009.9
2025-10-27,20.7,37.8,5.70,1009.7
2025-10-28,23.9,48.6,45.60,1008.9
2025-10-29,21.1,40.3,22.30,1008.1
2025-10-30,21.9,38.9,3.40,1009.4
2025-10-31,16.5,32.0,0.20,1009.2
2025-11-01,11.0,25.2,2.60,1008.2
2025-11-02,12.8,24.5,3.60,1008.5
2025-11-03,11.1,21.6,0.20,1008.6
2025-11-04,14.4,27.7,0.00,1008.3
2025-11-05,11.4,22.7,0.00,1007.5
2025-11-06,10.3,18.7,0.00,1008.6
2025-11-07,15.6,30.2,0.10,1010.4
2025-11-08,17.4,33.1,0.00,1011.5
2025-11-09,11.4,23.8,0.00,1011.1
2025-11-10,12.9,26.6,0.00,1011.6
2025-11-11,8.8,19.8,0.00,1012.1
2025-11-12,12.0,24.8,0.00,1013.2
2025-11-13,16.1,31.3,0.00,1014.5
2025-11-14,14.1,28.4,0.00,1014.4
2025-11-15,15.5,30.6,0.00,1015.3
2025-11-16,14.5,28.8,0.00,1016.2
2025-11-17,13.3,27.4,0.00,1015.8
2025-11-18,11.4,24.5,0.00,1013.9
2025-11-19,13.2,24.1,0.00,1013.9
2025-11-20,15.7,30.2,0.00,1014.5
2025-11-21,15.8,30.2,0.00,1015.8
2025-11-22,12.1,24.1,0.00,1014.9
2025-11-23,14.1,27.0,0.00,1015.0
2025-11-24,15.8,31.3,0.00,1015.6
2025-11-25,14.5,29.9,0.00,1015.0
2025-11-26,18.0,34.9,0.00,1015.6
2025-11-27,14.3,29.5,0.00,1015.8
2025-11-28,15.4,28.8,0.00,1014.3
2025-11-29,16.9,30.6,0.00,1013.2
2025-11-30,14.8,27.7,0.00,1013.1
2025-12-01,13.6,27.4,0.00,1013.4
2025-12-02,15.9,30.2,0.00,1013.2
2025-12-03,14.6,28.8,0.00,1014.7
2025-12-04,17.1,33.8,0.00,1015.7
2025-12-05,18.9,37.1,0.00,1016.8
2025-12-06,15.8,31.3,0.00,1016.7
2025-12-07,12.5,27.0,0.00,1016.5
2025-12-08,10.5,23.4,0.00,1015.5
2025-12-09,15.5,31.3,0.00,1015.0
2025-12-10,13.5,29.2,0.00,1015.8
2025-12-11,10.5,23.8,0.00,1014.8
2025-12-12,10.1,23.8,0.00,1014.1
2025-12-13,14.8,27.7,0.00,1014.6
2025-12-14,14.4,27.0,0.00,1015.3
2025-12-15,11.8,23.0,0.00,1015.4
2025-12-16,9.5,19.8,0.00,1015.1
2025-12-17,11.0,20.9,0.00,1015.6
2025-12-18,9.9,23.4,0.00,1015.2
2025-12-19,11.7,24.5,0.00,1013.5
2025-12-20,10.4,24.1,0.00,1013.1
2025-12-21,11.6,23.0,0.00,1014.7
2025-12-22,13.1,27.7,0.00,1014.3
2025-12-23,12.1,24.5,0.00,1013.4
2025-12-24,14.0,28.1,0.00,1013.5
2025-12-25,13.8,29.2,0.00,1014.8
2025-12-26,11.9,24.8,0.00,1014.6
2025-12-27,10.7,23.8,0.00,1014.8
2025-12-28,12.7,24.5,0.00,1015.3
2025-12-29,13.2,25.2,0.00,1015.2
2025-12-30,12.5,24.8,0.00,1014.0
2025-12-31,11.1,25.6,0.00,1012.6
2026-01-01,11.4,23.8,0.00,1013.3
2026-01-02,11.0,23.0,0.00,1014.8
2026-01-03,9.4,20.2,1.50,1015.9
2026-01-04,15.0,28.8,0.00,1016.8
2026-01-05,15.4,29.9,0.00,1017.7
2026-01-06,16.6,33.5,0.00,1018.3
2026-01-07,15.4,32.4,0.00,1018.7
2026-01-08,15.8,32.4,0.00,1018.8
2026-01-09,13.3,28.4,0.00,1017.7
2026-01-10,12.6,27.4,0.00,1016.9
2026-01-11,14.6,30.2,0.00,1018.0
2026-01-12,17.3,34.2,0.00,1018.8
2026-01-13,12.1,24.5,0.00,1017.2
2026-01-14,10.7,21.6,0.00,1015.0
2026-01-15,12.3,26.6,0.00,1014.5
2026-01-16,11.7,24.1,0.00,1014.5
2026-01-17,10.2,22.0,0.00,1012.8
2026-01-18,12.2,24.5,0.00,1012.0
2026-01-19,9.5,18.0,0.00,1013.0
2026-01-20,10.7,22.3,0.00,1013.8
2026-01-21,15.3,29.5,0.00,1014.9
2026-01-22,14.1,29.9,0.00,1016.0
2026-01-23,12.7,25.6,0.00,1017.3
2026-01-24,10.5,20.9,0.00,1017.5
2026-01-25,10.1,21.6,0.00,1016.0
2026-01-26,12.5,25.2,0.00,1017.4
2026-01-27,10.3,19.8,0.00,1017.7
2026-01-28,9.9,22.0,0.00,1016.2
2026-01-29,11.2,24.8,0.00,1015.7
2026-01-30,12.7,28.4,0.00,1016.9
2026-01-31,14.4,29.5,0.00,1017.1
2026-02-01,15.0,31.0,0.00,1017.1
2026-02-02,14.1,29.9,0.00,1016.7
2026-02-03,13.3,29.2,0.00,1017.4
2026-02-04,14.5,30.6,0.00,1017.5
2026-02-05,14.8,30.2,0.00,1017.1
2026-02-06,14.1,28.1,0.00,1016.3
2026-02-07,14.0,29.5,0.00,1014.8
2026-02-08,13.7,26.6,0.00,1014.3
2026-02-09,11.7,22.0,0.00,1014.3
2026-02-10,11.8,24.1,0.00,1015.2
2026-02-11,11.7,25.6,0.00,1016.7
2026-02-12,13.5,27.0,0.00,1015.5
2026-02-13,12.5,25.6,0.00,1014.6
2026-02-14,15.5,30.6,0.00,1013.2
2026-02-15,13.7,29.5,0.30,1012.6
2026-02-16,15.5,31.3,0.00,1013.0
2026-02-17,13.6,28.4,0.00,1013.0
2026-02-18,15.5,31.0,0.00,1013.1
2026-02-19,14.1,28.8,0.00,1014.3
2026-02-20,14.4,29.9,0.00,1014.6
2026-02-21,14.8,29.2,0.00,1011.3
2026-02-22,16.2,30.2,0.00,1009.1
2026-02-23,13.1,29.9,0.20,1008.9
2026-02-24,7.9,19.4,0.50,1010.2
2026-02-25,16.9,33.5,1.80,1011.1
2026-02-26,15.3,32.4,4.20,1009.9
2026-02-27,15.8,29.9,0.00,1008.1
2026-02-28,17.3,33.1,0.00,1007.5
2026-03-01,21.2,40.0,0.00,1007.7
2026-03-02,16.5,33.1,0.10,1008.9
2026-03-03,16.4,32.4,0.00,1010.6
2026-03-04,15.6,30.6,0.00,1010.4
2026-03-05,14.2,29.2,0.00,1008.2
2026-03-06,14.4,31.0,0.00,1008.6
2026-03-07,16.8,34.9,2.40,1010.4
2026-03-08,17.7,36.0,1.90,1011.3
2026-03-09,20.2,40.3,1.90,1012.2
2026-03-10,19.0,38.2,0.00,1012.9
2026-03-11,23.0,44.3,0.50,1011.0
2026-03-12,18.5,36.0,0.00,1008.2
2026-03-13,21.7,42.8,0.00,1008.2
2026-03-14,24.3,47.5,0.00,1009.9
2026-03-15,27.2,51.5,0.00,1010.6
2026-03-16,22.6,45.7,13.30,1009.8
2026-03-17,23.2,44.6,0.00,1010.0
2026-03-18,18.9,37.4,0.00,1010.4
2026-03-19,17.7,32.4,1.00,1010.7
2026-03-20,20.9,43.2,1.50,1009.3
2026-03-21,17.5,37.8,3.00,1010.6
2026-03-22,12.7,34.9,2.80,1011.5
2026-03-23,15.0,32.8,0.00,1011.3
2026-03-24,16.6,36.4,1.50,1009.9
2026-03-25,21.3,40.3,0.00,1009.3
2026-03-26,13.3,27.0,0.00,1009.9
2026-03-27,16.5,34.6,0.00,1007.8
2026-03-28,17.7,35.6,0.50,1006.1
2026-03-29,22.1,42.8,0.00,1006.3
2026-03-30,23.5,45.7,0.00,1007.5
2026-03-31,21.6,40.7,0.10,1008.7
2026-04-01,16.9,33.1,1.30,1009.3
2026-04-02,21.2,41.8,0.00,1009.3
2026-04-03,18.8,37.1,2.10,1008.1
2026-04-04,14.7,33.1,0.00,1007.0
2026-04-05,16.9,37.1,3.50,1007.6
2026-04-06,14.8,35.3,11.70,1008.6
2026-04-07,18.5,33.1,13.40,1009.2
2026-04-08,18.3,36.7,2.30,1008.6
2026-04-09,18.3,38.9,19.80,1009.1
2026-04-10,13.6,29.9,7.30,1010.2
2026-04-11,15.3,28.1,0.20,1009.1
2026-04-12,22.0,42.1,0.00,1007.4
2026-04-13,22.1,43.6,0.00,1007.6
2026-04-14,24.5,46.1,0.00,1007.1
2026-04-15,22.1,42.1,0.00,1005.6
2026-04-16,26.9,51.1,0.00,1005.6
2026-04-17,20.0,41.0,0.00,1007.2
2026-04-18,21.0,41.0,0.00,1006.9
2026-04-19,22.6,43.9,0.00,1005.8
2026-04-20,24.0,46.4,0.00,1004.9
2026-04-21,22.4,43.6,0.60,1004.3
2026-04-22,19.2,33.5,0.00,1004.1
2026-04-23,17.9,36.7,0.00,1004.3
2026-04-24,19.6,40.0,0.00,1005.4
2026-04-25,21.3,42.1,0.00,1007.0
2026-04-26,28.8,53.3,0.10,1005.5
2026-04-27,30.8,58.3,0.00,1003.3
2026-04-28,27.4,52.6,0.00,1003.1
2026-04-29,29.4,55.4,0.00,1004.1
2026-04-30,24.3,47.9,0.90,1006.4
2026-05-01,27.0,49.3,4.10,1005.2
2026-05-02,31.2,58.0,1.70,1003.6
2026-05-03,24.6,47.2,0.50,1005.3
2026-05-04,19.1,37.8,2.50,1007.2
2026-05-05,14.2,32.4,6.60,1008.9
2026-05-06,18.6,36.0,0.40,1006.9
2026-05-07,23.1,47.2,4.30,1007.8
2026-05-08,19.0,38.5,3.10,1008.9
2026-05-09,13.4,29.5,1.10,1008.6
2026-05-10,15.2,39.6,1.90,1008.2
2026-05-11,14.9,32.0,4.90,1007.6
2026-05-12,15.9,33.5,0.10,1006.3
2026-05-13,18.6,37.8,0.00,1004.1
2026-05-14,21.0,40.7,0.00,1003.1
2026-05-15,20.0,40.0,0.00,1002.6
2026-05-16,21.6,42.8,0.00,1003.4
2026-05-17,24.1,46.4,0.00,1003.3
2026-05-18,25.9,50.0,0.70,1002.5
2026-05-19,23.2,46.4,0.30,1001.7
2026-05-20,22.6,43.9,0.00,1000.0
2026-05-21,18.3,37.4,0.00,1000.8
2026-05-22,22.4,43.9,0.50,1003.2
2026-05-23,22.3,42.5,0.00,1003.2
2026-05-24,23.8,46.1,0.00,1003.8
2026-05-25,24.0,47.2,0.00,1004.0
2026-05-26,22.4,45.7,0.10,1003.6
2026-05-27,23.5,46.1,3.30,1004.1
2026-05-28,22.8,45.0,0.80,1004.9
2026-05-29,17.2,34.9,5.60,1005.0
2026-05-30,14.7,32.8,0.90,1005.0
2026-05-31,12.4,28.8,4.60,1005.5
2026-06-01,13.3,32.8,2.10,1006.1
2026-06-02,13.9,27.7,1.70,1005.2
2026-06-03,14.9,32.8,4.00,1002.8
2026-06-04,20.1,39.6,5.40,1001.1
2026-06-05,14.7,32.8,1.90,1000.5
2026-06-06,14.2,31.3,1.20,1001.2
2026-06-07,23.3,42.8,16.30,1002.0
2026-06-08,22.4,41.8,0.60,1000.9
2026-06-09,15.9,31.7,0.00,1000.2
2026-06-10,17.6,34.2,2.60,1000.3
2026-06-11,16.1,28.8,24.30,1002.3
2026-06-12,15.3,37.1,10.00,1004.6
2026-06-13,19.1,37.4,1.80,1003.8
2026-06-14,25.0,46.1,6.00,1002.4
2026-06-15,18.5,29.2,4.70,1002.8
2026-06-16,17.1,34.9,2.10,1003.5
2026-06-17,18.8,33.5,2.40,1004.1
2026-06-18,22.1,42.5,3.60,1003.7
2026-06-19,21.9,51.1,12.50,1004.2
2026-06-20,18.1,32.8,5.00,1004.3
2026-06-21,18.0,38.5,11.50,1003.4
2026-06-22,22.9,45.7,1.70,1003.7
2026-06-23,18.4,35.6,9.90,1001.7
2026-06-24,15.3,27.7,4.10,1001.9
2026-06-25,13.1,30.6,4.00,1002.6
2026-06-26,15.5,31.0,9.10,1003.4
2026-06-27,16.0,32.0,13.00,1003.1
2026-06-28,19.9,39.2,15.30,1002.0
2026-06-29,16.7,38.9,11.20,1001.1
2026-06-30,14.7,26.3,29.40,1001.2
2026-07-01,12.6,27.7,21.90,1000.3
2026-07-02,11.1,22.7,23.20,998.9
2026-07-03,9.4,23.0,16.00,997.7
2026-07-04,15.3,28.8,20.10,993.6
2026-07-05,28.7,52.6,37.20,992.9
2026-07-06,30.7,58.7,6.30,997.3
2026-07-07,33.7,60.8,9.10,1001.3
2026-07-08,29.4,53.6,2.50,1001.8
2026-07-09,31.2,56.2,0.70,1002.5
2026-07-10,24.2,41.0,36.80,1002.4
2026-07-11,18.3,36.0,1.50,1000.6
2026-07-12,21.3,37.1,4.50,998.8
2026-07-13,15.4,30.6,6.50,999.2
2026-07-14,12.6,24.5,18.40,999.9
2026-07-15,17.6,36.0,44.80,999.5
2026-07-16,22.2,41.0,31.30,999.7
2026-07-17,22.9,41.8,10.30,1001.3
2026-07-18,19.2,37.1,7.40,1001.7
2026-07-19,15.6,32.8,7.50,1002.5
2026-07-20,16.3,36.4,15.80,1002.4
2026-07-21,19.3,35.6,71.80,1002.1
2026-07-22,18.4,33.1,23.50,1003.0
2026-07-23,21.6,43.6,24.80,1003.3
2026-07-24,18.5,37.4,22.10,1001.9
2026-07-25,18.3,36.0,49.30,1000.0
2026-07-26,19.5,35.3,69.80,997.7
2026-07-27,21.5,45.4,42.70,996.3
2026-07-28,29.5,55.4,26.00,995.0
2026-07-29,25.0,46.4,5.10,996.2
2026-07-30,29.2,53.6,3.30,997.8
2026-07-31,24.7,46.4,4.00,1000.8
2026-08-01,22.3,42.5,8.40,1001.4
2026-08-02,14.5,27.4,21.80,1001.9
2026-08-03,17.1,34.6,44.50,1002.7
2026-08-04,13.6,27.7,12.30,1002.9
2026-08-05,14.2,30.2,14.80,1001.5
2026-08-06,14.8,22.7,34.90,1001.0
2026-08-07,11.3,25.2,42.70,999.7
2026-08-08,16.9,34.9,9.00,1000.1
2026-08-09,12.1,25.6,14.80,1001.2
2026-08-10,13.7,29.5,13.50,1000.9
2026-08-11,17.4,31.7,37.30,1000.3
2026-08-12,17.9,29.5,32.90,1001.4
2026-08-13,20.3,38.5,17.90,1001.0
2026-08-14,19.0,37.4,26.60,1000.5
2026-08-15,17.5,34.9,57.80,999.6
2026-08-16,20.1,34.2,58.40,999.2
2026-08-17,22.5,45.0,28.10,1001.6
2026-08-18,22.3,43.6,13.60,1002.9
2026-08-19,17.5,32.8,7.70,1003.2
2026-08-20,12.8,26.6,2.10,1002.9
2026-08-21,14.2,29.9,16.30,1001.9
2026-08-22,15.7,31.3,80.30,1000.7
2026-08-23,14.1,24.5,67.60,1000.3
2026-08-24,23.5,43.6,7.60,1000.5
2026-08-25,20.1,40.0,3.80,1001.8
2026-08-26,15.3,29.5,45.30,1002.2
2026-08-27,17.4,34.2,18.40,1001.4
2026-08-28,16.8,33.5,17.90,1001.0
2026-08-29,17.6,30.2,28.00,1000.0
2026-08-30,17.5,32.0,58.00,999.3
2026-08-31,21.3,42.1,37.60,999.1
